date_time,open,high,low,close,volume
2009-09-28 09:53:14,50.79,51.15,50.71,51.15,34668
2009-09-28 10:02:52,51.13,51.26,51.08,51.25,43141
2009-09-28 10:22:24,51.25,51.29,51.1873,51.1961,51350
2009-09-28 10:38:44,51.25,51.38,51.23,51.365,39237
2009-09-28 11:24:29,51.365,51.365,51.27,51.32,52260
2009-09-28 11:52:17,51.33,51.43600000000001,51.32,51.43,58842
2009-09-28 12:56:55,51.43,51.51,51.406000000000006,51.43,37529
2009-09-28 13:51:01,51.418,51.6,51.4104,51.54,36937
2009-09-28 14:18:53,51.54,51.55,51.4148,51.47,50791
2009-09-28 14:57:19,51.47,51.53,51.44,51.464,63984
2009-09-28 15:51:06,51.471,51.5282,51.379,51.41,44895
2009-09-29 09:39:26,51.42,51.84,51.4115,51.75,38458
2009-09-29 10:00:32,51.78,51.96,51.67,51.68,24017
2009-09-29 10:17:44,51.68,51.778,51.52,51.71,22340
2009-09-29 10:47:56,51.7,51.8075,51.64,51.6791,22484
2009-09-29 11:31:33,51.681999999999995,51.681999999999995,51.42,51.5799,19000
2009-09-29 12:29:20,51.57,51.59,51.37,51.5086,38072
2009-09-29 13:45:37,51.5086,51.77,51.504,51.74,31715
2009-09-29 15:09:13,51.74,51.76,51.585,51.67,35592
2009-09-29 15:51:44,51.67,51.678999999999995,51.48,51.51,35942
2009-09-30 09:43:21,51.51,51.69,51.34,51.34,32115
2009-09-30 09:56:53,51.34,51.38,50.89,50.89,30134
2009-09-30 10:15:07,50.9,50.92,50.78,50.9,28565
2009-09-30 11:15:55,50.892,50.9697,50.78,50.94,27867
2009-09-30 12:08:26,50.9486,51.076,50.91,51.0,28612
2009-09-30 13:21:56,51.0,51.5196,50.9967,51.46,36062
2009-09-30 14:49:59,51.466,51.466,51.28,51.37,39334
2009-09-30 15:30:09,51.36,51.36,50.928,50.961000000000006,30517
2009-09-30 15:57:26,50.9475,51.29,50.9475,51.28,24434
2009-10-01 09:37:14,51.28,51.29,50.75,50.77,34650
2009-10-01 10:00:04,50.77,50.9025,50.76,50.79,38806
2009-10-01 10:00:53,50.8,50.8,50.54,50.57,41879
2009-10-01 10:06:07,50.62,50.76,50.48,50.48,31930
2009-10-01 10:25:11,50.48,50.63,50.46,50.6,31831
2009-10-01 11:04:31,50.6,50.66,50.42,50.45,29723
2009-10-01 11:28:08,50.43,50.46,50.28,50.3,52634
2009-10-01 12:01:11,50.3,50.328,50.24,50.2909,27575
2009-10-01 13:09:57,50.28,50.39,50.2,50.2,29493
2009-10-01 13:41:28,50.19,50.19,50.07,50.19,32736
2009-10-01 14:34:02,50.23,50.316,50.13,50.21,47008
2009-10-01 15:06:59,50.2048,50.2582,50.08,50.08,31107
2009-10-01 15:27:15,50.089,50.12,50.0,50.0,45657
2009-10-01 15:51:50,50.0,50.14,49.9405,49.959,34714
2009-10-01 15:59:48,49.94,49.96,49.78,49.78,23428
2009-10-02 09:41:02,49.81,50.3166,49.19,49.37,137982
2009-10-02 09:54:27,49.37,49.461000000000006,49.23,49.43,20762
2009-10-02 10:08:10,49.42,49.5,49.26,49.45,21206
2009-10-02 10:22:22,49.448,49.49,49.315,49.48,29660
2009-10-02 10:34:31,49.48,49.73,49.47,49.73,25467
2009-10-02 10:39:52,49.73,49.81,49.72,49.74,96014
2009-10-02 10:47:48,49.74,49.76,49.62,49.64,61462
2009-10-02 11:14:09,49.63,49.63,49.47,49.56,27987
2009-10-02 11:58:57,49.52,49.67,49.4215,49.45,27074
2009-10-02 12:52:12,49.46,49.7,49.46,49.62,42089
2009-10-02 13:59:37,49.6,49.81,49.57,49.75,32455
2009-10-02 15:01:28,49.7388,49.8,49.65,49.6502,35235
2009-10-02 15:43:32,49.6414,49.67,49.54,49.5882,39848
2009-10-05 09:37:43,49.58,49.84,49.44,49.68,36243
2009-10-05 10:14:03,49.69,50.19,49.65,49.9,21927
2009-10-05 11:31:17,49.91,50.22,49.87,50.152,37128
2009-10-05 12:41:17,50.138000000000005,50.2,50.05,50.2,33362
2009-10-05 14:13:17,50.22,50.2995,50.20399999999999,50.25,44258
2009-10-05 14:46:54,50.25,50.47,50.1901,50.4615,44757
2009-10-05 15:25:07,50.48,50.59,50.4667,50.51,60176
2009-10-05 15:59:53,50.512,50.53,50.43,50.48,34621
2009-10-06 10:25:20,50.47,51.33,50.47,51.27,30457
2009-10-06 12:25:59,51.2729,51.47,51.16,51.356,30657
2009-10-06 13:46:33,51.388000000000005,51.4275,51.05,51.05,53272
2009-10-06 14:38:07,51.0592,51.0897,50.7525,50.8725,30018
2009-10-06 15:45:14,50.9076,51.2344,50.87,51.03,40860
2009-10-07 09:31:43,51.0219,51.17,50.94,50.99,52169
2009-10-07 09:59:41,50.96,51.18,50.92,51.0616,26859
2009-10-07 10:52:22,51.09,51.25,51.0,51.09,38761
2009-10-07 12:10:20,51.1605,51.3084,51.023999999999994,51.1,53342
2009-10-07 13:46:47,51.0897,51.16,51.03,51.0895,28994
2009-10-07 14:59:03,51.032,51.13,50.98,51.13,32961
2009-10-07 15:46:18,51.12,51.27,51.0617,51.226000000000006,40918
2009-10-08 09:46:26,51.2292,51.74,51.22,51.6152,52354
2009-10-08 11:13:31,51.6264,51.6996,51.43,51.6785,34635
2009-10-08 12:26:18,51.6826,51.8654,51.6826,51.8,38948
2009-10-08 13:22:07,51.84,51.86,51.6825,51.73,47103
2009-10-08 14:54:00,51.74,51.7582,51.54,51.68,42052
2009-10-08 15:53:33,51.6648,51.7367,51.53,51.59,40828
2009-10-09 10:26:33,51.59,51.72,51.47,51.65,40566
2009-10-09 11:52:13,51.655,51.7299,51.6,51.64,52186
2009-10-09 14:21:44,51.6504,51.7298,51.535,51.6748,33593
2009-10-09 15:32:05,51.6756,51.85,51.654,51.7691,35602
2009-10-12 09:36:46,51.77,52.22,51.75,52.18,29260
2009-10-12 10:50:33,52.16,52.21,52.05,52.14,39166
2009-10-12 12:09:20,52.13,52.198,52.104,52.1465,40330
2009-10-12 14:20:37,52.188,52.2252,52.05,52.06,45317
2009-10-12 14:58:26,52.06,52.06,51.93,51.962,30171
2009-10-12 15:41:54,51.96,52.14,51.96,52.0399,30684
2009-10-13 09:42:31,52.04,52.15,51.86,51.91,53483
2009-10-13 10:52:07,51.91,51.91,51.6301,51.7177,32819
2009-10-13 12:09:08,51.72,52.029,51.6933,52.0,30508
2009-10-13 13:36:44,51.9999,52.02,51.91,51.91,40247
2009-10-13 14:41:15,51.9177,51.93,51.75,51.89,26393
2009-10-13 15:45:57,51.89,52.0182,51.86,51.941,28980
2009-10-14 09:45:49,51.93,52.68,51.9009,52.53,27114
2009-10-14 10:14:35,52.52,52.55,52.42,52.51,20961
2009-10-14 10:31:35,52.51,52.5116,52.37,52.4,26644
2009-10-14 11:30:39,52.39,52.639,52.39,52.59,29398
2009-10-14 12:16:31,52.59,52.6782,52.5809,52.63,29188
2009-10-14 12:59:15,52.63,52.6598,52.562,52.6598,46315
2009-10-14 13:32:02,52.6598,52.744,52.6556,52.681999999999995,28481
2009-10-14 14:22:53,52.68,52.7499,52.6725,52.7367,31535
2009-10-14 15:05:38,52.728,52.84,52.67,52.83,27255
2009-10-14 15:32:15,52.8264,53.0,52.82,53.0,25158
2009-10-14 15:54:04,52.9941,53.02,52.92,52.97,41130
2009-10-15 09:56:11,52.97,53.01,52.65,52.8,30094
2009-10-15 10:27:48,52.8252,52.8675,52.7348,52.79,24533
2009-10-15 11:51:26,52.78,52.81,52.65,52.766000000000005,36505
2009-10-15 13:32:49,52.742,52.85,52.7004,52.7944,35782
2009-10-15 14:35:53,52.81,52.89,52.7548,52.89,31200
2009-10-15 15:26:01,52.87,52.998000000000005,52.86,52.8792,44023
2009-10-16 09:34:49,52.86,53.0822,52.39,52.43,28863
2009-10-16 10:01:09,52.44,52.5699,52.27,52.27,28896
2009-10-16 10:41:56,52.27,52.37,52.191,52.191,22715
2009-10-16 11:43:40,52.24,52.39,52.18,52.3,35999
2009-10-16 12:53:44,52.3,52.3691,52.27,52.36,42772
2009-10-16 13:49:11,52.37,52.58,52.35,52.58,43576
2009-10-16 14:43:04,52.57,52.62,52.42,52.48,40131
2009-10-16 15:47:17,52.49,52.66,52.4804,52.568000000000005,35828
2009-10-19 09:37:04,52.5415,52.7,52.42,52.64,49955
2009-10-19 11:18:07,52.6,52.86,52.3975,52.84,29207
2009-10-19 12:53:46,52.8392,52.97,52.813,52.95,47602
2009-10-19 14:12:09,52.95,53.02,52.88,52.99100000000001,32407
2009-10-19 15:05:08,53.01,53.05,52.9309,52.9767,33498
2009-10-20 09:30:02,52.971,52.998000000000005,52.8,52.87,29125
2009-10-20 10:07:43,52.95,52.95,52.6101,52.7788,37375
2009-10-20 11:14:38,52.77,52.79,52.5956,52.7191,47513
2009-10-20 12:50:34,52.75,52.76,52.38,52.49,42018
2009-10-20 14:27:57,52.49,52.56,52.3708,52.466,36304
2009-10-20 15:23:08,52.466,52.55,52.41,52.45,37216
2009-10-21 09:36:56,52.45,52.61,52.41,52.61,38223
2009-10-21 10:07:48,52.61,52.918,52.61,52.91,33265
2009-10-21 11:33:24,52.8885,52.968999999999994,52.73,52.788999999999994,38754
2009-10-21 13:27:16,52.7591,52.8152,52.59,52.6225,52293
2009-10-21 15:13:35,52.6316,52.7385,52.542,52.69,27800
2009-10-21 15:35:03,52.691,52.691,52.1,52.126999999999995,34494
2009-10-21 15:41:48,52.1,52.18,52.04,52.11,45174
2009-10-21 15:56:57,52.11,52.11,51.83,51.8377,60833
2009-10-22 09:43:00,51.84,52.02,51.77,51.964,41790
2009-10-22 10:40:36,51.96,51.96,51.55,51.73,31451
2009-10-22 12:00:00,51.73,52.0,51.71,51.9,45963
2009-10-22 13:41:21,51.8808,52.0714,51.822,51.978,46035
2009-10-22 14:39:00,51.9728,52.42,51.95,52.42,35266
2009-10-22 15:39:56,52.4001,52.61,52.3346,52.48,36732
2009-10-23 09:36:28,52.45,52.556999999999995,52.29,52.29,40485
2009-10-23 10:14:20,52.3,52.51,52.1,52.15,34654
2009-10-23 11:40:28,52.1791,52.225,51.71,51.8689,34511
2009-10-23 13:00:44,51.8698,52.03,51.8304,51.86,63141
2009-10-23 14:43:54,51.824,51.92,51.54,51.745,35079
2009-10-23 15:32:15,51.7475,51.799,51.57,51.5753,33358
2009-10-26 09:35:28,51.5682,51.86,51.48,51.75,39548
2009-10-26 10:42:41,51.7411,52.1534,51.72,51.979,29772
2009-10-26 11:37:04,51.9691,52.045,51.22,51.22,44909
2009-10-26 11:59:21,51.2,51.276,50.97,50.97,51266
2009-10-26 13:02:44,51.01,51.1412,50.87,51.122,43762
2009-10-26 14:04:33,51.114,51.155,50.9552,51.051,33337
2009-10-26 14:42:55,51.051,51.086000000000006,50.85,50.89,34637
2009-10-26 15:28:02,50.9,50.9923,50.78,50.81,41926
2009-10-27 09:32:38,50.78,51.09,50.76,51.09,31713
2009-10-27 10:00:00,51.08,51.12,50.845,50.92,33271
2009-10-27 10:03:41,50.91,50.92,50.56,50.63,35788
2009-10-27 10:35:45,50.62,50.998000000000005,50.54,50.93,30220
2009-10-27 11:46:37,50.9161,51.07,50.83,50.97,29482
2009-10-27 13:03:00,50.96,51.01,50.76,50.8296,34495
2009-10-27 13:12:10,50.81,50.848,50.64,50.76,30560
2009-10-27 13:51:38,50.76,50.766000000000005,50.56,50.72,25274
2009-10-27 14:32:59,50.72,50.79,50.5622,50.73,29973
2009-10-27 15:20:01,50.73,50.9,50.67,50.82,39402
2009-10-27 15:45:55,50.8112,50.8112,50.59,50.72,28971
2009-10-28 09:41:58,50.72,50.72,50.43,50.4897,33011
2009-10-28 10:01:09,50.48,50.64,50.198,50.31,34601
2009-10-28 10:48:36,50.31,50.43,50.17,50.19,41539
2009-10-28 11:31:56,50.19,50.25,50.0,50.2015,43979
2009-10-28 12:16:01,50.1874,50.216,50.0518,50.1,34654
2009-10-28 12:52:09,50.1,50.14,49.87,49.87,30582
2009-10-28 13:36:41,49.87,50.1999,49.85,50.05,30872
2009-10-28 14:28:01,50.0615,50.17,49.8854,49.95,29768
2009-10-28 15:00:15,49.95,49.9854,49.82,49.85,34624
2009-10-28 15:35:01,49.85,49.95399999999999,49.73,49.73,44809
2009-10-29 09:30:00,49.73,50.48,49.65,50.16,42423
2009-10-29 10:08:03,50.16,50.3585,49.99,50.34,39947
2009-10-29 11:01:23,50.354,50.41,50.1922,50.3791,35142
2009-10-29 11:47:25,50.3572,50.45,50.3292,50.3699,32812
2009-10-29 13:58:44,50.368,50.76,50.3409,50.6936,40543
2009-10-29 15:06:14,50.712,50.913999999999994,50.654,50.913999999999994,47799
2009-10-29 15:58:19,50.93,50.9325,50.6946,50.86,38637
2009-10-30 09:42:45,50.86,50.9099,50.43,50.65,42082
2009-10-30 09:55:33,50.69,50.77,50.35,50.43,31854
2009-10-30 10:31:05,50.42,50.62,50.38,50.3991,58886
2009-10-30 11:29:09,50.37,50.47,50.28,50.3135,28282
2009-10-30 12:12:06,50.3225,50.33,49.87,50.105,42633
2009-10-30 12:40:59,50.07,50.07,49.67,49.81,34541
2009-10-30 13:10:55,49.81,49.8265,49.45,49.71,47225
2009-10-30 13:49:59,49.7082,49.7082,49.3,49.54,36529
2009-10-30 14:43:07,49.55,49.698,49.37,49.4,38544
2009-10-30 15:14:17,49.409,49.552,49.18,49.44,43557
2009-10-30 15:37:41,49.41,49.54,49.292,49.53,33762
2009-11-02 09:29:48,49.54,49.63,49.33,49.63,40847
2009-11-02 10:00:01,49.64,49.82,49.52,49.82,52913
2009-11-02 10:23:28,49.82,50.1909,49.81,50.08,40855
2009-11-02 10:46:00,50.0934,50.19,50.0181,50.05,53546
2009-11-02 11:09:40,50.04,50.06,49.81,49.87,45446
2009-11-02 11:53:05,49.87,50.0673,49.83,49.8918,36107
2009-11-02 12:15:14,49.89,49.985,49.76,49.76,81925
2009-11-02 12:51:34,49.76,49.76,49.3,49.3,40153
2009-11-02 12:56:26,49.27,49.27,49.02,49.15,35062
2009-11-02 13:01:29,49.13,49.15,48.93,49.06,30352
2009-11-02 13:16:23,49.07,49.2956,49.07,49.2,35884
2009-11-02 13:34:39,49.1801,49.3954,49.18,49.22,39573
2009-11-02 14:02:39,49.22,49.26,49.02,49.09,31480
2009-11-02 14:21:55,49.09,49.246,48.9709,49.24,31988
2009-11-02 15:00:26,49.24,49.56,49.24,49.4,52522
2009-11-02 15:46:36,49.43899999999999,49.644,49.263000000000005,49.6392,33640
2009-11-03 09:55:11,49.57,49.69,49.08,49.59,42679
2009-11-03 10:26:16,49.62,49.74,49.504,49.5319,35148
2009-11-03 11:09:42,49.4899,49.67,49.3512,49.47,48700
2009-11-03 11:22:25,49.48,49.48,49.38,49.44,121327
2009-11-03 11:36:20,49.45,49.47,49.26,49.26,121922
2009-11-03 12:36:19,49.26,49.6054,49.23,49.6054,58419
2009-11-03 14:01:16,49.63,49.75,49.501999999999995,49.74,46112
2009-11-03 14:44:47,49.7492,49.8622,49.6444,49.6728,35863
2009-11-03 15:27:25,49.66,49.718999999999994,49.545,49.602,52077
2009-11-03 15:59:51,49.63,49.8325,49.6299,49.79,34625
2009-11-04 09:54:22,49.84,50.37,49.8101,50.24,57806
2009-11-04 10:07:20,50.25,50.47,50.23,50.46,45994
2009-11-04 11:04:38,50.4296,50.6,50.4296,50.54,42560
2009-11-04 13:11:41,50.49,50.49,50.2208,50.281000000000006,41060
2009-11-04 14:18:56,50.285,50.39,50.21,50.39,33232
2009-11-04 14:29:33,50.4,50.5,49.99,50.0,37087
2009-11-04 14:43:47,50.0,50.55,49.9719,50.5423,44137
2009-11-04 15:24:32,50.54,50.54,50.25,50.279,37133
2009-11-04 15:56:31,50.3004,50.34,49.72,49.79,41042
2009-11-05 09:38:38,49.775,50.21,49.72,50.11,38406
2009-11-05 10:48:37,50.11,50.56,50.09,50.5381,38093
2009-11-05 11:56:25,50.5422,50.55,50.24,50.2428,39719
2009-11-05 14:11:20,50.26,50.64,50.25,50.43600000000001,38651
2009-11-05 15:21:31,50.444,50.696000000000005,50.444,50.65,36692
2009-11-06 09:31:51,50.6344,50.74,50.31,50.37,38796
2009-11-06 10:29:30,50.36,50.92,50.36,50.6066,30349
2009-11-06 11:53:31,50.5587,50.8019,50.47,50.78,36753
2009-11-06 13:36:12,50.7608,50.95,50.7409,50.95,33439
2009-11-06 15:06:31,50.95,50.9566,50.675,50.728,45334
2009-11-06 15:56:59,50.7208,50.89,50.672,50.83,62197
2009-11-09 10:38:40,50.8428,51.628,50.8428,51.587,32178
2009-11-09 12:02:03,51.5975,51.83,51.58,51.8,33805
2009-11-09 14:13:25,51.7818,52.028,51.7818,51.998000000000005,51646
2009-11-09 15:28:54,51.9818,52.13,51.9645,52.0881,30837
2009-11-10 09:37:02,52.088,52.2,52.011,52.15,37716
2009-11-10 10:51:03,52.15,52.34,52.0861,52.14,32106
2009-11-10 11:46:38,52.158,52.158,51.9744,52.1345,47359
2009-11-10 13:08:56,52.132,52.14,51.93,52.022,41917
2009-11-10 14:33:40,52.05,52.18,51.976000000000006,52.1781,31168
2009-11-10 15:23:16,52.21,52.3,52.1608,52.2718,63069
2009-11-11 09:43:06,52.28,52.64,52.1301,52.5544,37588
2009-11-11 10:43:41,52.5502,52.8799,52.48,52.67,36109
2009-11-11 11:53:10,52.68600000000001,52.68600000000001,52.3265,52.37,44937
2009-11-11 13:45:07,52.36,52.582,52.278,52.278,30727
2009-11-11 15:45:06,52.2919,52.5052,52.26,52.42100000000001,45695
2009-11-12 10:15:29,52.42100000000001,52.7,52.2801,52.5,36902
2009-11-12 11:54:37,52.504,52.63399999999999,52.13,52.22,42316
2009-11-12 12:57:35,52.22,52.3518,52.1752,52.29,32706
2009-11-12 14:36:31,52.29,52.29,52.1,52.184,34344
2009-11-12 15:30:50,52.205,52.205,51.931,51.95,33919
2009-11-13 09:33:42,51.96,52.14,51.83,52.05,42053
2009-11-13 10:30:07,52.0195,52.152,51.8,52.06,36668
2009-11-13 11:44:01,52.06,52.3,51.992,52.19,47451
2009-11-13 13:26:00,52.2,52.37,52.143,52.3344,30897
2009-11-13 14:54:17,52.3274,52.34,52.0,52.02,48985
2009-11-13 15:58:21,52.02,52.17,51.892,52.17,34389
2009-11-16 10:29:24,52.14,53.0,52.14,52.93,36359
2009-11-16 11:08:30,52.931,53.05,52.916,53.001999999999995,65769
2009-11-16 12:04:24,53.01,53.08,52.9475,53.03,43301
2009-11-16 13:12:13,53.03,53.11,52.8419,53.08,36439
2009-11-16 14:12:03,53.08,53.16,52.99,53.1365,31692
2009-11-16 15:07:38,53.1374,53.19,53.04,53.1,30689
2009-11-17 09:45:53,53.0981,53.0981,52.65,52.84,37690
2009-11-17 10:54:31,52.85,52.8875,52.56,52.646,29473
2009-11-17 12:10:17,52.648,52.7199,52.5701,52.6998,48349
2009-11-17 13:50:18,52.6999,52.91,52.6918,52.91,39994
2009-11-17 15:35:26,52.8988,52.91,52.7218,52.91,45295
2009-11-18 10:19:10,52.91,53.08,52.661,52.77,42597
2009-11-18 12:09:20,52.77,53.0282,52.77,52.943000000000005,36276
2009-11-18 14:00:47,52.938,52.9482,52.7482,52.858999999999995,40333
2009-11-18 15:30:30,52.8581,52.989,52.824,52.97,42794
2009-11-19 10:00:40,52.9156,53.05,52.1201,52.2312,47991
2009-11-19 11:28:42,52.19,52.27,52.044,52.1244,29463
2009-11-19 13:15:39,52.1391,52.279,52.09,52.12,42842
2009-11-19 15:13:00,52.12,52.2892,52.1052,52.216,36378
2009-11-20 09:52:45,52.1956,52.38,52.0,52.1819,47386
2009-11-20 11:14:22,52.1956,52.2598,52.0456,52.075,26276
2009-11-20 13:59:42,52.0701,52.176,52.0,52.1709,37173
2009-11-20 15:50:11,52.176,52.31,52.1645,52.2644,40746
2009-11-23 10:04:47,52.26,53.2,52.23,53.12,32006
2009-11-23 10:37:48,53.12,53.21,53.0901,53.1528,27114
2009-11-23 11:40:09,53.1774,53.19,53.02,53.02,32219
2009-11-23 13:16:00,53.05,53.05,52.82,52.871,38092
2009-11-23 14:53:28,52.87,52.92,52.77,52.8556,35673
2009-11-24 09:30:01,52.87,52.93,52.74,52.88,37210
2009-11-24 10:00:24,52.88,52.9,52.5,52.72,44053
2009-11-24 11:04:42,52.72,52.88,52.5001,52.836000000000006,42759
2009-11-24 12:10:59,52.823,52.8681,52.63399999999999,52.7713,48160
2009-11-24 13:38:56,52.778,52.81,52.6928,52.7808,57484
2009-11-24 14:35:12,52.8,52.87,52.7,52.8481,41899
2009-11-24 15:18:35,52.841,52.96,52.8374,52.88,74430
2009-11-25 09:34:27,52.88,52.93,52.7706,52.9092,79901
2009-11-25 11:23:26,52.89,53.07,52.83,53.0344,28627
2009-11-25 13:46:17,53.032,53.098,52.955,52.994,47630
2009-11-25 15:45:20,52.995,53.086000000000006,52.96,53.042,44245
2009-11-27 10:09:00,53.0491,53.0683,51.42,52.07,41493
2009-11-27 12:18:47,52.0872,52.5682,52.0872,52.2652,40234
2009-11-30 10:16:11,52.269,52.45,52.04,52.3866,37685
2009-11-30 11:36:52,52.3519,52.47,51.9604,51.966,38111
2009-11-30 13:16:36,51.966,52.13,51.95,52.01,53854
2009-11-30 14:52:56,52.038,52.178,52.03,52.0691,43928
2009-11-30 15:56:44,52.08,52.5096,52.08,52.5096,32145
2009-12-01 10:49:41,52.5019,53.04600000000001,52.44,52.9,38387
2009-12-01 12:18:46,52.8528,53.0599,52.84,53.04,34977
2009-12-01 13:24:35,53.023999999999994,53.12,52.97,53.12,40847
2009-12-01 14:22:55,53.13,53.19,53.08,53.11600000000001,38839
2009-12-01 15:14:22,53.1144,53.17,53.01,53.1,34050
2009-12-02 09:38:20,53.1081,53.37,52.9408,53.15,339165
2009-12-02 10:33:57,53.13,53.42,53.0269,53.3095,26539
2009-12-02 11:18:34,53.308,53.35,53.08,53.08,47420
2009-12-02 13:13:14,53.07,53.1688,52.91,53.03,29946
2009-12-02 14:46:55,53.03,53.15,53.006,53.0904,39418
2009-12-02 15:48:06,53.12,53.2,53.058,53.2,42635
2009-12-03 09:42:59,53.21,53.5544,53.1511,53.5544,28440
2009-12-03 10:05:41,53.55,53.66,53.27,53.2988,27957
2009-12-03 11:10:04,53.293,53.375,53.091,53.2948,27326
2009-12-03 12:23:46,53.294,53.33,53.18,53.25,31620
2009-12-03 13:53:03,53.26,53.3156,53.21,53.3022,73663
2009-12-03 15:26:27,53.3099,53.3226,53.05,53.05,58387
2009-12-03 16:00:00,53.0608,53.0608,52.54,52.54,156073
2009-12-04 09:40:58,52.54,53.64,52.54,53.64,29690
2009-12-04 10:06:57,53.64,53.69,53.4,53.44,25945
2009-12-04 11:01:23,53.479,53.544,53.28,53.32,25195
2009-12-04 11:45:03,53.32,53.4,52.82,52.82,62653
2009-12-04 12:27:50,52.82,52.9796,52.66,52.909,35297
2009-12-04 14:33:39,52.9,53.13,52.6781,52.8878,35798
2009-12-04 15:59:15,52.9119,53.17,52.834,53.12,47645
2009-12-07 09:54:07,53.12,53.44,53.05,53.4197,73109
2009-12-07 10:43:44,53.4197,53.42,53.2198,53.32,29173
2009-12-07 11:46:19,53.2989,53.34,53.21,53.2848,56120
2009-12-07 13:11:57,53.2725,53.41,53.25,53.358,48106
2009-12-07 14:44:15,53.358,53.42,53.01,53.01,43384
2009-12-08 09:33:05,53.012,53.14,52.5901,52.5901,60430
2009-12-08 10:51:59,52.593,52.66,52.3625,52.55,62115
2009-12-08 12:12:34,52.55,52.78,52.44,52.68,39388
2009-12-08 14:04:11,52.66,52.66,52.4785,52.5161,48685
2009-12-08 15:24:45,52.51,52.5765,52.38,52.5065,42604
2009-12-09 10:06:27,52.5,52.57,52.301,52.43,37182
2009-12-09 11:56:29,52.431999999999995,52.6455,52.33,52.52,28703
2009-12-09 14:10:02,52.5299,52.5299,52.29,52.4308,63396
2009-12-09 15:59:18,52.4119,52.74,52.37,52.68,41458
2009-12-10 10:56:18,52.67,53.1699,52.66,52.943000000000005,37160
2009-12-10 12:23:32,52.97,53.08,52.927,52.9401,36597
2009-12-10 14:06:47,52.9499,53.01,52.851000000000006,52.9772,64969
2009-12-10 15:48:03,52.9772,53.04,52.7899,52.8487,79295
2009-12-11 10:25:58,52.849,53.2,52.849,53.11,34512
2009-12-11 12:15:19,53.1391,53.19,52.9325,53.06,34593
2009-12-11 14:32:04,53.0617,53.27,53.048,53.24,32631
2009-12-11 15:59:48,53.2399,53.32,53.1699,53.25,32926
2009-12-14 10:08:08,53.25,53.68,53.25,53.43,18717
2009-12-14 11:24:34,53.405,53.56,53.39,53.55,23777
2009-12-14 12:40:22,53.515,53.6899,53.515,53.67,25433
2009-12-14 13:52:16,53.69,53.72,53.55,53.62,30546
2009-12-14 14:46:47,53.602,53.68,53.6,53.66,29159
2009-12-14 15:45:26,53.67,53.7,53.601000000000006,53.66,38746
2009-12-15 09:54:05,53.67,53.71,53.361,53.38,72287
2009-12-15 10:44:28,53.38,53.553,53.36,53.54600000000001,36829
2009-12-15 12:13:41,53.558,53.6,53.464,53.519,31557
2009-12-15 13:21:42,53.51,53.51,53.38,53.4,44854
2009-12-15 15:13:56,53.3675,53.43,53.3501,53.41,37709
2009-12-15 15:51:00,53.4081,53.41,53.17,53.27,34644
2009-12-16 10:26:51,53.27,53.645,53.2615,53.5199,41942
2009-12-16 12:07:37,53.5175,53.68,53.5175,53.6228,38449
2009-12-16 14:15:19,53.636,53.636,53.566,53.5855,49481
2009-12-16 15:36:21,53.6009,53.66,53.3,53.3282,36617
2009-12-17 10:08:08,53.34,53.48,52.8395,52.8709,46412
2009-12-17 12:28:04,52.867,53.111,52.86,52.8681,56708
2009-12-17 14:21:40,52.87,52.8999,52.7352,52.856,57013
2009-12-17 15:49:06,52.85,52.9,52.77,52.8022,40387
2009-12-18 10:30:20,52.79,53.0592,52.76,52.876000000000005,48871
2009-12-18 12:44:52,52.869,52.869,52.5619,52.8,49810
2009-12-18 14:50:55,52.81,52.9428,52.7962,52.852,42315
2009-12-18 16:00:14,52.8648,53.05,52.8156,53.04,77639
2009-12-21 10:30:36,52.94,53.6994,52.85,53.6344,52366
2009-12-21 12:05:45,53.6244,53.67,53.55,53.668,38693
2009-12-21 13:23:25,53.6981,53.73,53.5901,53.6099,42208
2009-12-21 15:11:45,53.602,53.66,53.52,53.53,46062
2009-12-22 09:42:33,53.5322,53.78,53.474,53.78,39835
2009-12-22 10:17:12,53.76,53.8101,53.6404,53.809,39679
2009-12-22 11:52:28,53.808,53.8082,53.565,53.602,43631
2009-12-22 13:57:42,53.602,53.7399,53.6001,53.7244,36797
2009-12-22 15:50:28,53.73,53.73,53.6056,53.6428,43707
2009-12-23 10:00:00,53.66,53.82,53.62,53.7,46156
2009-12-23 10:47:12,53.7,53.7,53.472,53.56,34392
2009-12-23 12:00:30,53.56,53.6282,53.52,53.6048,38321
2009-12-23 13:40:05,53.5925,53.65,53.567,53.6238,46253
2009-12-23 15:19:24,53.6208,53.67,53.62,53.644,32744
2009-12-23 15:59:53,53.648999999999994,53.65,53.5752,53.59,35387
2009-12-24 10:53:41,53.603,53.603,53.388000000000005,53.459,137060
2009-12-24 12:59:03,53.459,53.54,53.4319,53.5256,36717
2009-12-28 11:03:12,53.52,53.96,53.4903,53.504,46096
2009-12-28 12:51:14,53.55,53.56,53.49,53.4901,75959
2009-12-28 13:55:55,53.501999999999995,53.51,53.4401,53.45,78079
2009-12-28 15:05:57,53.45,53.47,53.331,53.3885,50982
2009-12-29 09:35:43,53.3819,53.683,53.373000000000005,53.63,51241
2009-12-29 10:52:12,53.6481,53.68,53.56100000000001,53.611999999999995,36440
2009-12-29 11:47:13,53.62,53.62,53.51,53.54,52309
2009-12-29 12:58:59,53.5556,53.56,53.49,53.532,83342
2009-12-29 13:52:37,53.51,53.58,53.51,53.5782,233365
2009-12-29 15:06:54,53.5675,53.5781,53.5,53.568000000000005,48675
2009-12-29 15:58:19,53.56,53.6,53.48,53.48,70815
2009-12-30 11:09:27,53.493,53.55,53.26,53.3601,197874
2009-12-30 12:44:33,53.3775,53.4444,53.3028,53.3644,68246
2009-12-30 15:21:45,53.3691,53.4275,53.312,53.389,49180
2009-12-31 10:55:43,53.37,53.59,53.37,53.413999999999994,47211
2009-12-31 12:22:14,53.413,53.413,53.3019,53.33,64145
2009-12-31 14:43:31,53.33,53.38,53.31,53.358,39923
2009-12-31 15:59:52,53.357,53.396,52.98,52.98,44796
2010-01-04 10:36:17,53.01,53.84,53.01,53.7419,50523
2010-01-04 11:27:18,53.74100000000001,53.8555,53.74100000000001,53.83,41277
2010-01-04 12:04:13,53.8301,53.92,53.81,53.8619,23827
2010-01-04 13:28:09,53.8681,53.95,53.86,53.935,28552
2010-01-04 14:27:59,53.93,53.94,53.812,53.84,41707
2010-01-04 15:12:29,53.84,53.93,53.835,53.891000000000005,62053
2010-01-04 15:47:51,53.89,53.91,53.83,53.8917,51394
2010-01-05 09:30:47,53.8912,53.95,53.7924,53.94,239030
2010-01-05 09:59:59,53.94,53.97,53.82,53.82,27632
2010-01-05 11:12:16,53.8,54.13,53.75,54.0725,25571
2010-01-05 12:09:18,54.074,54.0799,53.941,54.07,34592
2010-01-05 13:08:25,54.08,54.1,53.97,53.99,31361
2010-01-05 14:00:32,53.98,54.0,53.91,53.9733,36820
2010-01-05 15:05:26,53.9732,54.02,53.872,54.02,38745
2010-01-05 15:29:04,54.04,54.1,54.03,54.1,50847
2010-01-05 15:42:54,54.1,54.18,54.08,54.17,60525
2010-01-05 15:59:41,54.17,54.18,54.12,54.16,44928
2010-01-06 10:26:42,54.1744,54.2244,54.08,54.19,33318
2010-01-06 11:35:53,54.18,54.32,54.14,54.31,24633
2010-01-06 12:35:37,54.31,54.339,54.2201,54.2325,31270
2010-01-06 13:47:58,54.2365,54.34,54.23,54.29,34203
2010-01-06 14:33:14,54.2984,54.36,54.26,54.355,27962
2010-01-06 14:59:21,54.3401,54.4,54.3401,54.3915,32552
2010-01-06 15:30:04,54.4,54.4,54.31,54.33,35337
2010-01-06 15:59:51,54.335,54.37,54.26,54.3,41425
2010-01-07 10:21:34,54.3,54.34,54.16,54.22,115694
2010-01-07 11:16:26,54.23,54.49,54.2262,54.48,42268
2010-01-07 12:18:21,54.468,54.5899,54.46,54.587,35614
2010-01-07 13:18:31,54.6,54.67,54.5675,54.626999999999995,34300
2010-01-07 14:23:29,54.61600000000001,54.68,54.5925,54.68,56018
2010-01-07 15:08:52,54.68,54.84,54.63,54.73,40015
2010-01-07 15:56:32,54.7185,54.83,54.7101,54.75,38241
2010-01-08 09:42:56,54.75,54.78,54.5419,54.6,51398
2010-01-08 10:34:46,54.59,54.75,54.56,54.73,35437
2010-01-08 12:22:06,54.72,54.73,54.56,54.62,34602
2010-01-08 14:45:23,54.62,54.69,54.55,54.591,38611
2010-01-11 09:30:10,54.62,55.178999999999995,54.5809,55.12,41141
2010-01-11 10:06:04,55.14,55.17,54.92,54.93,23324
2010-01-11 11:13:16,54.93,55.02,54.86,54.9,34402
2010-01-11 12:34:48,54.87,54.9562,54.87,54.87,36147
2010-01-11 14:12:51,54.8791,54.9394,54.8,54.9194,35739
2010-01-11 15:11:53,54.967,55.04,54.9191,55.0381,33518
2010-01-11 15:20:49,55.0381,55.05,55.01,55.05,30413
2010-01-12 09:30:02,55.05,55.1,54.61,54.7,35537
2010-01-12 11:21:56,54.69,54.75,54.5319,54.69,40281
2010-01-12 12:43:46,54.69,54.738,54.372,54.42100000000001,38775
2010-01-12 13:31:51,54.42100000000001,54.4599,54.291,54.3567,67520
2010-01-12 15:25:23,54.3535,54.4796,54.328,54.4015,46776
2010-01-13 10:01:37,54.41,54.71,54.319,54.57,29311
2010-01-13 11:58:09,54.57,54.7935,54.408,54.7935,29336
2010-01-13 13:36:01,54.792,54.97,54.7891,54.93,30084
2010-01-13 15:34:13,54.9101,55.1,54.83,55.1,30085
2010-01-14 10:01:48,55.11,55.11,54.85,54.9575,38126
2010-01-14 12:09:26,54.9575,55.082,54.872,54.9715,33214
2010-01-14 14:15:48,54.9574,55.0974,54.9475,55.07,54252
2010-01-14 15:18:00,55.07,55.17,55.0419,55.137,55647
2010-01-15 09:36:20,55.1289,55.14,54.85,54.855,42663
2010-01-15 10:16:43,54.85,54.87,54.4,54.51,37093
2010-01-15 11:39:42,54.51,54.52,54.35,54.4,30566
2010-01-15 13:23:25,54.3888,54.3924,54.19,54.2699,35428
2010-01-15 14:51:49,54.25,54.35,54.248000000000005,54.25899999999999,46089
2010-01-15 15:58:15,54.258,54.46,54.258,54.4585,44952
2010-01-19 10:31:28,54.4581,54.8,54.34,54.7896,26349
2010-01-19 12:03:06,54.7999,54.9082,54.764,54.89,29638
2010-01-19 14:24:48,54.8825,55.0381,54.86,55.028,35399
2010-01-19 15:22:08,55.028,55.038,54.9733,55.00899999999999,41462
2010-01-20 09:38:30,55.019,55.14,54.69,54.7801,29295
2010-01-20 10:57:37,54.78,54.82,54.44,54.457,33375
2010-01-20 12:31:18,54.4499,54.4875,54.3091,54.4748,30152
2010-01-20 13:47:12,54.4799,54.5119,54.3381,54.5119,45171
2010-01-20 15:22:34,54.5299,54.71,54.5,54.71,28676
2010-01-21 09:52:01,54.7081,54.848,54.6138,54.68,28292
2010-01-21 10:51:18,54.67,54.7881,53.94,54.01,31794
2010-01-21 11:54:35,54.0035,54.0475,53.511,53.76,32766
2010-01-21 13:28:13,53.76,53.8,53.4902,53.64,39011
2010-01-21 14:59:54,53.71,53.928999999999995,53.6399,53.7681,33369
2010-01-22 09:30:00,53.7801,53.7801,53.4,53.4,52075
2010-01-22 10:14:45,53.35,53.538,53.1199,53.15,46552
2010-01-22 11:12:49,53.1135,53.5808,53.05,53.4175,47319
2010-01-22 13:21:53,53.411,53.5619,53.255,53.3213,40330
2010-01-22 14:42:17,53.3322,53.3322,52.911,52.911,35566
2010-01-22 15:46:51,52.91,53.02,52.48,52.4975,34651
2010-01-25 10:08:05,52.44,53.1,52.394,52.7699,31925
2010-01-25 11:46:02,52.7682,52.8808,52.5474,52.6648,40133
2010-01-25 13:46:00,52.644,52.9481,52.6125,52.9099,34750
2010-01-25 15:12:47,52.892,53.05,52.8526,52.982,34359
2010-01-26 09:59:59,52.9826,52.9826,52.4,52.52,50363
2010-01-26 11:21:32,52.53,52.8625,52.53,52.736,36119
2010-01-26 14:04:16,52.7319,53.0018,52.7319,52.9201,37482
2010-01-26 15:34:57,52.9265,52.946000000000005,52.5365,52.5365,33183
2010-01-27 09:59:59,52.58,52.58,52.29,52.37,50223
2010-01-27 10:58:36,52.3426,52.4284,52.1001,52.4284,34537
2010-01-27 13:16:28,52.4178,52.45,52.18,52.2626,31348
2010-01-27 15:05:02,52.2696,52.59,51.96,52.568000000000005,52111
2010-01-28 09:44:21,52.568000000000005,53.08,52.3274,52.7795,33222
2010-01-28 11:20:51,52.78,52.78,52.236999999999995,52.236999999999995,34728
2010-01-28 13:43:31,52.24,52.533,51.989,52.533,107603
2010-01-28 15:27:09,52.5192,52.629,52.22,52.556,39322
2010-01-29 10:10:04,52.5681,52.7081,52.24,52.58,28240
2010-01-29 12:14:08,52.63,52.875,52.2838,52.3302,38329
2010-01-29 14:30:18,52.316,52.549,52.2826,52.3401,31543
2010-01-29 15:49:37,52.3037,52.3037,51.84,52.0112,31973
2010-02-01 10:16:33,52.0109,52.51,51.89,52.468999999999994,44042
2010-02-01 13:31:26,52.498000000000005,52.5776,52.3401,52.56399999999999,42965
2010-02-01 15:12:46,52.5513,52.5513,52.3822,52.4538,30247
2010-02-02 09:48:51,52.457,52.8,52.42,52.725,32289
2010-02-02 12:28:04,52.7599,53.26,52.6338,53.26,38204
2010-02-02 13:49:05,53.24,53.38,53.1878,53.375,47649
2010-02-02 14:27:28,53.378,53.39,53.24,53.31,48687
2010-02-02 15:07:55,53.295,53.32,53.18,53.2699,46936
2010-02-02 15:45:33,53.2699,53.46,53.2699,53.345,38088
2010-02-03 09:39:16,53.348,53.43,53.09,53.21,45688
2010-02-03 11:10:51,53.2075,53.32,52.9325,53.07,41470
2010-02-03 13:25:28,53.0691,53.1391,52.84,53.022,46819
2010-02-03 15:04:26,53.0463,53.1175,52.8719,53.06,47519
2010-02-04 09:48:34,53.06,53.0891,52.146,52.146,52194
2010-02-04 11:01:42,52.1691,52.1691,51.75,51.84,45236
2010-02-04 12:35:11,51.82,51.96,51.5919,51.7519,38335
2010-02-04 14:03:13,51.73,51.747,51.57,51.62,38926
2010-02-04 15:16:36,51.6001,51.75,51.5,51.51,38350
2010-02-04 15:52:34,51.5119,51.522,51.35,51.42,43774
2010-02-05 09:40:01,51.418,51.45,51.1,51.14,41754
2010-02-05 10:09:47,51.14,51.3999,50.9019,50.97,43202
2010-02-05 11:06:03,50.98,51.35,50.94,51.11,39643
2010-02-05 12:08:08,51.1551,51.2,50.83,50.9765,33480
2010-02-05 13:12:21,50.979,51.0299,50.71,50.7101,38372
2010-02-05 14:00:09,50.74,50.8126,50.24100000000001,50.3018,36167
2010-02-05 14:54:33,50.3474,50.611999999999995,50.345,50.611999999999995,39376
2010-02-05 15:24:56,50.6048,51.1881,50.56,51.0304,27449
2010-02-08 09:42:56,51.11,51.41,51.03,51.26,33675
2010-02-08 11:31:38,51.24,51.61,51.02,51.5004,43238
2010-02-08 13:12:27,51.4837,51.57,51.29,51.29,40714
2010-02-08 14:57:06,51.2948,51.3415,51.15,51.21,46324
2010-02-09 09:32:56,51.2137,51.51,50.8767,51.45,37133
2010-02-09 10:22:28,51.49,51.53,51.24,51.4415,35302
2010-02-09 11:34:59,51.4549,51.458,50.96,51.35,32543
2010-02-09 12:21:02,51.34,51.87,51.29,51.83,34640
2010-02-09 14:11:02,51.83,51.838,51.38,51.55,34978
2010-02-09 15:45:09,51.4999,51.65,51.3645,51.5226,37535
2010-02-10 10:15:06,51.5037,51.529,51.06,51.06,34967
2010-02-10 11:42:07,51.06,51.39,50.99,51.3399,36532
2010-02-10 13:24:41,51.32,51.6,51.209,51.59,32508
2010-02-10 15:44:48,51.59,51.69,51.3299,51.358,29675
2010-02-11 11:05:51,51.358,51.44,51.085,51.2794,43040
2010-02-11 13:05:03,51.248999999999995,51.778,51.22,51.6499,60378
2010-02-11 14:50:20,51.668,51.8802,51.668,51.782,38168
2010-02-12 09:32:46,51.8174,51.82,51.24,51.24,39496
2010-02-12 10:34:33,51.23,51.3799,51.07,51.2881,41418
2010-02-12 12:08:11,51.3088,51.4785,51.16,51.43,64349
2010-02-12 14:00:08,51.4426,51.676,51.3,51.43,64941
2010-02-12 15:37:21,51.43,51.74100000000001,51.4075,51.4825,62613
2010-02-16 09:44:03,51.47,52.16,51.47,52.0478,53383
2010-02-16 11:28:32,52.042,52.29,51.98,52.28,44559
2010-02-16 14:15:00,52.2799,52.461000000000006,52.2545,52.3934,46977
2010-02-16 15:35:38,52.3929,52.6085,52.3702,52.601000000000006,39894
2010-02-17 10:16:37,52.6037,52.96,52.58,52.86,41568
2010-02-17 12:16:58,52.8581,52.93,52.657,52.802,40069
2010-02-17 13:43:51,52.802,52.88,52.782,52.8221,26401
2010-02-17 15:05:03,52.8221,52.85,52.701,52.8362,42785
2010-02-18 09:30:01,52.8319,52.8956,52.72,52.81,38430
2010-02-18 10:40:44,52.73,53.02,52.73,52.8475,26922
2010-02-18 13:21:35,52.849,52.9327,52.83,52.9,43270
2010-02-18 14:59:27,52.9,53.18,52.8825,53.161,33984
2010-02-19 09:48:12,53.2,53.2374,52.96,53.0586,36537
2010-02-19 11:25:36,53.0599,53.4226,52.93,53.39,34281
2010-02-19 12:46:40,53.388000000000005,53.4926,53.348,53.4218,40176
2010-02-19 14:29:18,53.43,53.48,53.3,53.3527,44413
2010-02-19 15:53:41,53.351000000000006,53.446000000000005,53.2508,53.3419,37735
2010-02-22 10:30:53,53.355,53.59,53.32,53.5095,37923
2010-02-22 12:13:30,53.501000000000005,53.5434,53.35,53.47,42482
2010-02-22 14:21:43,53.48,53.56,53.398999999999994,53.56,49311
2010-02-22 15:41:33,53.56,53.63,53.5308,53.56,35268
2010-02-23 10:00:00,53.54,53.54,53.27,53.37,35445
2010-02-23 11:07:36,53.36,53.37,52.8618,52.9901,29473
2010-02-23 13:27:42,52.9801,53.0426,52.77,52.9126,44428
2010-02-23 14:57:10,52.9126,52.96,52.7,52.9548,49068
2010-02-23 15:48:57,52.94,52.98,52.83,52.83,59493
2010-02-24 10:00:00,52.831,53.2,52.76,53.08,31904
2010-02-24 11:01:28,53.09,53.33,52.852,53.272,49168
2010-02-24 13:11:40,53.2785,53.38,53.21,53.3099,57398
2010-02-24 14:59:02,53.309,53.418,53.16,53.248000000000005,44138
2010-02-24 15:54:56,53.2185,53.39,53.218,53.39,45271
2010-02-25 09:48:53,53.3881,53.41,52.51,52.5599,47064
2010-02-25 11:45:02,52.5681,52.7581,52.5364,52.5968,36491
2010-02-25 14:05:38,52.6063,53.07,52.52,53.0381,39308
2010-02-25 15:22:41,53.007,53.19,52.94,53.0974,28285
2010-02-26 09:42:07,53.0975,53.36,53.0837,53.3,31888
2010-02-26 11:27:31,53.3,53.4492,53.04,53.398,32166
2010-02-26 14:26:47,53.3674,53.42,53.1837,53.36,35790
2010-02-26 15:30:59,53.39,53.498999999999995,53.342,53.4581,34400
2010-03-01 10:05:03,53.4348,53.7098,53.26,53.65,32968
2010-03-01 12:01:56,53.6537,53.77,53.5337,53.7667,33322
2010-03-01 14:05:10,53.7672,53.786,53.67,53.751999999999995,34471
2010-03-01 15:31:02,53.7475,53.81,53.648999999999994,53.74,67164
2010-03-02 09:54:19,53.74,54.05,53.6819,53.95,45832
2010-03-02 11:36:13,53.9563,54.1382,53.87,54.125,45733
2010-03-02 12:43:44,54.1,54.13,54.005,54.015,35854
2010-03-02 14:05:32,54.015,54.16,54.015,54.101000000000006,32193
2010-03-02 14:35:42,54.101000000000006,54.1044,53.96,54.027,24089
2010-03-02 15:59:30,54.0204,54.04,53.8204,53.89,29190
2010-03-03 10:30:44,53.88,54.2,53.88,54.08,32385
2010-03-03 11:58:10,54.1,54.28,54.066,54.2118,38515
2010-03-03 13:20:36,54.199,54.21,54.071000000000005,54.16,38818
2010-03-03 15:22:08,54.148,54.15,53.81,53.9336,37584
2010-03-04 09:51:11,53.911,54.1501,53.88,54.1426,37590
2010-03-04 11:30:56,54.145,54.19,53.91,54.02,101603
2010-03-04 13:24:12,54.02,54.07,53.9601,54.0326,103271
2010-03-04 15:33:12,54.0399,54.099,53.9502,54.0963,34196
2010-03-05 09:31:02,54.0837,54.93,54.0837,54.46,139837
2010-03-05 10:59:05,54.46,54.71,54.3634,54.7,39170
2010-03-05 12:38:52,54.688,54.7399,54.66,54.7037,57667
2010-03-05 14:55:35,54.718,54.8537,54.7001,54.8401,33928
2010-03-08 09:37:28,54.848,55.066,54.8426,55.04,50304
2010-03-08 11:23:37,55.05,55.084,54.93,54.948,33733
2010-03-08 13:08:03,54.9582,55.01,54.88,54.9899,68149
2010-03-08 15:16:28,54.982,55.0281,54.9598,54.988,28667
2010-03-09 10:31:41,54.9862,55.0099,54.68,54.9025,41850
2010-03-09 12:38:20,54.9188,55.2,54.9019,55.1681,39410
2010-03-09 14:15:13,55.15,55.25,55.1263,55.1901,29340
2010-03-09 15:22:24,55.2274,55.2648,54.89,54.89,50222
2010-03-10 09:32:58,54.88,55.17,54.8474,55.17,37520
2010-03-10 10:10:10,55.17,55.35,55.15,55.35,40224
2010-03-10 10:54:19,55.35,55.46,55.31,55.45,26302
2010-03-10 11:44:07,55.45,55.4924,55.3583,55.37,25438
2010-03-10 13:04:13,55.37,55.39,55.06,55.245,40741
2010-03-10 14:49:48,55.2026,55.428999999999995,55.197,55.4226,40684
2010-03-10 15:58:30,55.38,55.4,55.17,55.3,29714
2010-03-11 10:22:11,55.3,55.32,55.04,55.1775,35069
2010-03-11 11:43:45,55.1706,55.328,55.152,55.23,43950
2010-03-11 13:25:59,55.218999999999994,55.2899,55.1301,55.2899,43817
2010-03-11 15:11:26,55.299,55.4381,55.2,55.4381,68646
2010-03-11 15:58:44,55.4381,55.58,55.4174,55.57,33619
2010-03-12 09:46:52,55.57,55.83,55.56,55.62,23681
2010-03-12 10:20:13,55.66,55.7224,55.4194,55.4194,25671
2010-03-12 11:52:23,55.44,55.5699,55.4283,55.4926,28658
2010-03-12 14:04:29,55.49,55.57,55.46,55.5626,30638
2010-03-12 15:43:18,55.551,55.58,55.3501,55.451,36255
2010-03-15 10:31:40,55.4601,55.52,55.3275,55.43,30025
2010-03-15 12:21:44,55.4375,55.4526,55.1301,55.24,41777
2010-03-15 14:42:12,55.24,55.368,55.2001,55.29,37915
2010-03-15 15:55:23,55.3099,55.6364,55.3099,55.59,35536
2010-03-16 10:03:06,55.5901,55.85,55.48,55.8,33801
2010-03-16 11:00:15,55.79,55.95,55.73,55.95,28436
2010-03-16 11:56:11,55.9419,56.0,55.89,55.948,24591
2010-03-16 13:29:06,55.9381,55.97,55.87,55.8844,30516
2010-03-16 14:26:02,55.8996,56.07,55.83,56.01,46311
2010-03-16 14:39:49,56.014,56.06,55.8837,55.91,50640
2010-03-16 15:31:50,55.91,56.12,55.86,56.08,23379
2010-03-17 09:30:42,56.0767,56.38,55.94,56.35,31471
2010-03-17 10:03:01,56.35,56.48,56.31,56.44,26267
2010-03-17 11:20:07,56.44,56.49,56.36,56.49,30439
2010-03-17 12:36:44,56.5,56.56,56.462,56.5,45662
2010-03-17 13:44:34,56.4737,56.69,56.4701,56.68,26863
2010-03-17 14:40:23,56.662,56.69,56.56,56.56,24528
2010-03-17 15:50:27,56.58,56.6,56.346,56.47,28190
2010-03-18 10:41:22,56.47,56.61,56.3817,56.382,31507
2010-03-18 12:27:46,56.382,56.529,56.2374,56.3,23170
2010-03-18 14:25:01,56.31,56.4134,56.23,56.3881,32333
2010-03-18 15:28:31,56.3701,56.4626,56.35,56.4425,32283
2010-03-19 09:46:13,56.44,56.68,56.4352,56.44,31264
2010-03-19 10:56:42,56.44,56.5,56.2,56.24100000000001,30579
2010-03-19 12:17:06,56.26,56.28,56.051,56.1237,35568
2010-03-19 14:32:15,56.12,56.248999999999995,56.0674,56.21,29757
2010-03-19 15:48:28,56.2068,56.21,55.99,56.08,43680
2010-03-22 09:33:36,56.09,56.18,55.8,55.88,43716
2010-03-22 09:51:52,55.88,56.1083,55.86,56.08,50205
2010-03-22 10:37:46,56.0763,56.42,56.0763,56.37,40605
2010-03-22 12:03:15,56.35,56.44,56.29,56.3237,31345
2010-03-22 13:55:54,56.32,56.511,56.29,56.46,31942
2010-03-22 15:23:31,56.448,56.55,56.3899,56.541,44756
2010-03-23 09:48:27,56.5363,56.63,56.44,56.49,41254
2010-03-23 11:22:38,56.4776,56.67,56.4398,56.55,31960
2010-03-23 13:02:35,56.5301,56.73,56.45,56.6608,42835
2010-03-23 14:27:33,56.6719,56.746,56.601000000000006,56.74,32304
2010-03-23 15:01:30,56.75,56.77,56.69,56.72,40760
2010-03-23 15:26:44,56.72,56.93,56.72,56.93,26464
2010-03-24 09:31:12,56.9263,56.99,56.68,56.79,31157
2010-03-24 10:43:41,56.798,56.98,56.7144,56.91,26464
2010-03-24 12:05:29,56.91,56.96,56.651,56.8395,35291
2010-03-24 13:08:02,56.8381,56.92,56.75,56.765,25032
2010-03-24 14:34:27,56.78,56.798,56.62,56.7299,32401
2010-03-24 15:29:33,56.7363,56.8,56.6786,56.75,35486
2010-03-25 09:45:34,56.75899999999999,56.91,56.71,56.8237,69385
2010-03-25 11:02:51,56.81,56.87,56.67100000000001,56.87,39303
2010-03-25 12:09:05,56.8706,57.07,56.8399,57.04,27619
2010-03-25 13:08:47,57.047,57.11,56.9497,57.06,30311
2010-03-25 14:47:28,57.068000000000005,57.0926,56.67,56.68,52162
2010-03-25 15:59:00,56.6982,56.83,56.3399,56.36,47887
2010-03-26 10:45:08,56.38,56.82,56.3774,56.7791,51053
2010-03-26 11:37:59,56.7798,56.83,56.71,56.77,37670
2010-03-26 13:21:17,56.768,56.7699,56.21,56.3291,31526
2010-03-26 14:56:44,56.32899999999999,56.5363,56.27,56.3905,37664
2010-03-29 09:36:29,56.3904,56.79,56.31,56.7199,39079
2010-03-29 11:22:05,56.6926,56.74,56.4901,56.708,27863
2010-03-29 13:37:31,56.74,56.8024,56.58,56.64,43328
2010-03-29 14:44:47,56.64,56.68,56.58,56.6526,56233
2010-03-29 15:57:12,56.6536,56.7799,56.6536,56.71,41146
2010-03-30 10:22:18,56.71,56.89,56.67,56.7575,37420
2010-03-30 11:49:36,56.7574,56.8226,56.4801,56.584,35487
2010-03-30 13:50:55,56.59,56.6885,56.5301,56.5975,34622
2010-03-30 15:17:47,56.6,56.745,56.5838,56.6982,55157
2010-03-31 10:00:08,56.6899,56.7426,56.2501,56.4094,30941
2010-03-31 11:40:29,56.4583,56.6399,56.39,56.63,30600
2010-03-31 14:17:43,56.676,56.7048,56.61,56.674,40381
2010-03-31 15:49:42,56.6624,56.7,56.3601,56.3601,44498
2010-04-01 09:57:42,56.3974,57.04,56.3974,56.9994,48839
2010-04-01 11:26:09,57.0,57.0626,56.8699,56.9099,42680
2010-04-01 13:32:03,56.9164,56.9882,56.895,56.9474,29960
2010-04-01 14:40:58,56.94,56.95,56.67,56.6899,38510
2010-04-01 15:56:05,56.6328,56.9099,56.6328,56.8987,118776
2010-04-05 09:49:35,56.909,57.2,56.8648,57.14,133677
2010-04-05 10:28:10,57.14,57.265,57.13,57.22,32032
2010-04-05 11:38:16,57.2248,57.34,57.2,57.2574,36460
2010-04-05 12:49:02,57.2763,57.38,57.2737,57.31,39567
2010-04-05 13:59:07,57.3044,57.345,57.23,57.26,38171
2010-04-05 14:46:50,57.26,57.36,57.2474,57.34,40331
2010-04-05 15:26:07,57.34,57.3526,57.26,57.295,34140
2010-04-06 09:30:09,57.295,57.39,57.18,57.236,35433
2010-04-06 10:16:13,57.238,57.38,57.18,57.38,33213
2010-04-06 11:23:38,57.3798,57.43,57.3218,57.42,26190
2010-04-06 12:29:05,57.4181,57.5,57.413999999999994,57.4428,33597
2010-04-06 13:26:06,57.44,57.5,57.39,57.47,59438
2010-04-06 14:06:26,57.4999,57.501999999999995,57.42,57.501999999999995,70576
2010-04-06 14:34:48,57.5,57.63,57.49,57.6101,72708
2010-04-06 15:35:48,57.6,57.65,57.52,57.55,34159
2010-04-07 09:41:25,57.55,57.59,57.44,57.56,39292
2010-04-07 11:12:01,57.5535,57.5837,57.2974,57.38,608509
2010-04-07 13:05:04,57.37,57.52,57.37,57.5199,36797
2010-04-07 14:43:41,57.53,57.61,57.31,57.36,37956
2010-04-07 15:30:35,57.38,57.38,57.01,57.1099,32966
2010-04-08 09:32:37,57.0822,57.28,56.9574,56.9574,33642
2010-04-08 10:33:26,56.9499,57.13,56.91,57.1,46793
2010-04-08 12:05:12,57.1,57.2799,57.07,57.26,61233
2010-04-08 14:02:39,57.2807,57.53,57.2474,57.4601,30508
2010-04-08 15:25:57,57.47,57.6099,57.45,57.605,38863
2010-04-09 09:46:51,57.595,57.77,57.52,57.62,29771
2010-04-09 10:50:26,57.63,57.78,57.53,57.668,30574
2010-04-09 12:17:31,57.659,57.8,57.5763,57.76,25543
2010-04-09 14:14:55,57.7701,57.779,57.59,57.6726,39615
2010-04-09 15:39:21,57.69,57.7799,57.65,57.77,39317
2010-04-12 09:30:19,57.77,57.97,57.7499,57.96,70479
2010-04-12 10:19:04,57.92,58.05,57.89,57.92,34333
2010-04-12 12:34:54,57.92,58.0705,57.92,58.05,27138
2010-04-12 13:53:11,58.0319,58.1499,58.0201,58.1076,26202
2010-04-12 15:13:08,58.108,58.11,58.032,58.06,39325
2010-04-13 09:40:55,58.0826,58.1,57.81,57.81,29334
2010-04-13 10:32:04,57.81,57.95,57.7099,57.7099,25976
2010-04-13 12:01:06,57.71,57.7826,57.6563,57.7513,34631
2010-04-13 14:23:06,57.77,58.012,57.7501,57.9875,29205
2010-04-13 15:48:18,57.9837,58.11,57.94,58.05,33176
2010-04-14 09:59:20,58.0399,58.36,58.0,58.2401,26286
2010-04-14 10:57:16,58.26,58.37,58.1699,58.36,26773
2010-04-14 12:22:07,58.341,58.48,58.3405,58.48,22963
2010-04-14 13:57:29,58.48,58.59,58.47,58.5099,25649
2010-04-14 15:33:31,58.5,58.7,58.5,58.6901,26749
2010-04-15 09:40:43,58.71,58.78,58.68,58.7266,23175
2010-04-15 10:37:55,58.7381,58.88,58.67,58.86,29903
2010-04-15 11:29:51,58.86,58.96,58.77,58.7767,36379
2010-04-15 13:30:47,58.78,58.9,58.6456,58.89,27521
2010-04-15 14:44:23,58.89,58.92,58.8437,58.858999999999995,28593
2010-04-15 15:40:50,58.858999999999995,58.93,58.7,58.731,31143
2010-04-16 09:42:19,58.73,58.81,58.562,58.6,37393
2010-04-16 10:36:01,58.5595,58.6063,58.3352,58.5448,34165
2010-04-16 11:02:58,58.536,58.536,57.87,58.0876,33039
2010-04-16 11:26:58,58.08,58.14,57.4901,57.71,33745
2010-04-16 12:18:53,57.71,57.7912,57.56,57.56,43435
2010-04-16 13:10:10,57.574,57.75,57.4136,57.72,34065
2010-04-16 14:35:45,57.72,57.9898,57.62,57.9328,30657
2010-04-16 15:33:17,57.8937,57.8937,57.7,57.7902,29186
2010-04-19 09:41:07,57.791,57.95,57.4,57.65,32324
2010-04-19 10:58:22,57.59,57.9578,57.59,57.7188,56899
2010-04-19 12:53:16,57.7481,57.7572,57.31,57.525,49050
2010-04-19 15:04:28,57.52,57.9501,57.3844,57.8848,33353
2010-04-20 09:29:37,57.8688,58.48,57.8348,58.47,39048
2010-04-20 09:57:40,58.48,58.48,58.3,58.4499,27331
2010-04-20 11:09:50,58.425,58.4688,58.23,58.4426,25799
2010-04-20 13:18:18,58.42,58.61,58.37,58.495,39188
2010-04-20 14:43:57,58.492,58.52,58.4001,58.494,33499
2010-04-20 15:59:54,58.4865,58.59,58.482,58.59,30884
2010-04-21 11:08:46,58.58,58.75,58.5,58.5,27996
2010-04-21 13:18:03,58.5074,58.6,58.33,58.426,25521
2010-04-21 14:42:33,58.4237,58.5065,58.023,58.1122,27882
2010-04-21 15:46:15,58.1105,58.42,58.1063,58.39,28413
2010-04-22 10:04:27,58.39,58.4299,57.7002,57.8299,29300
2010-04-22 11:18:42,57.827,58.07,57.824,57.92,29333
2010-04-22 12:23:34,57.9118,57.97,57.78,57.97,95782
2010-04-22 13:30:51,57.98,58.3,57.93600000000001,58.2501,51165
2010-04-22 14:20:12,58.2666,58.39,58.21,58.3598,36183
2010-04-22 15:11:20,58.3301,58.45,58.32,58.331,34360
2010-04-22 15:57:38,58.33,58.614,58.33,58.5719,41606
2010-04-23 10:00:39,58.57,58.64,58.309,58.58,39116
2010-04-23 11:07:03,58.58,58.746,58.4194,58.43,34197
2010-04-23 12:05:31,58.4688,58.5903,58.4,58.54,55750
2010-04-23 12:35:09,58.54,58.6,58.5199,58.578,114871
2010-04-23 14:03:56,58.57,58.7225,58.55,58.67,55857
2010-04-23 15:20:14,58.67,58.87,58.67,58.87,32001
2010-04-26 09:29:58,58.87,59.1,58.84,59.02,38134
2010-04-26 09:43:15,59.01,59.04,58.93600000000001,59.01,38384
2010-04-26 10:00:58,59.0099,59.0099,58.84,58.86,41305
2010-04-26 10:33:03,58.87,58.9726,58.84,58.9096,37944
2010-04-26 11:06:49,58.9097,59.01,58.81,58.9898,37893
2010-04-26 11:30:58,58.9898,59.03,58.92,58.94,157701
2010-04-26 12:33:11,58.94,58.94,58.8,58.8162,158823
2010-04-26 13:55:50,58.8126,58.878,58.76,58.7974,49128
2010-04-26 14:59:49,58.81,58.864,58.72,58.72,31623
2010-04-26 15:34:02,58.7589,58.76,58.54,58.621,43378
2010-04-27 09:35:07,58.63,58.68,58.1774,58.255,44532
2010-04-27 10:20:56,58.2363,58.44,58.18,58.426,54954
2010-04-27 11:23:00,58.4126,58.53,58.07,58.11,36217
2010-04-27 12:10:53,58.1,58.12,57.51,57.54,28561
2010-04-27 13:23:20,57.54,57.83,57.2826,57.8126,39668
2010-04-27 14:04:24,57.8,57.8474,57.63,57.63,120819
2010-04-27 15:03:48,57.63,57.7,57.43,57.504,33528
2010-04-27 15:50:47,57.5,57.66,57.168,57.168,31806
2010-04-28 10:04:10,57.1689,57.66,57.0,57.4498,36216
2010-04-28 11:27:48,57.38,57.73,57.37,57.64,28962
2010-04-28 11:36:21,57.64,57.64,57.35,57.35,26170
2010-04-28 13:22:15,57.35,57.64,57.16,57.5999,35171
2010-04-28 14:56:09,57.581,57.81,57.54600000000001,57.73,30629
2010-04-28 15:45:12,57.73,57.7519,57.54,57.54,58115
2010-04-29 09:55:02,57.5,58.2499,57.424,58.184,35457
2010-04-29 11:26:03,58.13,58.4826,58.0899,58.35,35190
2010-04-29 12:42:31,58.35,58.53,58.34,58.53,35907
2010-04-29 14:29:20,58.53,58.63,58.452,58.582,32880
2010-04-29 15:56:42,58.576,58.6286,58.4,58.479,43271
2010-04-30 10:12:34,58.46,58.59,58.13,58.1752,30601
2010-04-30 11:19:51,58.1626,58.416,58.0537,58.3,32025
2010-04-30 12:50:01,58.2974,58.3899,57.9701,57.9701,30486
2010-04-30 14:21:03,57.9701,58.03,57.7444,57.9834,46208
2010-04-30 15:54:02,57.971,58.02,57.53,57.65,38993
2010-05-03 10:17:44,57.65,58.03,57.51,58.00899999999999,31317
2010-05-03 12:07:30,58.0394,58.08,57.78,58.0199,27609
2010-05-03 13:39:29,58.02,58.41,58.01,58.4,37600
2010-05-03 14:29:12,58.4,58.465,58.33,58.45,144390
2010-05-03 15:37:20,58.44,58.47,58.2474,58.33,36151
2010-05-04 09:41:35,58.3174,58.365,57.4074,57.4074,34243
2010-05-04 10:35:26,57.4999,57.68,57.3,57.3,37919
2010-05-04 10:56:18,57.3074,57.33,57.1394,57.19,33492
2010-05-04 11:22:08,57.2177,57.23,56.9202,57.1408,36767
2010-05-04 12:08:52,57.14,57.1799,57.02,57.087,40120
2010-05-04 13:03:47,57.0924,57.1719,56.86600000000001,57.13,37135
2010-05-04 14:19:43,57.13,57.2299,57.01,57.02,45499
2010-05-04 14:47:01,56.974,57.06,56.9414,56.9414,34222
2010-05-04 15:22:03,56.9374,57.1048,56.9122,57.01,39134
2010-05-04 15:52:41,57.0302,57.07,56.78,57.03,41212
2010-05-05 09:35:32,57.0119,57.13,56.4101,56.4101,33886
2010-05-05 10:20:08,56.4298,56.89,56.26,56.8652,34283
2010-05-05 11:24:38,56.864,56.992,56.69,56.9,35979
2010-05-05 12:25:03,56.8983,57.1601,56.8102,56.974,32542
2010-05-05 13:15:28,56.97,57.0175,56.79,56.8672,32886
2010-05-05 14:03:06,56.8675,56.978,56.82,56.84,32074
2010-05-05 14:37:37,56.84,56.875,56.6,56.6,26273
2010-05-05 14:54:46,56.61,56.61,56.4,56.42100000000001,35928
2010-05-05 15:14:54,56.42100000000001,56.66,56.42,56.66,41754
2010-05-05 15:38:01,56.565,56.6801,56.4915,56.528,31021
2010-05-05 15:55:10,56.49,56.7099,56.46,56.7,22074
2010-05-06 10:13:30,56.74,56.748000000000005,56.42,56.55,83415
2010-05-06 11:02:39,56.558,56.6,56.05,56.08,50357
2010-05-06 11:38:50,56.032,56.13,55.86,55.998999999999995,33812
2010-05-06 12:18:03,56.02,56.226000000000006,55.76,56.15,31801
2010-05-06 13:15:30,56.15,56.152,55.8,55.82,31348
2010-05-06 13:39:33,55.81,55.81,55.57,55.62,111995
2010-05-06 14:06:59,55.61,55.63,55.34,55.34,30944
2010-05-06 14:19:04,55.34,55.3815,54.98,55.1,33066
2010-05-06 14:33:18,55.02,55.06,54.64,54.81,30269
2010-05-06 14:40:49,54.8,54.83,54.03,54.06,21445
2010-05-06 14:43:17,54.07,54.2,53.61,53.63,21859
2010-05-06 14:44:36,53.63,53.74,53.15,53.475,24243
2010-05-06 14:48:40,53.0095,53.57,49.7,49.7,21374
2010-05-06 14:54:03,49.0,50.0,29.3,40.08,29800
2010-05-06 14:58:07,40.33,50.32,38.26,44.01,16624
2010-05-06 14:59:20,44.01,53.64,43.14,50.22,15101
2010-05-06 15:02:58,49.94,54.09,47.0,54.03,27744
2010-05-06 15:08:31,54.18,54.6,53.5,54.5,21033
2010-05-06 15:10:39,54.5,54.91,54.3,54.5301,38858
2010-05-06 15:12:35,54.415,54.541,53.63,53.66,25094
2010-05-06 15:13:37,54.0,54.56,54.0,54.2,35766
2010-05-06 15:15:35,54.17,54.5189,54.04,54.15,34976
2010-05-06 15:17:48,54.15,54.48,54.15,54.48,23055
2010-05-06 15:21:53,54.48,54.73,53.7,53.875,34340
2010-05-06 15:26:42,53.875,54.13,53.85,53.86,42805
2010-05-06 15:31:11,53.86,54.39,53.85,54.2,22157
2010-05-06 15:38:55,54.23,54.78,54.15,54.56,13868
2010-05-06 15:43:18,54.5499,54.7585,54.5,54.7095,21773
2010-05-06 15:52:10,54.7097,55.2,54.68,54.9873,22277
2010-05-07 08:57:19,54.9961,55.11,54.68,54.86,34531
2010-05-07 09:34:33,54.86,54.87,54.43,54.4975,28616
2010-05-07 09:38:59,54.49,54.95,54.4401,54.95,25716
2010-05-07 09:50:56,54.94,55.18,54.879,55.05,32885
2010-05-07 10:05:35,55.02,55.04,54.19,54.2145,24223
2010-05-07 10:14:53,54.25,54.6,54.2101,54.39,23685
2010-05-07 10:27:01,54.38,54.408,53.688,53.7,31869
2010-05-07 10:36:28,53.71,53.94,53.281000000000006,53.66,27085
2010-05-07 10:46:17,53.66,54.0289,53.5,53.6126,22753
2010-05-07 11:02:38,53.66,53.9999,53.6326,53.87,27805
2010-05-07 11:31:49,53.87,54.8,53.73,54.06,21380
2010-05-07 11:49:58,54.0489,54.663999999999994,54.0489,54.64,38403
2010-05-07 12:24:25,54.6,54.95,54.39,54.7598,41885
2010-05-07 12:50:29,54.59,54.688,54.256,54.5302,56967
2010-05-07 13:18:15,54.5961,54.63,53.99,54.26,27739
2010-05-07 13:42:50,54.26,54.4805,54.14,54.4803,32080
2010-05-07 14:02:50,54.52,54.58,54.26,54.39,27896
2010-05-07 14:39:09,54.39,54.39,53.98,54.12,35716
2010-05-07 15:08:06,54.16,54.35,53.93,53.98,33828
2010-05-07 15:33:43,54.03,54.1691,53.75,53.75,34519
2010-05-07 15:45:35,53.74,54.16,53.74,53.86,39817
2010-05-10 09:29:54,53.864,57.12,53.83,56.5,40866
2010-05-10 09:32:55,56.5,57.39,56.19,56.32,36203
2010-05-10 09:46:51,56.29,56.67,56.2,56.5552,28699
2010-05-10 10:03:51,56.54,56.58,56.17,56.176,35810
2010-05-10 10:40:02,56.188,56.4248,55.911,56.0934,30310
2010-05-10 11:18:02,56.1032,56.29600000000001,55.91,56.1444,46661
2010-05-10 11:59:03,56.1963,56.42,56.1681,56.4019,92076
2010-05-10 12:47:54,56.4148,56.4148,56.17100000000001,56.2195,39457
2010-05-10 13:20:32,56.18,56.29,55.76,55.9101,49553
2010-05-10 13:51:36,55.93,56.1,55.79,55.95,51025
2010-05-10 14:22:47,55.94,55.98,55.68,55.915,42448
2010-05-10 15:06:55,55.925,56.04600000000001,55.79,55.94,35336
2010-05-10 15:49:44,55.9399,56.09,55.7875,56.06,39061
2010-05-10 15:59:55,56.062,56.352,56.0612,56.31,55472
2010-05-11 09:51:51,56.31,56.31,55.7,56.15,38236
2010-05-11 10:02:08,56.15,56.17,56.03,56.09,43561
2010-05-11 10:06:51,56.09,56.1,55.99,55.99,532446
2010-05-11 11:26:28,55.99,56.3748,55.99,56.29,35544
2010-05-11 12:36:53,56.354,56.72,56.3452,56.63,32058
2010-05-11 13:21:58,56.64,56.84,56.64,56.7226,59513
2010-05-11 14:02:51,56.73,56.99,56.7,56.8119,36410
2010-05-11 14:31:21,56.82,56.85,56.41,56.45,28939
2010-05-11 15:36:36,56.41,56.542,56.123999999999995,56.3763,36803
2010-05-12 09:37:46,56.45,56.53,55.6,56.45,44158
2010-05-12 10:37:37,56.42,56.76,56.32,56.5703,31137
2010-05-12 12:17:14,56.5401,56.7552,56.418,56.65,40667
2010-05-12 14:07:22,56.636,56.8614,56.6065,56.708,37772
2010-05-12 15:04:48,56.726000000000006,56.93,56.67,56.91,29811
2010-05-13 09:40:13,56.928999999999995,56.942,56.5201,56.6,43848
2010-05-13 10:28:46,56.6,56.8935,56.587,56.805,30023
2010-05-13 12:04:49,56.806,56.928,56.6099,56.6897,29528
2010-05-13 14:11:58,56.6899,56.8844,56.64,56.86,47448
2010-05-13 15:36:59,56.86,56.86,56.28,56.29,35795
2010-05-14 09:31:49,56.25,56.46,55.73,55.79,33896
2010-05-14 09:50:34,55.77,55.8665,55.27,55.37,31270
2010-05-14 10:21:37,55.37,55.56,55.18,55.5,32362
2010-05-14 11:32:57,55.4601,55.6,54.801,55.09,34509
2010-05-14 12:08:43,55.0726,55.16,54.73,54.76,31923
2010-05-14 13:57:36,54.8188,55.2326,54.8052,55.0126,30847
2010-05-14 15:18:59,55.0965,55.0965,54.7842,54.876000000000005,33921
2010-05-17 09:44:10,54.858,55.42,54.72,55.26,27840
2010-05-17 10:51:34,55.18,55.244,54.93,55.071000000000005,29433
2010-05-17 11:15:43,55.071000000000005,55.09,54.745,54.7737,30427
2010-05-17 11:36:22,54.78,54.8418,54.6478,54.8418,31070
2010-05-17 11:57:57,54.85,54.86,54.55,54.6018,32583
2010-05-17 12:05:00,54.6018,54.6018,54.18,54.2108,30312
2010-05-17 12:31:12,54.2108,54.43,54.19,54.36,38046
2010-05-17 12:54:55,54.365,54.48,54.33,54.41,37440
2010-05-17 13:30:03,54.41,54.64,54.33,54.6,34874
2010-05-17 13:50:46,54.6,54.7,54.401,54.42,38580
2010-05-17 14:16:15,54.44,54.73,54.4218,54.6795,36451
2010-05-17 14:38:57,54.655,54.71,54.5602,54.6899,33067
2010-05-17 14:54:39,54.6806,54.8899,54.652,54.84,27397
2010-05-17 15:15:11,54.84,55.11,54.825,54.905,105051
2010-05-17 15:33:36,54.905,54.9537,54.73,54.92,29264
2010-05-17 15:44:53,54.915,55.26,54.915,55.199,25170
2010-05-17 15:58:09,55.25,55.3114,55.15,55.2821,26735
2010-05-18 09:42:35,55.2832,55.78,55.21,55.7089,41311
2010-05-18 10:12:42,55.71,55.78,55.48,55.48,36043
2010-05-18 10:47:28,55.54600000000001,55.67,55.38,55.38,40713
2010-05-18 11:26:48,55.42,55.4499,55.19,55.43,39963
2010-05-18 12:32:01,55.418,55.451,54.9399,55.12,37122
2010-05-18 13:41:18,55.11,55.29,54.7626,54.86,35700
2010-05-18 14:26:42,54.78,54.82,54.56,54.56,32779
2010-05-18 15:07:02,54.5737,54.6,54.19,54.24,34450
2010-05-18 15:51:02,54.24,54.5574,54.24,54.3274,27638
2010-05-19 09:44:02,54.346,54.49,54.0,54.367,41913
2010-05-19 10:18:21,54.367,54.5894,54.0,54.0,59443
2010-05-19 10:32:28,54.0,54.19,53.73,54.18,41818
2010-05-19 11:16:20,54.1737,54.2165,53.79,53.902,33441
2010-05-19 11:55:27,53.8802,53.89,53.4865,53.6163,39283
2010-05-19 13:02:02,53.67,54.16,53.67,54.12,42076
2010-05-19 14:10:49,54.09,54.37,54.03,54.2,38993
2010-05-19 14:59:00,54.222,54.31,54.0274,54.13,33201
2010-05-19 15:45:18,54.15,54.4,53.9236,54.4,30341
2010-05-20 09:30:04,54.36,54.36,52.93,52.97,44701
2010-05-20 09:51:50,53.0,53.23,52.89,53.1235,37285
2010-05-20 10:15:15,53.11,53.2526,52.68,52.6917,30170
2010-05-20 10:27:31,52.69,52.75,52.3,52.3819,40474
2010-05-20 10:49:16,52.41,52.7375,52.41,52.72,42964
2010-05-20 11:12:46,52.691,52.89,52.65,52.73,31141
2010-05-20 11:47:26,52.74,53.0,52.62,52.8504,35593
2010-05-20 12:05:31,52.854,52.91,52.65,52.7077,32750
2010-05-20 12:49:05,52.6926,52.818000000000005,52.49,52.5425,37733
2010-05-20 12:59:20,52.5301,52.535,52.19,52.19,31819
2010-05-20 13:44:49,52.19,52.89,52.123999999999995,52.83,35444
2010-05-20 14:05:55,52.8395,52.87,52.38,52.4417,38386
2010-05-20 14:41:17,52.4417,53.0233,52.4,53.0232,25088
2010-05-20 15:07:14,53.0222,53.19,52.69,52.71,22722
2010-05-20 15:33:46,52.71,52.97,52.66,52.8501,30450
2010-05-20 15:53:07,52.83,52.83,52.31,52.31,34838
2010-05-21 09:30:18,52.3,52.3506,51.06,51.17,41724
2010-05-21 09:37:01,51.1,51.5203,51.1,51.5203,25357
2010-05-21 09:43:00,51.55,51.86,51.45,51.8,75995
2010-05-21 09:59:28,51.72,52.28,51.63,52.1897,44473
2010-05-21 10:32:12,52.11,52.5126,51.851000000000006,51.9922,24815
2010-05-21 11:01:18,51.96,52.2625,51.96,52.2,28646
2010-05-21 11:33:38,52.19,52.6615,52.19,52.5015,49548
2010-05-21 12:14:39,52.51,52.9474,52.492,52.74,50555
2010-05-21 13:31:43,52.744,52.8456,52.4126,52.49,42514
2010-05-21 14:13:53,52.49,52.756,52.4335,52.495,34961
2010-05-21 14:58:23,52.49,52.5526,52.1608,52.33,28107
2010-05-21 15:20:53,52.33,52.4152,52.01,52.12,29602
2010-05-21 15:46:51,52.19,52.62,52.05,52.5,38172
2010-05-24 09:41:06,52.49,52.9026,52.39,52.47,38280
2010-05-24 10:57:21,52.48,52.8301,52.3228,52.69,44816
2010-05-24 12:25:22,52.7008,52.93,52.511,52.7526,47619
2010-05-24 14:20:29,52.76,52.92,52.51,52.6505,31966
2010-05-24 15:10:27,52.6497,52.7,52.285,52.3,60485
2010-05-24 15:54:10,52.3901,52.53,52.15,52.15,27062
2010-05-25 09:30:13,52.14,52.19,50.62,50.72,51397
2010-05-25 09:40:52,50.72,50.869,50.452,50.4801,29404
2010-05-25 10:00:36,50.44,50.98,50.44,50.98,36065
2010-05-25 10:43:11,50.97,51.2365,50.9,50.97,28575
2010-05-25 11:13:05,50.96,51.27,50.8074,51.09,31911
2010-05-25 11:45:24,51.08,51.19,50.99,51.06,34672
2010-05-25 12:29:22,51.023,51.4175,51.02,51.23,47078
2010-05-25 13:42:46,51.23,51.265,50.9837,50.9837,31780
2010-05-25 14:40:44,51.0,51.37,50.9725,51.29,43432
2010-05-25 15:11:34,51.3,51.77,51.28,51.692,26318
2010-05-25 15:41:30,51.67,52.0497,51.552,51.95,38716
2010-05-25 15:57:44,51.97,52.11,51.9,52.11,37494
2010-05-26 10:09:58,52.11,52.88,52.11,52.7784,50594
2010-05-26 11:00:42,52.7797,52.89,52.6788,52.6897,52204
2010-05-26 12:08:00,52.66,52.7799,52.3598,52.64,44472
2010-05-26 13:15:45,52.6483,52.73,52.501999999999995,52.6824,37309
2010-05-26 14:12:47,52.6999,52.86,52.6582,52.7178,36810
2010-05-26 14:49:20,52.6725,52.7133,52.3074,52.39,31534
2010-05-26 15:30:17,52.3995,52.53,51.8637,51.93,27461
2010-05-26 15:54:35,51.93,52.22,51.82,52.08,46605
2010-05-27 10:16:53,52.08,53.01,51.94,52.9684,34607
2010-05-27 11:27:54,52.97,53.26,52.95399999999999,53.1794,70221
2010-05-27 12:18:02,53.2088,53.2675,53.0,53.1926,30567
2010-05-27 14:15:52,53.18,53.3498,52.9772,53.2944,33142
2010-05-27 15:36:36,53.3144,53.4599,53.2785,53.37,30764
2010-05-28 10:17:19,53.4,53.71,53.306,53.6101,39448
2010-05-28 11:36:57,53.57,53.615,53.1274,53.3096,37289
2010-05-28 12:43:44,53.279,53.5063,53.0,53.0,33713
2010-05-28 14:04:17,53.05,53.2299,52.88,52.887,34537
2010-05-28 15:45:00,52.8874,53.52,52.8,53.42,26220
2010-06-01 10:00:01,53.42,53.42,52.47,52.65,43581
2010-06-01 11:08:25,52.62,53.21,52.62,52.99,45646
2010-06-01 12:48:00,52.958,53.02,52.6801,52.8815,67368
2010-06-01 14:01:24,52.881,53.0974,52.7601,52.8,86248
2010-06-01 15:15:41,52.79,52.93,52.6602,52.74,43118
2010-06-02 09:29:59,52.74,52.7437,51.9899,52.35,40926
2010-06-02 09:56:21,52.35,52.49,52.15,52.29,52786
2010-06-02 11:22:40,52.29,52.6274,52.26,52.57,30710
2010-06-02 13:30:05,52.6074,52.8599,52.5299,52.7066,46187
2010-06-02 15:05:08,52.74,53.0325,52.52,53.01,42450
2010-06-02 15:53:49,53.015,53.2,52.9735,53.2,46762
2010-06-03 10:22:13,53.2,53.7,53.17,53.5376,45058
2010-06-03 12:10:11,53.538999999999994,53.5874,53.217,53.238,31540
2010-06-03 14:10:24,53.2737,53.2737,53.0,53.191,31933
2010-06-03 15:35:26,53.1921,53.49,53.1902,53.42100000000001,26971
2010-06-04 09:53:45,53.45,53.49,52.36,52.55,31894
2010-06-04 11:07:47,52.5702,52.6599,52.4,52.523999999999994,42352
2010-06-04 12:20:40,52.4989,52.53,52.01,52.2,28292
2010-06-04 13:44:42,52.1881,52.299,51.98,52.0726,33110
2010-06-04 14:47:46,52.076,52.099,51.8086,51.8086,30602
2010-06-04 15:21:08,51.8,51.8325,51.56,51.79,29389
2010-06-04 15:46:26,51.79,51.79,51.4,51.6018,41407
2010-06-07 09:42:18,51.6,51.76,51.4465,51.45,51945
2010-06-07 10:48:58,51.45,51.85,51.343999999999994,51.5201,40860
2010-06-07 12:15:38,51.5399,51.692,51.2474,51.654,47790
2010-06-07 13:45:25,51.623999999999995,51.73,51.53,51.5792,36331
2010-06-07 15:01:44,51.57899999999999,51.6164,51.22,51.33,44814
2010-06-07 15:41:21,51.32,51.41,50.96,50.96,31713
2010-06-08 09:42:50,50.9577,51.18,50.83,51.0556,35856
2010-06-08 10:05:06,51.069,51.069,50.7901,51.0,38854
2010-06-08 10:45:25,51.0283,51.085,50.57,50.57,34240
2010-06-08 11:35:05,50.54,51.026,50.5,50.996,42424
2010-06-08 12:34:38,50.968999999999994,51.2234,50.9194,51.0099,34393
2010-06-08 13:57:09,51.0164,51.18,50.5815,50.62,31071
2010-06-08 14:45:54,50.662,51.21,50.662,51.142,45661
2010-06-08 15:22:39,51.16,51.16,50.88,51.06,30623
2010-06-08 15:47:13,51.0585,51.48,51.03,51.4393,40495
2010-06-09 09:37:45,51.4394,51.84,51.361,51.7411,40742
2010-06-09 11:03:09,51.754,51.934,51.586000000000006,51.934,52892
2010-06-09 12:49:57,52.0094,52.21,52.0094,52.088,38687
2010-06-09 13:58:52,52.088,52.0999,51.876000000000005,51.88,24397
2010-06-09 14:44:26,51.8974,51.98,51.751999999999995,51.816,36699
2010-06-09 15:44:11,51.856,51.8792,51.1174,51.23,33480
2010-06-10 09:46:29,51.22,52.25,51.07,52.25,41223
2010-06-10 10:55:25,52.25,52.5998,52.18,52.32,44137
2010-06-10 12:37:15,52.32,52.4695,52.1261,52.17100000000001,51332
2010-06-10 13:51:49,52.1624,52.4099,52.05,52.39,64636
2010-06-10 15:15:51,52.34,52.58,52.2516,52.48,30616
2010-06-10 15:43:14,52.49,52.74,52.49,52.62,51168
2010-06-11 09:54:58,52.6426,52.768,52.23,52.44,45312
2010-06-11 11:05:09,52.45,52.798,52.44,52.45,39056
2010-06-11 12:25:30,52.45,52.57,52.29,52.43,34883
2010-06-11 14:21:10,52.41,52.63,52.382,52.38399999999999,38272
2010-06-11 15:44:14,52.372,52.799,52.372,52.7763,37887
2010-06-14 09:56:02,52.7694,53.33,52.7694,53.0826,32363
2010-06-14 11:24:28,53.084,53.56,53.0484,53.522,31553
2010-06-14 13:30:11,53.54,53.54,53.16,53.246,37888
2010-06-14 15:28:59,53.2663,53.3391,52.92,53.03,33295
2010-06-15 09:42:13,53.03,53.23,52.74,53.13,49369
2010-06-15 10:37:27,53.2089,53.273999999999994,53.1056,53.25899999999999,42502
2010-06-15 13:00:03,53.25899999999999,53.45,53.218999999999994,53.45,34055
2010-06-15 15:01:33,53.4514,53.78,53.37,53.6799,30382
2010-06-16 09:34:04,53.6799,53.9826,53.47,53.6801,28987
2010-06-16 11:12:22,53.74,53.8298,53.52,53.79,44133
2010-06-16 13:44:44,53.79,53.998999999999995,53.7728,53.88,33559
2010-06-16 15:20:57,53.8999,54.08,53.7202,53.721,28853
2010-06-17 09:49:39,53.7375,54.07,53.652,53.81,35483
2010-06-17 11:13:44,53.8088,53.93600000000001,53.45,53.6388,35629
2010-06-17 15:10:01,53.6263,53.8663,53.55,53.5619,36591
2010-06-18 10:32:18,53.5981,54.1344,53.4956,54.1344,47246
2010-06-18 12:28:57,54.1462,54.178,53.9526,53.9526,51003
2010-06-18 15:25:05,53.9426,54.08,53.91,53.9401,30745
2010-06-21 09:53:16,53.996,54.76,53.934,54.6,57772
2010-06-21 11:39:41,54.61,54.6926,54.4252,54.5,36026
2010-06-21 14:30:27,54.462,54.4774,54.1519,54.267,39809
2010-06-21 15:32:25,54.2837,54.2881,53.7,53.767,33284
2010-06-22 09:45:39,53.7837,54.04,53.6019,54.04,56480
2010-06-22 10:45:04,54.04,54.045,53.62,53.739,68358
2010-06-22 12:57:08,53.733999999999995,53.968,53.66,53.7926,39332
2010-06-22 14:37:01,53.7901,53.8399,53.47,53.5,45109
2010-06-22 15:04:22,53.51,53.51,53.0637,53.22,32695
2010-06-22 15:59:56,53.22,53.2874,52.9,52.96,38643
2010-06-23 10:00:02,52.97,52.98,52.5774,52.58,37103
2010-06-23 11:23:11,52.57,52.61,52.2656,52.47,41618
2010-06-23 14:13:01,52.45,52.6,52.32,52.5599,36276
2010-06-23 15:30:01,52.58,52.84,52.35,52.54,31067
2010-06-24 09:51:32,52.478,52.65,52.0,52.0,32293
2010-06-24 11:06:48,52.01,52.1,51.648999999999994,51.648999999999994,37501
2010-06-24 12:27:15,51.62,51.95,51.61,51.81399999999999,28101
2010-06-24 14:47:18,51.8,52.17,51.7244,51.8793,33416
2010-06-24 15:58:10,51.7437,51.8135,51.48,51.48,59931
2010-06-25 10:35:00,51.53,51.8288,51.47,51.572,41859
2010-06-25 12:36:20,51.431999999999995,51.76,51.38,51.76,41102
2010-06-25 14:41:16,51.76,52.0984,51.604,52.084,35520
2010-06-28 09:33:20,52.1005,52.1005,51.751999999999995,51.92,43346
2010-06-28 10:14:59,51.8672,51.9296,51.6063,51.8,49319
2010-06-28 13:01:47,51.7835,52.0599,51.76,51.8837,31863
2010-06-28 14:53:14,51.886,52.008,51.76,51.9663,57688
2010-06-29 09:46:40,51.9281,52.03,50.8563,50.868,38523
2010-06-29 10:00:32,50.878,50.878,50.44,50.48,27398
2010-06-29 10:45:38,50.58,50.6381,50.24,50.41,88599
2010-06-29 12:22:09,50.3906,50.62,50.2944,50.45399999999999,32369
2010-06-29 14:06:58,50.452,50.47,50.14,50.4,33136
2010-06-29 15:22:48,50.4,50.5199,50.0,50.0019,33952
2010-06-30 09:35:27,50.0001,50.27,49.9207,50.22,38822
2010-06-30 11:00:10,50.23,50.4826,50.1945,50.1945,51435
2010-06-30 13:44:50,50.276,50.518,50.26,50.288,29960
2010-06-30 15:01:05,50.34,50.4,50.15,50.2365,32308
2010-06-30 15:41:02,50.2119,50.248000000000005,49.7107,49.7107,26728
2010-06-30 15:47:33,49.71,49.8,49.5523,49.67,44576
2010-07-01 09:30:40,49.645,49.81,49.625,49.65,35485
2010-07-01 10:03:19,49.65,49.803999999999995,49.21,49.233999999999995,24677
2010-07-01 10:18:54,49.2201,49.39,49.06,49.0799,24178
2010-07-01 10:33:44,49.06,49.19,49.0,49.035,32779
2010-07-01 10:42:47,49.06,49.08,48.72,48.79,25454
2010-07-01 10:54:14,48.78,48.98,48.765,48.873999999999995,24259
2010-07-01 11:07:38,48.82,48.882,48.6494,48.665,21851
2010-07-01 11:20:42,48.69,48.855,48.66,48.835,19550
2010-07-01 11:50:55,48.845,49.17,48.825,49.085,23672
2010-07-01 12:16:19,49.095,49.118,48.9201,49.0299,31687
2010-07-01 12:58:21,49.01,49.52,48.92100000000001,49.29,26989
2010-07-01 13:38:59,49.3,49.525,49.2,49.48,24379
2010-07-01 14:31:31,49.475,49.62,49.31,49.4201,39462
2010-07-01 14:59:52,49.4269,49.5199,49.1499,49.285,55845
2010-07-01 15:23:05,49.305,49.498999999999995,49.27,49.28,29551
2010-07-01 15:53:08,49.28,49.553999999999995,49.255,49.43,31093
2010-07-02 09:35:03,49.47,49.7001,49.2332,49.7001,225981
2010-07-02 11:12:50,49.76,49.76,49.2575,49.3452,40384
2010-07-02 12:26:06,49.3426,49.3426,48.93,49.08,31375
2010-07-02 13:25:37,49.07,49.12,48.85,49.038,58327
2010-07-02 14:43:58,49.018,49.16,48.94,49.0819,74834
2010-07-02 15:59:38,49.07,49.53,48.99,49.19,45499
2010-07-06 10:02:22,49.18,49.94,49.11,49.928,54494
2010-07-06 11:04:21,49.95,50.1488,49.93899999999999,49.942,34791
2010-07-06 13:33:00,49.96,49.9999,49.5199,49.5907,50222
2010-07-06 14:50:38,49.59,49.6063,49.09,49.26,93342
2010-07-06 15:13:58,49.27,49.36,49.056,49.13,140760
2010-07-06 15:45:00,49.13,49.36,49.0,49.34,30823
2010-07-07 10:08:44,49.34,49.97,49.25,49.9115,31496
2010-07-07 11:58:23,49.9137,50.33,49.9137,50.04,36617
2010-07-07 13:18:14,50.09,50.466,50.09,50.466,29747
2010-07-07 14:35:45,50.5,50.58,50.404,50.46,45306
2010-07-07 15:26:21,50.4619,50.8,50.45,50.7799,52708
2010-07-07 16:17:57,50.751999999999995,51.08,50.751999999999995,51.08,33192
2010-07-08 10:40:58,51.07,51.5926,51.01,51.276,43040
2010-07-08 12:46:23,51.25,51.286,51.0272,51.11,39902
2010-07-08 14:44:00,51.136,51.2999,50.958,51.104,46032
2010-07-08 15:54:12,51.1,51.518,51.053999999999995,51.39,61711
2010-07-09 12:17:04,51.38,51.7388,51.38,51.62,43961
2010-07-09 15:02:01,51.62,51.891000000000005,51.6,51.888000000000005,32309
2010-07-12 09:46:42,51.8925,52.007,51.71,52.007,44717
2010-07-12 12:02:28,52.001999999999995,52.0292,51.57,51.846,32729
2010-07-12 14:23:13,51.824,52.026,51.81,51.9144,36085
2010-07-13 09:39:35,51.8901,52.6737,51.8419,52.6737,44513
2010-07-13 11:02:46,52.703,52.87,52.56,52.7435,47343
2010-07-13 12:54:52,52.7599,52.989,52.758,52.8919,53477
2010-07-13 14:20:38,52.919,52.919,52.7,52.842,71429
2010-07-13 15:33:16,52.8601,53.02,52.8074,52.9798,57988
2010-07-14 10:28:20,52.9799,53.119,52.4819,52.724,44384
2010-07-14 12:09:08,52.6685,52.955,52.6399,52.8816,119229
2010-07-14 14:13:05,52.88,52.9199,52.53,52.55,34243
2010-07-14 15:43:54,52.52,52.7299,52.404,52.56,41372
2010-07-15 09:52:06,52.55,52.848,52.55,52.66,56428
2010-07-15 10:40:45,52.6494,52.6682,52.08,52.228,46454
2010-07-15 12:53:48,52.2283,52.3377,52.16,52.233,70054
2010-07-15 14:58:03,52.286,52.61,52.251999999999995,52.58,40129
2010-07-15 15:50:02,52.52,52.86,52.3206,52.84,65951
2010-07-16 09:56:54,52.8316,52.94,51.89,51.89,39750
2010-07-16 11:25:41,51.89,51.958,51.656000000000006,51.656000000000006,38121
2010-07-16 13:10:06,51.7,51.75,51.4926,51.5363,42467
2010-07-16 15:12:59,51.54,51.59,51.3101,51.3101,48130
2010-07-19 09:49:44,51.3,51.5333,51.166,51.513000000000005,43183
2010-07-19 11:14:21,51.51,51.5899,51.0,51.1615,51576
2010-07-19 14:17:55,51.178,51.496,51.14,51.41,51261
2010-07-19 15:59:13,51.41,51.698,51.3981,51.52,62076
2010-07-20 10:36:18,51.5137,51.54,50.81,51.24,45258
2010-07-20 11:55:43,51.24,51.38,51.13,51.2181,58385
2010-07-20 14:25:09,51.21,51.83,51.1376,51.62,47606
2010-07-21 09:30:00,51.62,52.39,51.62,52.38,39472
2010-07-21 10:28:42,52.38,52.4,52.0,52.169,51746
2010-07-21 11:56:09,52.1574,52.181,51.85,51.989,63664
2010-07-21 14:06:06,52.0,52.138000000000005,51.88,51.9,54176
2010-07-21 14:31:04,51.9,51.92,51.45,51.45,58451
2010-07-21 15:13:00,51.4501,51.47,51.18,51.3298,53039
2010-07-21 15:59:57,51.3299,51.45,51.2,51.34,48311
2010-07-22 10:02:26,51.99,52.46,51.94,52.44,56963
2010-07-22 11:59:33,52.45,52.68,52.4,52.4,61463
2010-07-22 14:28:01,52.3919,52.68,52.39,52.68,62841
2010-07-22 15:48:02,52.7,52.72,52.3144,52.46,35745
2010-07-23 10:20:45,52.45,52.558,52.25,52.4602,45346
2010-07-23 12:12:30,52.426,52.78,52.41,52.45,50733
2010-07-23 14:12:51,52.4201,53.0744,52.42,52.978,40795
2010-07-23 15:54:50,53.006,53.0716,52.74,52.87,29820
2010-07-26 10:32:51,52.87,53.4608,52.87,53.291,45769
2010-07-26 12:21:41,53.291,53.6126,53.2721,53.556999999999995,35975
2010-07-26 14:34:04,53.56399999999999,53.61,53.41,53.41,61306
2010-07-26 15:36:43,53.418,53.595,53.3804,53.56,38667
2010-07-26 15:55:54,53.5419,53.71,53.5419,53.6695,43079
2010-07-27 09:38:14,53.66,54.05,53.63,54.05,174130
2010-07-27 10:14:22,54.05,54.107,53.744,53.79,50406
2010-07-27 11:40:38,53.7798,53.94,53.59,53.7344,26978
2010-07-27 13:39:26,53.74,53.9199,53.6666,53.7044,37793
2010-07-27 15:00:14,53.6956,53.88,53.659,53.71,30793
2010-07-27 15:27:23,53.73,53.89,53.72,53.8408,130304
2010-07-27 15:56:36,53.8402,53.88,53.72,53.7799,34173
2010-07-28 09:45:26,53.758,53.77,53.57,53.69,140737
2010-07-28 11:09:08,53.68,53.705,53.43600000000001,53.4899,55106
2010-07-28 12:07:37,53.466,53.567,53.46,53.479,50762
2010-07-28 13:42:28,53.4875,53.67,53.48,53.516000000000005,292609
2010-07-28 15:15:39,53.558,53.6181,53.26,53.26,63654
2010-07-29 10:01:18,53.25,53.8999,53.23,53.6966,116413
2010-07-29 11:57:05,53.6419,53.662,52.8902,52.94,45862
2010-07-29 13:30:44,52.948,53.13,52.74,53.13,60834
2010-07-29 15:24:35,53.15,53.4298,53.01,53.3974,37673
2010-07-30 09:30:00,53.4109,53.4309,52.63,52.63,158696
2010-07-30 09:56:04,52.61,53.01,52.56,53.01,28674
2010-07-30 11:19:09,53.01,53.36,52.94,53.145,47814
2010-07-30 11:56:21,53.145,53.175,53.0198,53.1099,59611
2010-07-30 14:42:43,53.154,53.1744,52.84,53.12,35981
2010-08-02 09:33:22,53.1648,54.1,53.0033,53.97,56544
2010-08-02 11:12:18,53.95,54.172,53.772,54.129,35345
2010-08-02 13:35:22,54.129,54.28,54.1,54.1637,60028
2010-08-02 15:36:11,54.1663,54.41,54.14,54.4099,287964
2010-08-03 09:40:42,54.4187,54.42,54.14,54.256,53839
2010-08-03 11:15:33,54.22,54.24,53.95,54.21,52713
2010-08-03 13:02:52,54.2137,54.3694,54.08,54.084,56140
2010-08-03 15:01:23,54.093999999999994,54.25,54.0828,54.1602,46256
2010-08-04 09:55:56,54.1616,54.29,53.9915,54.218,48169
2010-08-04 12:07:46,54.197,54.38399999999999,54.042,54.18,50648
2010-08-04 14:17:28,54.2099,54.31,54.122,54.2589,82016
2010-08-04 15:52:58,54.2591,54.3963,54.21,54.35,61116
2010-08-05 10:17:29,54.3255,54.38,53.94,54.1202,57460
2010-08-05 11:51:29,54.115,54.23,54.0,54.14,55360
2010-08-05 14:17:23,54.14,54.2099,54.05,54.2063,56680
2010-08-06 09:30:00,54.19,54.3299,53.71,53.8,41741
2010-08-06 10:40:03,53.72,54.11,53.72,53.82,38683
2010-08-06 12:37:12,53.82,53.85,53.4074,53.5,50058
2010-08-06 14:57:32,53.5294,53.8528,53.45,53.8528,38204
2010-08-06 15:59:15,53.8501,54.05,53.77,54.03,57907
2010-08-09 10:56:59,54.0299,54.35,53.97,54.1248,155089
2010-08-09 14:17:21,54.208,54.2834,54.17,54.272,39061
2010-08-09 15:41:30,54.2723,54.401,54.261,54.3474,33538
2010-08-10 09:56:22,54.34,54.392,53.565,53.6544,25404
2010-08-10 12:14:08,53.66,53.8599,53.635,53.8,29049
2010-08-10 14:15:10,53.81,54.0,53.66,53.96,59194
2010-08-10 14:19:16,53.95,54.22,53.92,54.02,26186
2010-08-10 15:11:44,54.02,54.3199,53.9292,54.18,44673
2010-08-11 09:30:24,54.18,54.2,53.17,53.2,59617
2010-08-11 10:57:04,53.21,53.21,52.812,52.8256,34976
2010-08-11 13:29:09,52.83,52.83,52.523999999999994,52.6456,42620
2010-08-11 15:30:55,52.6528,52.7099,52.441,52.518,46183
2010-08-12 09:34:51,52.5519,52.64,51.56,52.06,65978
2010-08-12 10:24:54,52.1,52.3017,52.0302,52.21,38293
2010-08-12 11:22:02,52.21,52.3601,52.09,52.35,44079
2010-08-12 13:54:48,52.3356,52.4101,52.1537,52.1537,37532
2010-08-12 15:35:03,52.162,52.45,52.1201,52.4437,35602
2010-08-13 10:20:14,52.3819,52.4882,52.09,52.37,82426
2010-08-13 13:16:08,52.36,52.4201,52.1356,52.3799,45980
2010-08-13 15:40:15,52.3405,52.424,52.21,52.261,46807
2010-08-16 09:47:02,52.251000000000005,52.258,51.62,51.94,48274
2010-08-16 12:10:31,51.96,52.18600000000001,51.8367,52.18600000000001,53280
2010-08-16 14:45:52,52.1722,52.22,52.0072,52.04,51630
2010-08-17 10:18:37,52.04,52.63,51.88,52.4101,37402
2010-08-17 11:27:06,52.4294,52.842,52.406000000000006,52.832,58447
2010-08-17 12:51:40,52.83,52.926,52.8,52.82,53013
2010-08-17 14:22:01,52.8163,53.0481,52.812,52.9665,46158
2010-08-17 15:39:27,52.98,52.99,52.78,52.79,56627
2010-08-18 09:58:43,52.8,52.8099,52.3787,52.45,68490
2010-08-18 11:30:08,52.45,52.69,52.386,52.636,52711
2010-08-18 13:34:27,52.63,53.014,52.63,53.0,72207
2010-08-18 15:41:16,52.9432,53.05,52.79,52.86,45638
2010-08-19 10:00:03,52.86,52.8744,52.25,52.25,62149
2010-08-19 11:06:34,52.24,52.24,51.8101,51.86,64141
2010-08-19 12:35:37,51.86,51.906000000000006,51.59,51.7881,44588
2010-08-19 15:22:55,51.78,51.9622,51.6044,51.9001,47371
2010-08-20 09:32:27,51.982,51.982,51.49,51.49,77584
2010-08-20 10:36:42,51.51,51.61,51.31,51.4301,57102
2010-08-20 11:59:15,51.4348,51.498000000000005,51.19,51.1941,74273
2010-08-20 14:32:38,51.193000000000005,51.5148,51.1819,51.5148,52951
2010-08-23 09:30:02,51.51,51.88,51.4903,51.83,53186
2010-08-23 10:40:41,51.83,52.0489,51.761,51.86,58507
2010-08-23 11:49:38,51.7601,51.7601,51.5118,51.6081,74295
2010-08-23 14:02:58,51.61,51.726000000000006,51.5618,51.639,66453
2010-08-23 15:28:17,51.6334,51.794,51.5881,51.5881,65736
2010-08-24 09:35:02,51.59,51.5944,50.821000000000005,50.88,40889
2010-08-24 10:00:06,50.87,50.89,50.58,50.62,45803
2010-08-24 10:23:58,50.63,50.86,50.468999999999994,50.86,54763
2010-08-24 11:12:32,50.86,50.97,50.66,50.9,60413
2010-08-24 13:14:34,50.9,51.08,50.8,50.878,43306
2010-08-24 14:56:10,50.8583,50.94,50.73,50.89,39069
2010-08-25 09:30:09,50.89,51.0862,50.4,50.4595,36635
2010-08-25 10:00:08,50.4,50.53,50.1,50.11,49716
2010-08-25 10:59:17,50.09,50.498999999999995,50.09,50.48,47521
2010-08-25 13:33:06,50.4819,50.5961,50.3856,50.5056,39715
2010-08-25 14:52:20,50.4939,50.9,50.4939,50.85,52822
2010-08-25 15:41:37,50.8519,51.01,50.76,50.94,44049
2010-08-26 09:46:38,50.95,51.18,50.91,51.088,46576
2010-08-26 11:47:02,51.088,51.20399999999999,50.84,50.9048,51990
2010-08-26 14:33:49,50.9022,50.9499,50.5419,50.5474,42640
2010-08-26 15:54:01,50.5419,50.7822,50.459,50.67,49042
2010-08-27 10:07:05,50.66,50.92,50.25,50.31,53523
2010-08-27 11:09:31,50.33,51.08,50.2682,51.07,66578
2010-08-27 12:52:22,51.05,51.222,51.05,51.1,60314
2010-08-27 14:18:26,51.089,51.2599,50.998000000000005,51.2436,57480
2010-08-27 15:57:08,51.236,51.43,51.211000000000006,51.36,43518
2010-08-30 10:32:34,51.36,51.43,50.75,51.11,61631
2010-08-30 11:59:49,51.1,51.22,50.9509,51.0052,37738
2010-08-30 14:49:06,51.0056,51.126000000000005,50.82,50.9239,49422
2010-08-30 15:25:32,50.88,50.94,50.74,50.8119,35092
2010-08-30 15:46:41,50.8119,50.82,50.72,50.72,64323
2010-08-31 09:54:20,50.72,51.35,50.24100000000001,50.5,69595
2010-08-31 10:27:02,50.52,50.84,50.38,50.7101,61332
2010-08-31 11:02:17,50.711000000000006,50.85,50.62,50.84,79524
2010-08-31 12:35:04,50.84,50.9699,50.69,50.8381,60831
2010-08-31 14:05:24,50.8302,50.88,50.69,50.82,61431
2010-08-31 14:50:55,50.84,50.93,50.45,50.46,77842
2010-08-31 15:40:43,50.46,50.6,50.46,50.5101,151018
2010-09-01 09:41:50,50.55,51.44,50.55,51.39,90113
2010-09-01 10:01:37,51.4,51.88,51.3452,51.88,88413
2010-09-01 11:33:40,51.88,52.12,51.88,52.11,72353
2010-09-01 12:22:06,52.11,52.2,52.1,52.1122,113260
2010-09-01 14:53:24,52.0806,52.2299,52.0466,52.11,58573
2010-09-02 09:48:26,52.11,52.42,52.0646,52.38,65830
2010-09-02 11:00:31,52.41,52.57,52.3799,52.542,79117
2010-09-02 14:22:15,52.56399999999999,52.61,52.3939,52.582,61967
2010-09-02 15:57:50,52.582,52.74,52.53,52.74,67768
2010-09-03 11:16:25,52.738,53.49,52.72,53.093999999999994,49531
2010-09-03 13:56:24,53.148,53.35,53.04,53.35,52134
2010-09-03 15:59:54,53.3544,53.42,53.181,53.38,69408
2010-09-07 11:50:37,53.38,53.38,52.77,52.9,37613
2010-09-07 13:55:48,52.8684,52.976000000000006,52.7894,52.88,135971
2010-09-08 09:30:00,52.9,52.95,52.64,52.79,48262
2010-09-08 11:11:30,52.7556,53.2104,52.7556,53.196000000000005,52589
2010-09-08 14:06:19,53.1784,53.24,52.91,52.9317,50709
2010-09-08 15:59:29,52.9315,53.156000000000006,52.926,53.01,46991
2010-09-09 11:11:45,53.02,53.66,53.02,53.608,45521
2010-09-09 14:12:28,53.6181,53.6561,53.26,53.26,37528
2010-09-09 15:57:42,53.256,53.55,53.24,53.3802,43289
2010-09-10 10:54:04,53.37,53.691,53.37,53.618,56404
2010-09-10 13:53:24,53.611,53.65,53.4561,53.58,82407
2010-09-10 16:05:18,53.58,53.688,53.558,53.61,71345
2010-09-13 11:02:32,53.62,54.34,53.62,54.268,44227
2010-09-13 13:20:38,54.2372,54.28,53.95,54.08,56548
2010-09-13 15:09:06,54.0999,54.14,54.0,54.0919,51781
2010-09-14 09:40:12,54.0919,54.28,53.934,53.9744,66641
2010-09-14 10:50:16,53.966,54.1499,53.83,54.148999999999994,77459
2010-09-14 12:08:46,54.148999999999994,54.35,54.1299,54.35,77176
2010-09-14 14:33:03,54.33,54.33,54.05,54.11,54512
2010-09-15 09:39:18,54.11,54.3439,53.73,53.7936,51740
2010-09-15 10:49:01,53.788,54.1174,53.74,54.0793,91805
2010-09-15 13:25:07,54.05,54.23,53.95,54.17,54675
2010-09-15 15:15:13,54.17,54.2,54.0262,54.1256,78996
2010-09-16 09:41:08,54.1228,54.3231,53.979,53.994,48167
2010-09-16 10:28:26,53.95,54.11,53.83,54.01,78680
2010-09-16 11:42:32,54.01,54.06,53.9,53.96,92406
2010-09-16 14:23:17,53.9536,54.05,53.88399999999999,54.0164,66644
2010-09-17 09:37:54,54.0,54.46,54.0,54.46,66235
2010-09-17 11:31:24,54.46,54.46,54.03,54.1222,52812
2010-09-17 14:36:12,54.1256,54.16,54.0073,54.16,60482
2010-09-20 09:57:45,54.16,54.306,54.02,54.2819,102132
2010-09-20 11:07:01,54.2999,54.67,54.24,54.6501,71591
2010-09-20 13:06:40,54.678999999999995,54.718,54.5668,54.67,50661
2010-09-20 14:38:43,54.681999999999995,54.84,54.6201,54.8381,81553
2010-09-20 15:59:51,54.824,55.0439,54.824,54.95,65999
2010-09-21 10:27:48,54.95,55.05,54.8901,54.94,103427
2010-09-21 12:41:28,54.94,54.981,54.766000000000005,54.81,73454
2010-09-21 14:17:41,54.81,54.84,54.66,54.83,56222
2010-09-21 14:31:57,54.9,55.04,54.8864,54.98,114177
2010-09-21 15:27:10,55.0,55.23,54.88,54.88,66100
2010-09-21 15:48:19,54.88,54.89,54.626000000000005,54.76,95297
2010-09-22 10:14:42,54.76,55.0022,54.66,54.8261,51022
2010-09-22 12:06:50,54.816,54.8501,54.38,54.45,62846
2010-09-22 13:00:08,54.45,54.55,54.43,54.43,243610
2010-09-22 15:00:10,54.4239,54.62,54.3474,54.59,62943
2010-09-23 09:31:12,54.59,54.608,53.92,53.92,39280
2010-09-23 10:02:57,53.92,54.123000000000005,53.8376,54.123000000000005,35371
2010-09-23 11:44:28,54.12,54.4469,54.0619,54.34,74764
2010-09-23 13:37:52,54.35,54.3924,54.21,54.264,59848
2010-09-23 15:10:53,54.262,54.27,53.9319,53.9519,51440
2010-09-24 09:53:19,53.9519,54.3,53.72,54.2199,46629
2010-09-24 11:21:40,54.2294,54.5401,54.223,54.52,62073
2010-09-24 14:28:01,54.521,54.6099,54.39,54.49,37772
2010-09-27 10:02:53,54.532,54.7,54.39,54.46,46342
2010-09-27 12:03:46,54.44,54.57,54.37,54.44,63253
2010-09-27 13:47:47,54.44,54.54,54.35,54.53,96339
2010-09-27 14:35:57,54.54,54.5998,54.5124,54.5483,65492
2010-09-27 15:51:03,54.5672,54.63,54.31,54.31,54179
2010-09-28 10:00:00,54.321000000000005,54.43,54.06,54.07,72075
2010-09-28 10:59:36,54.06,54.198,53.894,54.198,360245
2010-09-28 13:02:37,54.218,54.468999999999994,54.1801,54.441,41306
2010-09-28 15:12:25,54.441,54.5592,54.238,54.36,51281
2010-09-29 09:30:01,54.38,54.68,54.36,54.36,67439
2010-09-29 10:22:52,54.4,54.468,54.2112,54.2161,48567
2010-09-29 11:46:30,54.2493,54.4789,54.19,54.4788,48027
2010-09-29 13:58:22,54.4532,54.57899999999999,54.39,54.5291,53088
2010-09-29 15:11:52,54.5382,54.58,54.39,54.39,41960
2010-09-30 09:40:13,54.39,54.79,54.18,54.69,46963
2010-09-30 09:42:44,54.69,54.84,54.67,54.82,43029
2010-09-30 09:57:43,54.8,55.04,54.8,54.851000000000006,51768
2010-09-30 10:15:30,54.86,54.89,54.68,54.72,36583
2010-09-30 10:31:05,54.72,54.8,54.61,54.73,69070
2010-09-30 11:00:16,54.73,54.76,54.4901,54.4901,57250
2010-09-30 11:22:58,54.5,54.55,54.32,54.33,58913
2010-09-30 11:55:31,54.33,54.33,54.17,54.25,57834
2010-09-30 12:30:59,54.25,54.27,54.0519,54.14,57477
2010-09-30 13:18:59,54.16,54.3999,54.14,54.35,54018
2010-09-30 14:20:58,54.35,54.39,54.2001,54.268,51038
2010-09-30 14:55:56,54.2662,54.467,54.2662,54.43,39524
2010-09-30 15:24:40,54.44,54.46,54.26,54.36,53812
2010-09-30 15:55:01,54.36,54.42,54.2462,54.31,68015
2010-10-01 10:01:01,54.3,54.71,54.24,54.62,91726
2010-10-01 10:38:27,54.62,54.66,54.24,54.24,74574
2010-10-01 11:54:34,54.21,54.489,54.21,54.45,65281
2010-10-01 13:51:59,54.4501,54.576,54.3576,54.45,43328
2010-10-01 15:53:32,54.444,54.6698,54.444,54.58,57845
2010-10-04 09:46:15,54.5781,54.73,54.45,54.72,289627
2010-10-04 10:12:55,54.69,54.6999,54.44,54.57,59647
2010-10-04 11:05:09,54.55,54.6588,54.3801,54.3801,61101
2010-10-04 12:09:11,54.3824,54.3838,53.96,53.9738,66532
2010-10-04 13:00:53,53.97,54.16,53.97,54.16,47549
2010-10-04 14:18:37,54.14,54.169,54.0302,54.0302,74801
2010-10-04 15:21:51,54.032,54.17,53.99,54.148999999999994,72562
2010-10-05 09:41:04,54.16,54.8,54.1092,54.63,52747
2010-10-05 10:19:38,54.61,54.9,54.61,54.831,44873
2010-10-05 10:29:45,54.85,54.89,54.765,54.89,166693
2010-10-05 11:50:32,54.89,55.248999999999995,54.89,55.2,58555
2010-10-05 13:27:38,55.2,55.3299,55.15,55.282,82356
2010-10-05 15:30:30,55.2828,55.4262,55.2501,55.423,77286
2010-10-06 09:47:34,55.391000000000005,55.4,55.2426,55.2426,51052
2010-10-06 10:50:48,55.2452,55.4448,55.2452,55.38,47332
2010-10-06 13:05:58,55.38,55.4599,55.2304,55.2304,53642
2010-10-06 15:05:42,55.2424,55.3168,55.1638,55.2638,52204
2010-10-07 09:30:51,55.2626,55.68,55.20399999999999,55.59,35136
2010-10-07 10:19:11,55.6,55.64,55.2976,55.4038,40972
2010-10-07 12:29:16,55.5,55.5009,55.16,55.16,48410
2010-10-07 14:33:28,55.16,55.36,55.0452,55.3024,48807
2010-10-08 10:01:36,55.31,55.4799,55.2301,55.39,58248
2010-10-08 12:29:50,55.4076,55.6,55.2174,55.5076,47152
2010-10-08 14:46:58,55.5299,55.62,55.413999999999994,55.563,55577
2010-10-11 09:35:57,55.5662,55.6862,55.48,55.61,32865
2010-10-11 11:29:55,55.57,55.7031,55.51,55.608999999999995,37188
2010-10-11 14:33:25,55.6231,55.67,55.61,55.62,46139
2010-10-12 09:41:34,55.6376,55.6681,55.3062,55.358,35486
2010-10-12 10:46:14,55.358999999999995,55.48,55.15,55.48,67263
2010-10-12 13:21:32,55.48,55.55,55.402,55.47,53199
2010-10-12 15:18:31,55.46,55.738,55.43,55.7099,37949
2010-10-13 09:57:43,55.75,56.12,55.75,56.06,42984
2010-10-13 11:24:57,56.06,56.273999999999994,55.9801,56.19,50414
2010-10-13 14:04:20,56.1552,56.3306,56.13,56.3,41011
2010-10-13 14:53:28,56.3,56.3698,56.21,56.2181,83050
2010-10-14 09:32:01,56.2,56.22,55.88,55.9,48536
2010-10-14 10:25:43,55.88,55.944,55.7024,55.8606,32282
2010-10-14 11:30:23,55.8401,55.9499,55.731,55.7601,46902
2010-10-14 12:23:42,55.7601,55.7602,55.54,55.55,56457
2010-10-14 14:13:49,55.54,55.5924,55.4062,55.4738,49811
2010-10-14 15:28:52,55.4765,55.5175,55.3104,55.49,40506
2010-10-15 09:30:02,55.488,56.05,55.4601,56.01,30533
2010-10-15 09:58:21,56.01,56.01,55.482,55.552,46767
2010-10-15 11:03:45,55.57,55.6088,55.06,55.36600000000001,43920
2010-10-15 12:16:23,55.3638,55.5298,55.2038,55.2401,56244
2010-10-15 14:28:25,55.266000000000005,55.46,55.2,55.35,45127
2010-10-18 09:32:11,55.37,55.44,55.238,55.3266,47026
2010-10-18 11:04:27,55.35,55.6824,55.31,55.63,59950
2010-10-18 12:51:47,55.6212,55.628,55.49,55.6,56677
2010-10-18 13:50:26,55.6104,55.6581,55.5518,55.632,51923
2010-10-18 15:30:40,55.6378,55.92,55.5981,55.868,61395
2010-10-19 09:30:06,55.858,55.9095,55.2,55.33,48883
2010-10-19 09:34:55,55.33,55.42,55.303999999999995,55.386,24894
2010-10-19 09:44:53,55.3932,55.5,55.361,55.4417,21423
2010-10-19 09:53:25,55.442,55.512,55.3,55.33,30443
2010-10-19 10:50:54,55.33,55.59,55.25,55.57,40610
2010-10-19 12:29:55,55.5644,55.708,55.4478,55.6,41989
2010-10-19 14:01:45,55.58,55.6099,55.0614,55.0614,47523
2010-10-19 15:15:24,55.07,55.1252,54.8778,54.9181,63710
2010-10-20 09:48:52,54.9562,55.42,54.8076,55.42,37368
2010-10-20 11:31:36,55.42,55.69,55.18,55.69,63671
2010-10-20 13:09:57,55.68,55.8699,55.6238,55.8403,79543
2010-10-20 14:55:23,55.82,55.9,55.7024,55.7715,52294
2010-10-21 09:32:17,55.7576,55.93,55.655,55.87,53514
2010-10-21 10:20:01,55.8783,56.18,55.81,56.16,38551
2010-10-21 11:23:46,56.1262,56.24,56.022,56.05,46135
2010-10-21 12:16:12,56.0428,56.049,55.78,55.86,76167
2010-10-21 13:20:49,55.86,55.93,55.73,55.8378,85413
2010-10-21 14:20:49,55.827,55.827,55.4,55.54,92501
2010-10-21 15:39:32,55.516000000000005,55.803999999999995,55.51,55.7501,73251
2010-10-22 10:05:48,55.7776,55.92,55.68,55.79,67758
2010-10-22 12:18:00,55.7668,55.854,55.67,55.6728,36497
2010-10-22 14:35:41,55.698,55.7699,55.66,55.7219,53798
2010-10-25 09:35:24,55.727,56.25,55.69,56.24,56200
2010-10-25 10:34:26,56.24,56.418,56.2,56.2,65356
2010-10-25 11:59:51,56.18899999999999,56.1898,56.021,56.034,49111
2010-10-25 13:22:15,56.042,56.05,55.8981,56.032,60393
2010-10-25 14:52:35,56.0299,56.0681,55.8856,55.99,70856
2010-10-25 15:47:37,55.982,56.16,55.86,55.86,57634
2010-10-26 10:29:08,55.84,55.94,55.53,55.8016,46801
2010-10-26 12:37:32,55.8013,55.9,55.71,55.8599,56116
2010-10-26 14:19:25,55.86,55.9,55.6664,55.72,63591
2010-10-26 15:29:12,55.71,55.9248,55.68,55.8938,75150
2010-10-27 10:00:01,55.8476,55.876000000000005,55.43,55.71,61021
2010-10-27 11:39:50,55.71,55.71,55.2301,55.38,67443
2010-10-27 13:28:08,55.3799,55.41,55.1756,55.2325,34761
2010-10-27 15:01:58,55.2899,55.5098,55.2401,55.486,53183
2010-10-27 15:57:36,55.4697,55.69,55.4224,55.69,73964
2010-10-28 10:35:29,55.7,56.03,55.62,55.66,65250
2010-10-28 11:56:19,55.66,55.7499,55.57,55.64,77624
2010-10-28 13:26:05,55.61,55.75,55.45,55.64,68345
2010-10-28 14:46:25,55.64,55.71,55.58,55.65,72719
2010-10-28 15:57:34,55.66,55.82,55.6002,55.7698,66913
2010-10-29 10:57:15,55.77,55.77,55.49,55.6,41704
2010-10-29 12:13:01,55.64,55.7,55.47,55.59,71574
2010-10-29 13:30:24,55.59,55.6464,55.575,55.6464,71105
2010-10-29 15:02:50,55.64,55.72,55.58,55.59,60622
2010-11-01 10:00:00,55.59,56.06,55.59,56.04,56409
2010-11-01 11:05:34,56.04,56.2188,55.96,55.96,38171
2010-11-01 12:48:15,55.9984,56.0101,55.8176,55.82,60906
2010-11-01 15:00:07,55.82,55.88,55.5276,55.556999999999995,81994
2010-11-01 15:55:41,55.5599,55.5662,55.261,55.5662,61013
2010-11-02 10:31:35,55.5681,56.02,55.551,55.84,80812
2010-11-02 11:39:27,55.861999999999995,55.898999999999994,55.77,55.861999999999995,99229
2010-11-02 14:45:03,55.8382,56.04,55.8382,55.88,59354
2010-11-03 09:57:26,55.8938,56.05,55.87,56.03,42746
2010-11-03 11:44:59,56.03,56.09,55.84,55.8801,50337
2010-11-03 13:42:11,55.8894,55.9199,55.7626,55.803999999999995,59648
2010-11-03 14:17:10,55.82,55.98,55.66,55.92,34652
2010-11-03 14:20:45,55.95,56.0694,55.74,56.0694,52809
2010-11-03 14:28:07,56.06,56.15,55.69,55.75,122225
2010-11-03 15:00:01,55.74,56.119,55.52,56.09,80229
2010-11-04 09:35:19,56.09,56.82,56.017,56.77,38967
2010-11-04 10:22:18,56.78,56.89,56.744,56.87,46813
2010-11-04 11:12:28,56.86,57.12,56.86,57.0461,45741
2010-11-04 12:01:14,57.0201,57.05,56.9756,57.0099,86197
2010-11-04 13:13:37,57.01,57.0824,56.98,57.0616,46831
2010-11-04 14:32:42,57.0562,57.12,57.02,57.1038,84033
2010-11-04 15:29:12,57.101000000000006,57.3,57.091,57.3,74122
2010-11-05 09:30:10,57.32,57.48,57.2676,57.48,79983
2010-11-05 10:11:03,57.42,57.69,57.38,57.6419,34143
2010-11-05 11:01:54,57.67,57.9,57.67,57.83,52773
2010-11-05 12:10:04,57.83,57.83,57.52,57.57,73788
2010-11-05 13:20:14,57.58,57.7138,57.5548,57.7,60717
2010-11-05 15:16:42,57.6828,57.698,57.5278,57.5581,64105
2010-11-05 15:58:38,57.5532,57.805,57.529,57.795,105686
2010-11-08 11:19:44,57.79,57.79,57.2819,57.3719,60240
2010-11-08 13:25:22,57.37,57.57,57.37,57.56,59089
2010-11-08 14:39:14,57.56,57.613,57.46,57.52,62180
2010-11-09 09:33:44,57.54,57.82,57.5262,57.619,49805
2010-11-09 11:33:56,57.61600000000001,57.659,57.438,57.4862,49608
2010-11-09 13:53:27,57.486,57.5076,57.111,57.16,54323
2010-11-09 15:13:50,57.15,57.2938,57.0628,57.0781,68502
2010-11-10 09:54:09,57.0756,57.15,56.837,56.84,56188
2010-11-10 11:28:54,56.85,56.85,56.5676,56.791,54565
2010-11-10 13:42:54,56.8264,57.1599,56.8264,57.0928,50570
2010-11-10 15:13:44,57.0984,57.294,57.058,57.22,58865
2010-11-11 09:53:41,57.22,57.3,56.79,56.84,41783
2010-11-11 11:25:23,56.8494,57.0499,56.812,56.84,74112
2010-11-11 13:36:26,56.8681,57.0199,56.83,56.9976,119782
2010-11-11 15:42:36,57.036,57.1978,56.96,57.011,79289
2010-11-12 10:40:26,57.0138,57.13,56.6,56.68,92135
2010-11-12 11:57:21,56.7,56.718,56.492,56.54600000000001,77070
2010-11-12 13:28:37,56.56,56.61,56.3076,56.434,76370
2010-11-12 14:55:39,56.41,56.53,56.34,56.526,63127
2010-11-15 09:47:14,56.5199,56.88,56.4338,56.88,42860
2010-11-15 11:07:23,56.88,56.88,56.7,56.76,39376
2010-11-15 13:02:59,56.788999999999994,57.032,56.78,56.94,57439
2010-11-15 15:12:11,56.91,57.008,56.7676,56.8281,90094
2010-11-16 09:36:43,56.7999,56.7999,56.08,56.1299,52233
2010-11-16 10:32:50,56.14,56.2762,56.0,56.01,37887
2010-11-16 11:40:51,56.0,56.0,55.6832,55.7198,39946
2010-11-16 13:00:06,55.718,55.73,55.48,55.64,71745
2010-11-16 14:49:26,55.64,55.75,55.44,55.544,48113
2010-11-17 09:34:06,55.548,55.78,55.4399,55.7499,52486
2010-11-17 10:59:16,55.736999999999995,55.8799,55.5001,55.67,74836
2010-11-17 12:27:44,55.71,55.8,55.643,55.7268,120778
2010-11-17 14:37:52,55.7102,55.8081,55.674,55.7444,71719
2010-11-17 15:30:58,55.7522,55.7559,55.515,55.555,53683
2010-11-18 09:40:04,55.565,56.36,55.565,56.199,37686
2010-11-18 10:46:27,56.2,56.5198,56.156000000000006,56.48,51157
2010-11-18 12:59:30,56.48,56.56,56.416,56.5028,94503
2010-11-18 13:42:24,56.5061,56.519,56.4538,56.46,45700
2010-11-18 13:50:54,56.46,56.49,56.45,56.47,34633
2010-11-18 13:58:14,56.47,56.49,56.45,56.45,25673
2010-11-18 14:02:24,56.45,56.47,56.43,56.45,29716
2010-11-18 14:10:13,56.45,56.48,56.44,56.45,30392
2010-11-18 14:23:36,56.45,56.46,56.41,56.41,35466
2010-11-18 14:23:52,56.41,56.41,56.39,56.39,29869
2010-11-18 14:26:10,56.39,56.43,56.39,56.4001,28639
2010-11-18 15:11:34,56.4,56.5,56.394,56.468,73714
2010-11-19 09:54:18,56.46,56.46,55.98,56.0,37410
2010-11-19 11:34:57,56.01,56.2701,56.01,56.244,53704
2010-11-19 13:56:44,56.242,56.372,56.21,56.287,62855
2010-11-19 15:51:37,56.3,56.437,56.3,56.419,52006
2010-11-22 10:35:48,56.428,56.4799,55.961000000000006,55.961000000000006,52366
2010-11-22 12:25:31,55.98,56.053999999999995,55.891000000000005,55.9076,64929
2010-11-22 14:18:34,55.909,56.0098,55.67,55.982,78635
2010-11-22 15:57:54,55.981,56.2331,55.934,56.218,47905
2010-11-23 10:44:50,56.2038,56.2038,55.39,55.5872,52662
2010-11-23 12:27:40,55.5884,55.589,55.3248,55.446000000000005,92235
2010-11-23 14:43:42,55.456,55.58,55.35,55.3781,71435
2010-11-23 15:56:24,55.3799,55.4812,55.37,55.43,49424
2010-11-24 10:56:00,55.423,56.056,55.4162,55.9901,153654
2010-11-24 12:40:21,55.9812,56.05,55.93,56.0364,104484
2010-11-24 15:15:51,56.0444,56.1,55.992,56.072,69113
2010-11-26 11:15:25,56.088,56.1581,55.61,55.7801,82593
2010-11-29 10:04:55,55.784,55.7999,55.03,55.058,50607
2010-11-29 11:56:43,55.14,55.42,55.1,55.16,71385
2010-11-29 13:25:15,55.174,55.3526,55.174,55.2781,104369
2010-11-29 14:40:31,55.26,55.5562,55.18,55.551,85972
2010-11-29 15:57:45,55.558,55.82,55.558,55.7,69225
2010-11-30 10:43:18,55.71,55.7292,55.14,55.39,138397
2010-11-30 12:20:01,55.41,55.49,55.32,55.4108,77961
2010-11-30 14:12:03,55.4118,55.706,55.39,55.6676,87715
2010-11-30 15:34:07,55.6824,55.6884,55.43,55.6148,83909
2010-12-01 09:40:59,55.619,56.27,55.32,56.236,73941
2010-12-01 11:03:39,56.194,56.4,56.176,56.2499,59641
2010-12-01 12:26:09,56.2425,56.62,56.24,56.514,65895
2010-12-01 14:05:54,56.53,56.596,56.46,56.48,61119
2010-12-01 15:32:37,56.5048,56.6201,56.4976,56.558,52253
2010-12-02 10:00:02,56.565,56.97,56.53,56.96,47487
2010-12-02 11:51:23,56.97,57.31,56.97,57.31,57784
2010-12-02 13:54:51,57.28,57.33,57.2102,57.309,40128
2010-12-02 15:20:16,57.272,57.44,57.272,57.34,50360
2010-12-03 10:10:05,57.339,57.5,57.15,57.28,60962
2010-12-03 12:23:28,57.24,57.29,57.11,57.198,39485
2010-12-03 14:29:51,57.1999,57.32,57.16,57.29,57763
2010-12-03 15:59:57,57.2756,57.61,57.2756,57.55,51463
2010-12-06 11:36:28,57.53,57.5714,57.36,57.4202,55197
2010-12-06 13:48:44,57.4248,57.55,57.4099,57.5464,57027
2010-12-06 15:41:05,57.5499,57.61,57.51,57.57,42182
2010-12-07 09:49:13,57.5838,58.04,57.46,57.99,53015
2010-12-07 11:18:15,57.99,58.02,57.766000000000005,57.89,44394
2010-12-07 12:42:59,57.8894,57.89,57.73,57.81,79853
2010-12-07 13:38:16,57.81,57.926,57.7801,57.86,94045
2010-12-07 14:57:28,57.86,58.016000000000005,57.847,57.85,57446
2010-12-07 15:37:20,57.85,57.85,57.63,57.67,75673
2010-12-08 09:42:40,57.68,57.84,57.58,57.8,49713
2010-12-08 11:33:56,57.828,57.85,57.46,57.647,63443
2010-12-08 13:35:13,57.6481,57.83,57.644,57.798,98438
2010-12-08 15:05:25,57.8,57.959,57.78,57.886,75713
2010-12-09 09:35:41,57.88,58.288999999999994,57.772,58.184,47820
2010-12-09 11:11:01,58.183,58.25,58.0081,58.14,50273
2010-12-09 13:12:39,58.102,58.209,57.9579,58.177,42193
2010-12-09 14:50:47,58.1824,58.2,58.07,58.1238,39409
2010-12-10 09:53:15,58.13,58.49,58.13,58.46,49986
2010-12-10 12:30:52,58.457,58.5301,58.332,58.53,54346
2010-12-10 14:23:58,58.5399,58.69,58.532,58.69,52142
2010-12-10 16:00:00,58.6832,58.748999999999995,58.6111,58.68,48179
2010-12-13 11:17:27,58.68,59.0,58.68,58.87,53989
2010-12-13 13:30:47,58.87,58.93899999999999,58.85,58.91,48883
2010-12-13 14:48:07,58.9096,58.9799,58.8748,58.9716,87821
2010-12-14 09:32:18,58.9703,58.979,58.702,58.8305,47701
2010-12-14 11:15:46,58.84,58.9644,58.8219,58.8999,62470
2010-12-14 13:45:07,58.9,59.0,58.881,58.9812,39522
2010-12-14 15:12:58,58.9994,59.04,58.82,58.8681,37959
2010-12-15 10:29:44,58.8699,58.89,58.601000000000006,58.7874,44337
2010-12-15 12:54:21,58.81,58.8499,58.538,58.538,34994
2010-12-15 14:55:12,58.5234,58.66,58.4,58.4,65237
2010-12-16 09:33:54,58.3601,58.628,58.3601,58.4665,36864
2010-12-16 10:16:50,58.56399999999999,58.6135,58.37,58.4508,43256
2010-12-16 11:02:35,58.4502,58.5302,58.4036,58.5302,998383
2010-12-16 12:44:44,58.53,58.79,58.49,58.79,60193
2010-12-16 13:51:15,58.818000000000005,58.86,58.78,58.86,66313
2010-12-16 15:45:56,58.85,58.87,58.68,58.7538,57041
2010-12-17 10:06:56,58.742,58.84,58.66,58.716,44452
2010-12-17 12:07:54,58.7188,58.76,58.61,58.72,55464
2010-12-17 13:35:09,58.72,58.87,58.69,58.8608,90284
2010-12-17 14:58:47,58.88,58.93,58.8668,58.91,65045
2010-12-20 09:53:04,58.91,59.07,58.7619,59.0462,72238
2010-12-20 12:16:43,59.05,59.05,58.8,58.91,154863
2010-12-20 14:08:27,58.9481,59.11,58.9424,59.1096,38135
2010-12-20 14:36:48,59.1096,59.18,59.0986,59.099,48862
2010-12-20 15:39:23,59.09,59.1128,59.0119,59.06,56145
2010-12-21 09:45:46,59.06,59.29,58.9188,59.2472,185051
2010-12-21 10:24:56,59.26,59.39,59.25,59.36,46071
2010-12-21 10:41:28,59.36,59.41,59.34,59.35,43571
2010-12-21 11:48:48,59.3539,59.4181,59.3301,59.3999,49489
2010-12-21 13:00:12,59.39,59.48,59.3726,59.475,34859
2010-12-21 13:34:08,59.48,59.48,59.43,59.45,60130
2010-12-21 14:35:57,59.46,59.46,59.4,59.4372,90698
2010-12-21 15:33:43,59.42,59.49,59.4164,59.47,156127
2010-12-21 15:48:28,59.47,59.53,59.47,59.49,129193
2010-12-22 09:58:41,59.49,59.64,59.4582,59.6226,70855
2010-12-22 11:07:33,59.66,59.7399,59.6294,59.73,34913
2010-12-22 12:02:57,59.73,59.79,59.7101,59.78,55788
2010-12-22 13:40:25,59.7701,59.85,59.761,59.761,35879
2010-12-22 15:08:50,59.768,59.7802,59.7001,59.7702,40678
2010-12-23 10:00:00,59.77,59.87,59.3984,59.46,44539
2010-12-23 11:58:06,59.46,59.474,59.385,59.43,52066
2010-12-23 13:37:47,59.43,59.4498,59.38,59.39,53795
2010-12-23 14:42:30,59.39,59.4068,59.26,59.31,43720
2010-12-27 09:34:25,59.312,59.42,59.1315,59.1599,45221
2010-12-27 11:39:51,59.17,59.4498,59.17,59.4299,52370
2010-12-27 14:02:15,59.43600000000001,59.5,59.408,59.4801,41593
2010-12-27 15:32:54,59.4838,59.5299,59.451,59.5296,45700
2010-12-28 10:06:19,59.5297,59.67,59.5101,59.52,31315
2010-12-28 12:21:15,59.52,59.562,59.4819,59.55,37074
2010-12-28 13:51:22,59.5428,59.6188,59.522,59.6026,37114
2010-12-28 15:25:52,59.6064,59.678999999999995,59.5956,59.67,63863
2010-12-29 09:33:56,59.688,59.7399,59.64,59.72,100038
2010-12-29 10:49:01,59.74,59.75,59.6628,59.711000000000006,67377
2010-12-29 13:17:28,59.7,59.7682,59.6701,59.7682,31660
2010-12-29 14:48:19,59.769,59.77,59.72,59.731,45666
2010-12-29 15:59:31,59.7365,59.76,59.64,59.65,42024
2010-12-30 10:14:45,59.65,59.71,59.49,59.49,52560
2010-12-30 11:24:40,59.49,59.6,59.488,59.5294,46160
2010-12-30 13:13:42,59.52,59.5467,59.4505,59.474,62005
2010-12-30 15:14:17,59.506,59.5899,59.501999999999995,59.56,32963
2010-12-31 10:34:52,59.5601,59.63,59.42,59.523999999999994,58898
2010-12-31 12:54:47,59.5,59.6752,59.5,59.59,42122
2010-12-31 15:11:30,59.59,59.67,59.58,59.64,64114
2011-01-03 09:34:42,59.6401,60.13,59.5,60.1096,47526
2011-01-03 10:15:54,60.12,60.28,60.09,60.28,56447
2011-01-03 11:07:00,60.28,60.42,60.2738,60.4076,46444
2011-01-03 12:07:07,60.4078,60.51,60.39,60.5,51194
2011-01-03 13:29:11,60.518,60.53,60.4322,60.452,48894
2011-01-03 14:14:29,60.4518,60.5,60.42,60.42,86828
2011-01-03 14:45:08,60.42,60.46,60.3675,60.42,217094
2011-01-03 15:25:17,60.4374,60.4398,60.291,60.31,78725
2011-01-03 15:57:21,60.319,60.44,60.31,60.352,47023
2011-01-04 09:55:39,60.343999999999994,60.5,60.2309,60.2309,47106
2011-01-04 10:37:12,60.2304,60.2821,60.174,60.2661,39533
2011-01-04 11:16:27,60.261,60.286,60.168,60.23,63172
2011-01-04 11:41:52,60.24,60.31,60.222,60.3,86965
2011-01-04 12:14:56,60.3,60.3016,60.16,60.18,104457
2011-01-04 12:47:41,60.18,60.1901,60.0138,60.018,48613
2011-01-04 13:58:29,60.02,60.24,60.02,60.2301,42848
2011-01-04 14:31:05,60.224,60.37,60.2,60.3301,88330
2011-01-04 14:45:52,60.331,60.37,60.3101,60.335,119165
2011-01-04 15:17:04,60.3325,60.36,60.282,60.2925,119046
2011-01-04 15:38:04,60.292,60.42,60.292,60.38,166176
2011-01-04 15:49:10,60.375,60.43,60.36,60.41,143074
2011-01-04 15:59:56,60.41,60.46,60.3972,60.44,156076
2011-01-05 10:14:18,60.44,60.4988,59.79,60.46,133576
2011-01-05 11:31:38,60.4499,60.62,60.3428,60.6132,37738
2011-01-05 12:43:03,60.6248,60.74,60.62,60.702,56337
2011-01-05 14:11:52,60.7168,60.7462,60.64,60.71,153462
2011-01-05 14:48:38,60.71,60.76,60.63,60.69,118211
2011-01-05 15:12:29,60.69,60.799,60.68,60.7962,79214
2011-01-05 15:45:26,60.8,60.8,60.7,60.71,62121
2011-01-05 15:58:35,60.71,60.76,60.71,60.75,64300
2011-01-06 10:41:16,60.72,60.824,60.6401,60.81,54198
2011-01-06 11:40:12,60.82,60.82,60.431999999999995,60.52,44396
2011-01-06 12:52:18,60.52,60.6065,60.47,60.57,51460
2011-01-06 14:14:10,60.576,60.6936,60.472,60.6236,36880
2011-01-06 15:43:52,60.62,60.63399999999999,60.44,60.5665,33529
2011-01-07 10:01:19,60.5672,60.772,60.54,60.58,67736
2011-01-07 10:58:40,60.58,60.72,60.4081,60.48,127987
2011-01-07 12:30:37,60.48,60.48,60.13,60.13,138628
2011-01-07 13:39:39,60.14,60.266000000000005,59.96,60.2548,43664
2011-01-07 15:28:34,60.244,60.4499,60.1719,60.41,110004
2011-01-07 16:00:00,60.41,60.498000000000005,60.35,60.43,121774
2011-01-10 10:01:19,60.43,60.43,59.976000000000006,60.04,45318
2011-01-10 11:58:48,60.04,60.2824,59.99,60.22,45513
2011-01-10 12:38:57,60.21,60.29,60.15,60.23,127250
2011-01-10 14:18:16,60.24,60.32,60.202,60.22,51444
2011-01-11 09:30:11,60.22,60.5999,60.2099,60.5999,56265
2011-01-11 10:30:30,60.543,60.65,60.5181,60.6,63107
2011-01-11 11:58:21,60.6,60.7699,60.5401,60.73,48823
2011-01-11 14:04:08,60.73,60.7338,60.4,60.4,65840
2011-01-11 15:15:53,60.4,60.56,60.354,60.5286,54472
2011-01-11 15:39:23,60.5288,60.55,60.5,60.55,75417
2011-01-12 09:31:01,60.55,61.0,60.5101,60.99,62570
2011-01-12 10:11:50,60.9662,61.02,60.913999999999994,60.98,43289
2011-01-12 10:50:48,60.99,61.1144,60.99,61.08,43554
2011-01-12 11:38:43,61.0736,61.26,61.0736,61.21,52689
2011-01-12 12:40:31,61.21,61.31,61.21,61.26,43171
2011-01-12 14:05:51,61.26,61.3,61.19,61.2006,53401
2011-01-12 15:18:03,61.201,61.236999999999995,61.0801,61.11,71525
2011-01-12 15:45:12,61.11,61.17,61.08,61.1697,81592
2011-01-13 09:47:37,61.1699,61.29,61.1499,61.19,45336
2011-01-13 11:04:45,61.19,61.226000000000006,61.01,61.1288,43989
2011-01-13 12:01:53,61.1324,61.24,61.1,61.19,51758
2011-01-13 13:38:08,61.1929,61.26,61.118,61.17100000000001,54250
2011-01-13 14:51:43,61.17,61.17,60.97,60.97,56419
2011-01-13 15:54:26,60.97,61.096,60.941,61.0436,43700
2011-01-14 09:44:26,61.02,61.195,60.97,61.16,51047
2011-01-14 10:23:19,61.165,61.3,61.125,61.2399,36375
2011-01-14 10:54:15,61.2399,61.38,61.159,61.332,39664
2011-01-14 11:27:29,61.3328,61.43,61.3,61.3682,37224
2011-01-14 12:11:59,61.37,61.446000000000005,61.34,61.43,41005
2011-01-14 12:54:02,61.46,61.52,61.4201,61.5,55719
2011-01-14 14:03:16,61.4982,61.64,61.4401,61.6138,39242
2011-01-14 14:49:01,61.61,61.66,61.58,61.628,38133
2011-01-14 15:44:19,61.628,61.63,61.55,61.58,55965
2011-01-18 09:37:36,61.588,61.72,61.588,61.71,39000
2011-01-18 10:00:32,61.71,61.71,61.51,61.53,23476
2011-01-18 10:26:34,61.53,61.68,61.4897,61.66,29490
2011-01-18 11:37:52,61.65,61.668,61.5099,61.6136,43597
2011-01-18 12:25:24,61.5957,61.65,61.53,61.5481,202519
2011-01-18 14:30:31,61.5433,61.6998,61.5151,61.6998,47448
2011-01-18 15:37:32,61.68,61.6897,61.57,61.658,59904
2011-01-19 09:42:59,61.6501,61.698,61.41,61.41,74218
2011-01-19 10:37:51,61.4,61.42,61.12,61.12,35370
2011-01-19 11:54:21,61.13,61.18600000000001,61.07,61.1794,47482
2011-01-19 12:50:08,61.1794,61.18,60.96,60.968999999999994,50882
2011-01-19 14:08:02,60.95,61.129,60.95,61.0575,34000
2011-01-19 14:54:17,61.0586,61.06,60.83,60.84,33528
2011-01-19 15:33:13,60.85,60.9138,60.7762,60.788,40399
2011-01-20 09:30:03,60.7882,60.9,60.76,60.84,45518
2011-01-20 10:13:50,60.84,61.008,60.6,60.908,40692
2011-01-20 11:05:34,60.902,60.902,60.535,60.6084,41278
2011-01-20 12:22:33,60.6067,60.788999999999994,60.54,60.788999999999994,46710
2011-01-20 14:00:53,60.8062,60.9754,60.778,60.96,51346
2011-01-20 15:07:22,60.9619,61.135,60.9328,61.008,65270
2011-01-20 15:38:52,61.01,61.0319,60.86,60.94,59776
2011-01-21 09:33:22,60.94,61.42,60.77,61.38,48956
2011-01-21 10:25:51,61.37,61.61,61.36,61.4557,57677
2011-01-21 11:38:08,61.45,61.47,61.2801,61.38399999999999,46465
2011-01-21 12:34:11,61.34,61.43,61.24,61.3946,50954
2011-01-21 13:58:56,61.3931,61.46,61.28,61.46,67413
2011-01-21 15:14:09,61.46,61.5201,61.419,61.4981,45605
2011-01-21 15:46:47,61.4981,61.5,61.4,61.42,30122
2011-01-21 15:59:57,61.42,61.45,61.34,61.45,44094
2011-01-24 10:26:47,61.44,61.5624,61.41,61.56,43093
2011-01-24 11:28:46,61.52,61.67,61.501999999999995,61.62,64020
2011-01-24 12:31:13,61.62,61.7,61.59,61.6384,50458
2011-01-24 14:20:11,61.659,61.72,61.596,61.66,38487
2011-01-24 15:37:39,61.67,61.67,61.444,61.5419,37401
2011-01-25 09:59:59,61.55,61.65,61.35,61.65,46447
2011-01-25 10:48:33,61.65,61.71,61.4986,61.5476,38767
2011-01-25 11:27:04,61.55,61.62,61.28,61.3,43832
2011-01-25 12:18:28,61.29,61.44,61.23,61.42,43860
2011-01-25 13:22:21,61.43,61.5,61.3976,61.398999999999994,58911
2011-01-25 14:19:24,61.38,61.44,61.21,61.23,41468
2011-01-25 15:04:42,61.23,61.29,61.14,61.29,40630
2011-01-25 15:33:02,61.29,61.51,61.29,61.46,57528
2011-01-25 15:56:49,61.46,61.63,61.41,61.63,48152
2011-01-26 09:58:23,61.63,61.82,61.62,61.74,50713
2011-01-26 10:22:13,61.76,61.92,61.74,61.91,33341
2011-01-26 10:56:40,61.91,62.0,61.88,61.896,97932
2011-01-26 11:54:51,61.8761,61.9199,61.7519,61.83,37458
2011-01-26 13:35:22,61.83,61.9,61.784,61.869,57420
2011-01-26 14:28:27,61.861999999999995,61.95,61.76,61.77,34857
2011-01-26 15:01:32,61.76,61.97,61.73,61.8899,32507
2011-01-26 15:36:08,61.91,61.97,61.8588,61.88,44464
2011-01-27 09:32:00,61.88,61.951,61.71,61.8,69486
2011-01-27 10:25:09,61.8,62.03,61.7301,61.9236,58190
2011-01-27 11:37:04,61.93,62.04,61.77,61.7801,37340
2011-01-27 13:13:42,61.8,61.96,61.7999,61.9,42257
2011-01-27 14:45:53,61.9204,62.02,61.9002,61.99,49269
2011-01-27 15:45:02,61.99,62.09,61.9702,62.09,46578
2011-01-28 09:42:29,62.09,62.18,62.01,62.18,36597
2011-01-28 10:13:44,62.18,62.28,61.9681,62.02,33162
2011-01-28 10:55:12,62.006,62.04,61.61,61.68,42609
2011-01-28 11:37:30,61.6638,61.69,61.42,61.46,56062
2011-01-28 12:26:34,61.4624,61.5099,61.1276,61.33,55349
2011-01-28 13:05:06,61.3124,61.4,61.25,61.3081,58884
2011-01-28 13:46:49,61.29,61.29,61.08,61.12,43049
2011-01-28 14:47:40,61.126000000000005,61.34,61.126000000000005,61.2976,38785
2011-01-28 15:23:41,61.3199,61.3199,61.07,61.09,39219
2011-01-28 15:59:59,61.09,61.11,60.9792,61.04,49381
2011-01-31 10:32:58,61.05,61.31,61.05,61.27,40567
2011-01-31 11:50:55,61.27,61.3936,61.2463,61.3601,36697
2011-01-31 13:05:18,61.3437,61.5569,61.338,61.5399,55656
2011-01-31 14:43:39,61.54,61.55,61.3101,61.352,46864
2011-01-31 15:09:02,61.3501,61.4872,61.3138,61.4399,70194
2011-02-01 09:31:00,61.4399,61.93,61.3801,61.91,79812
2011-02-01 09:57:28,61.91,62.15,61.904,62.1184,37364
2011-02-01 10:24:20,62.13,62.25,62.07,62.236,36958
2011-02-01 10:45:40,62.23,62.3,62.2,62.27,84214
2011-02-01 11:05:59,62.27,62.33,62.26,62.33,46545
2011-02-01 11:29:24,62.33,62.36,62.26,62.3001,59051
2011-02-01 11:48:17,62.32,62.42,62.32,62.42,33941
2011-02-01 12:05:50,62.42,62.49,62.4,62.45,41941
2011-02-01 12:25:22,62.45,62.57,62.44,62.55,37386
2011-02-01 12:49:28,62.559,62.6,62.5266,62.598,41052
2011-02-01 13:04:26,62.6,62.72,62.6,62.7,41792
2011-02-01 13:41:18,62.698,62.7,62.64,62.68,38916
2011-02-01 14:01:50,62.66,62.66,62.59,62.602,37033
2011-02-01 14:29:38,62.6099,62.659,62.59,62.61,47665
2011-02-01 14:52:03,62.61,62.655,62.56,62.56,41787
2011-02-01 15:17:25,62.56,62.6681,62.55,62.622,52977
2011-02-01 15:39:04,62.63,62.72,62.629,62.68,64161
2011-02-01 15:53:03,62.68,62.75,62.67,62.71,55614
2011-02-01 15:59:52,62.72,62.72,62.66,62.67,62892
2011-02-02 09:45:30,62.67,62.88,62.46,62.5398,118056
2011-02-02 10:25:56,62.5398,62.6762,62.49,62.62,56176
2011-02-02 11:16:43,62.62,62.6424,62.44,62.466,39219
2011-02-02 12:59:09,62.48,62.558,62.45,62.5266,57027
2011-02-02 14:10:00,62.5299,62.57,62.47,62.498000000000005,71346
2011-02-02 15:09:53,62.496,62.58,62.4776,62.5426,80578
2011-02-02 15:38:24,62.55,62.57,62.4,62.4,193965
2011-02-03 09:30:00,62.4,62.4581,62.36,62.37,61001
2011-02-03 09:50:50,62.37,62.4238,62.3102,62.369,50083
2011-02-03 10:20:31,62.368,62.38,62.0,62.098,46466
2011-02-03 11:03:47,62.09,62.23,62.08,62.166,34449
2011-02-03 12:05:21,62.15,62.3672,62.11,62.34,56258
2011-02-03 13:16:38,62.34,62.38,62.28,62.3638,62736
2011-02-03 14:24:57,62.33,62.43,62.3,62.4161,49464
2011-02-03 15:19:28,62.4172,62.6301,62.39,62.6062,62098
2011-02-04 09:34:16,62.61,62.73,62.61,62.7198,49494
2011-02-04 10:54:54,62.69,62.69,62.28,62.284,41782
2011-02-04 12:28:55,62.319,62.5,62.24,62.47,41997
2011-02-04 14:36:59,62.47,62.58,62.4579,62.53,61355
2011-02-04 15:34:36,62.53,62.63,62.488,62.63,87158
2011-02-07 09:38:39,62.63,62.92,62.6039,62.88,38292
2011-02-07 10:16:32,62.87,63.05,62.87,63.0224,44639
2011-02-07 10:54:11,63.03,63.25,63.03,63.22,27716
2011-02-07 11:38:59,63.21,63.261,63.16,63.24,43590
2011-02-07 12:36:04,63.24,63.28,63.14,63.1899,48854
2011-02-07 13:51:12,63.18,63.2444,63.17,63.21,67191
2011-02-07 15:00:01,63.218,63.25,63.1,63.14,42771
2011-02-07 15:52:01,63.14,63.19,63.0401,63.178,36060
2011-02-08 09:40:33,63.168,63.26,63.04,63.04,38630
2011-02-08 10:37:00,63.03,63.3,63.0,63.24,30123
2011-02-08 11:36:09,63.19,63.3,63.1376,63.284,61295
2011-02-08 12:33:18,63.2828,63.36,63.26,63.36,46319
2011-02-08 13:20:15,63.36,63.36,63.24,63.2698,61705
2011-02-08 14:30:29,63.265,63.33,63.1968,63.33,258422
2011-02-08 15:20:28,63.34,63.38,63.25,63.3438,82447
2011-02-09 09:33:50,63.34,63.4226,63.14,63.159,36294
2011-02-09 10:50:00,63.169,63.3162,63.09,63.3162,67006
2011-02-09 11:32:18,63.31,63.31,62.99,63.05,57594
2011-02-09 12:00:52,63.05,63.06,62.961000000000006,62.98,41095
2011-02-09 12:31:33,62.98,63.02,62.92,63.0,52667
2011-02-09 13:06:12,63.0,63.07,62.992,63.0668,55695
2011-02-09 13:34:00,63.069,63.15,63.05,63.14,57580
2011-02-09 14:02:49,63.14,63.14,63.0,63.0,56626
2011-02-09 14:24:23,62.99,63.0,62.9201,62.94,54997
2011-02-09 14:39:07,62.94,62.96,62.87,62.87,71887
2011-02-09 14:51:53,62.85,62.88,62.8,62.8,74275
2011-02-09 15:14:55,62.81,62.99,62.81,62.971,86556
2011-02-09 15:34:32,62.9756,63.04,62.95,63.0,94899
2011-02-09 15:50:01,63.0,63.08,62.99,63.055,100522
2011-02-10 09:30:00,63.05,63.16,62.74,62.84,1168342
2011-02-10 10:07:25,62.81,62.9899,62.68,62.83,44769
2011-02-10 11:09:07,62.82,63.0424,62.81,62.93,67826
2011-02-10 12:01:57,62.89,63.07,62.878,63.04,55194
2011-02-10 13:22:19,63.0399,63.05,62.93,63.0061,92674
2011-02-10 14:53:12,63.02,63.0881,62.922,63.022,47249
2011-02-10 15:45:00,63.005,63.11,62.9662,63.11,51550
2011-02-11 09:30:14,63.12,63.19,62.86,62.89,72844
2011-02-11 10:51:35,62.9,63.23,62.84,63.23,51380
2011-02-11 11:27:06,63.2296,63.54,63.228,63.43,41410
2011-02-11 11:58:42,63.43,63.45,63.33,63.3899,159800
2011-02-11 12:40:00,63.39,63.39,63.23,63.37,72041
2011-02-11 13:17:21,63.35,63.43,63.33,63.4172,98845
2011-02-11 14:31:40,63.4244,63.519,63.39,63.51,127176
2011-02-11 15:13:37,63.51,63.6124,63.51,63.5899,59145
2011-02-14 09:47:24,63.5897,63.62,63.4,63.4588,25631
2011-02-14 10:49:05,63.4738,63.56,63.3672,63.3672,50454
2011-02-14 12:00:57,63.38,63.566,63.38,63.566,37551
2011-02-14 13:42:13,63.57,63.659,63.549,63.648,29565
2011-02-14 14:51:21,63.62,63.7,63.6001,63.68,69689
2011-02-14 15:48:00,63.6799,63.77,63.6401,63.75,39415
2011-02-15 09:55:37,63.76,63.76,63.41,63.56,44316
2011-02-15 10:59:55,63.566,63.58,63.354,63.452,36064
2011-02-15 11:46:43,63.46,63.55,63.4578,63.4901,45906
2011-02-15 12:45:49,63.44,63.56,63.43,63.56,47386
2011-02-15 13:58:27,63.56,63.5684,63.46,63.47,51392
2011-02-15 14:30:43,63.46,63.47,63.285,63.2962,231929
2011-02-15 15:23:03,63.295,63.44,63.295,63.3743,44806
2011-02-16 09:55:38,63.39,63.7699,63.34,63.7301,44985
2011-02-16 10:36:37,63.75,63.92,63.7,63.91,36054
2011-02-16 11:30:32,63.919,63.96,63.82,63.83,35117
2011-02-16 12:34:53,63.83,63.85,63.6094,63.7281,45722
2011-02-16 14:03:51,63.72,63.827,63.7101,63.8264,38785
2011-02-16 15:23:05,63.8262,63.9,63.7001,63.85,41597
2011-02-17 09:45:28,63.85,63.93,63.702,63.7602,39110
2011-02-17 10:48:44,63.751999999999995,63.9066,63.751999999999995,63.8858,46319
2011-02-17 11:29:01,63.9,64.04899999999999,63.864,64.038,43011
2011-02-17 12:12:12,64.04,64.08,63.99,63.9978,46123
2011-02-17 13:12:22,63.9962,64.1,63.9949,64.1,42421
2011-02-17 14:01:43,64.1,64.17,64.1,64.17,50504
2011-02-17 14:50:21,64.17,64.21,64.13,64.1578,43068
2011-02-17 15:45:20,64.1585,64.24,64.1585,64.23,62154
2011-02-18 10:22:55,64.218,64.23,64.13,64.1996,52678
2011-02-18 11:33:40,64.23,64.34,64.204,64.318,43964
2011-02-18 12:49:47,64.3278,64.3899,64.292,64.3301,38957
2011-02-18 14:17:28,64.35,64.3795,64.2099,64.24,49226
2011-02-18 15:51:03,64.212,64.34,64.1501,64.29,44467
2011-02-22 09:35:16,64.29,64.37,63.66,63.6676,53956
2011-02-22 10:00:17,63.65,64.1,63.6138,63.97,39790
2011-02-22 10:32:48,63.99,64.1294,63.8885,63.94,52480
2011-02-22 11:29:28,63.94,64.038,63.71,63.7542,55758
2011-02-22 12:38:15,63.74,63.74,63.44,63.4699,47071
2011-02-22 13:19:36,63.4699,63.47,63.1876,63.24,46194
2011-02-22 14:17:29,63.2362,63.2362,63.063,63.18,58299
2011-02-22 15:16:37,63.17,63.3095,63.0771,63.128,36751
2011-02-22 15:57:46,63.0738,63.1101,62.9658,63.0901,93434
2011-02-23 10:13:59,63.08,63.2894,62.8676,62.94,48759
2011-02-23 11:32:47,62.958,63.196000000000005,62.958,62.96,40188
2011-02-23 12:00:41,62.96,62.98,62.85,62.85,35158
2011-02-23 12:27:34,62.86,62.86,62.6338,62.74,46912
2011-02-23 13:17:01,62.74,62.8508,62.58,62.58,40670
2011-02-23 14:17:46,62.5876,62.8838,62.49,62.83,75341
2011-02-23 15:15:27,62.85,63.089,62.8,62.99,45081
2011-02-23 15:58:06,62.99,63.169,62.8662,62.89,48451
2011-02-24 10:09:39,62.9036,62.9499,62.71,62.8815,31898
2011-02-24 10:54:39,62.86,62.9624,62.6601,62.7576,40250
2011-02-24 11:45:13,62.7976,62.82,62.61,62.6662,42635
2011-02-24 12:42:21,62.6554,62.6699,62.41,62.5024,48480
2011-02-24 13:43:19,62.4964,62.572,62.37,62.37,55935
2011-02-24 14:03:29,62.37,62.382,62.1342,62.32,130725
2011-02-24 14:46:31,62.32,62.696000000000005,62.28,62.53,54164
2011-02-24 15:24:40,62.52,62.82,62.52,62.82,37801
2011-02-25 09:59:52,62.8102,63.11,62.6681,63.11,91416
2011-02-25 11:28:34,63.17,63.22,63.06,63.06,33960
2011-02-25 13:45:59,63.0501,63.3162,63.0,63.3162,38411
2011-02-25 15:34:39,63.2787,63.3376,63.2022,63.22,33105
2011-02-28 09:40:44,63.21,63.68,63.1919,63.65,41735
2011-02-28 10:41:17,63.64,63.854,63.64,63.7972,40800
2011-02-28 11:57:46,63.79,63.82,63.6052,63.65,42080
2011-02-28 13:05:15,63.6499,63.73,63.51,63.53,51015
2011-02-28 14:48:25,63.52,63.62,63.44,63.5912,55798
2011-02-28 15:49:19,63.6101,63.7482,63.5702,63.68,29719
2011-03-01 09:33:05,63.68,64.03,63.6724,63.95,38832
2011-03-01 10:09:24,63.95,63.9524,63.6,63.62,32229
2011-03-01 11:08:48,63.62,63.6312,63.32,63.6,41059
2011-03-01 12:31:55,63.6102,63.6102,63.14,63.1989,46468
2011-03-01 13:40:14,63.21,63.31,63.0,63.108999999999995,48850
2011-03-01 14:51:43,63.1068,63.12,62.7905,62.95,32280
2011-03-01 15:31:55,62.95,62.9756,62.7823,62.9,36107
2011-03-02 09:49:53,62.8946,62.9344,62.31,62.7002,33059
2011-03-02 11:09:00,62.7105,63.0346,62.6701,62.99,32290
2011-03-02 12:20:15,62.9519,62.9698,62.4624,62.62,35473
2011-03-02 14:12:45,62.62,62.852,62.6032,62.8199,48581
2011-03-02 15:41:00,62.8199,62.9499,62.72,62.77,54216
2011-03-03 10:03:50,62.7528,63.6,62.69,63.45,32825
2011-03-03 12:10:23,63.44,63.6535,63.33,63.6181,43014
2011-03-03 13:55:48,63.6038,63.71,63.574,63.6681,31038
2011-03-03 15:29:44,63.656000000000006,63.831,63.6476,63.766000000000005,47146
2011-03-04 09:30:16,63.7519,63.89,63.69,63.75,44220
2011-03-04 10:19:16,63.7203,63.773999999999994,63.36,63.36,44640
2011-03-04 11:39:01,63.38,63.42,63.2138,63.352,45937
2011-03-04 12:30:35,63.37,63.38,62.8601,62.9154,103820
2011-03-04 13:56:26,62.9,63.0244,62.8102,62.8272,52969
2011-03-04 15:58:50,62.8614,63.26,62.8101,63.202,35846
2011-03-07 10:47:31,63.2169,63.5899,63.113,63.1376,32579
2011-03-07 12:12:00,63.1372,63.1899,62.7602,62.86,35571
2011-03-07 13:53:37,62.86,62.904,62.544,62.7,47831
2011-03-07 15:28:24,62.7202,62.9201,62.63399999999999,62.9201,58227
2011-03-08 09:59:34,62.9498,63.02,62.7458,62.9888,40742
2011-03-08 11:23:26,62.97,63.3678,62.97,63.36,45709
2011-03-08 13:37:55,63.36,63.688,63.35,63.6024,33300
2011-03-08 15:08:17,63.596,63.6081,63.4202,63.536,24084
2011-03-09 10:04:56,63.5719,63.6581,63.2002,63.276,38777
2011-03-09 11:01:47,63.2638,63.574,63.0976,63.13,59695
2011-03-09 12:02:29,63.1597,63.7,63.13,63.6808,40176
2011-03-09 13:04:05,63.65,63.6681,63.4766,63.53,46360
2011-03-09 15:00:58,63.516000000000005,63.62,63.38,63.5,151217
2011-03-10 09:35:08,63.5,63.6005,62.571000000000005,62.6098,36120
2011-03-10 10:33:49,62.5,62.6724,62.3338,62.4088,36329
2011-03-10 12:06:33,62.38,62.75,62.3376,62.68,45526
2011-03-10 13:27:14,62.65,62.7598,62.517,62.5576,68828
2011-03-10 14:13:39,62.53,62.55,62.23,62.3928,45741
2011-03-10 15:20:27,62.391000000000005,62.61,62.2776,62.2776,55852
2011-03-11 09:30:56,62.2642,62.49,61.86,62.15,26909
2011-03-11 09:56:15,62.12,62.4424,62.09,62.28,30706
2011-03-11 10:47:09,62.3,62.4,62.18,62.265,43921
2011-03-11 11:58:35,62.265,62.62,62.265,62.552,38704
2011-03-11 13:35:11,62.5451,62.688,62.48,62.5399,44381
2011-03-11 14:40:18,62.5369,62.76,62.5369,62.72,49687
2011-03-11 15:17:39,62.72,62.8799,62.71,62.87,55500
2011-03-14 10:05:03,62.8778,62.9522,62.25,62.45399999999999,40592
2011-03-14 11:12:38,62.45,62.45,61.94,61.9401,40758
2011-03-14 13:15:06,61.9614,62.0505,61.8401,62.0505,56673
2011-03-14 14:37:29,62.03,62.24,61.93,62.0873,60608
2011-03-14 15:53:08,62.0838,62.4101,62.0321,62.352,44064
2011-03-15 09:33:40,62.303,62.39,60.58,60.78,43969
2011-03-15 09:43:55,60.79,60.95,60.61,60.94,29886
2011-03-15 10:01:43,60.94,61.0786,60.7638,60.86,65167
2011-03-15 10:22:44,60.86,61.09,60.81,61.09,45704
2011-03-15 11:20:55,61.1,61.32,61.0892,61.154,48070
2011-03-15 12:07:21,61.18,61.4707,61.1284,61.4707,95242
2011-03-15 13:42:07,61.4681,61.5924,61.27,61.43,36547
2011-03-15 14:29:33,61.43,61.6519,61.2924,61.6519,31676
2011-03-15 15:28:13,61.6176,61.91,61.57,61.86,47634
2011-03-16 09:36:05,61.88399999999999,61.96,61.4342,61.51,40828
2011-03-16 10:27:55,61.37,61.5,61.21,61.4424,290170
2011-03-16 11:02:07,61.5119,61.6335,60.81,60.81,39224
2011-03-16 11:10:53,60.83,61.21,60.68,61.15,29848
2011-03-16 11:35:23,61.17,61.32,61.052,61.318000000000005,61585
2011-03-16 11:43:42,61.33,61.33,61.17,61.22,71143
2011-03-16 11:49:06,61.22,61.22,61.01,61.1,68104
2011-03-16 12:04:51,61.11,61.11,60.87,60.89,44165
2011-03-16 12:23:55,60.89,61.0,60.75,60.85,78096
2011-03-16 12:55:27,60.84,61.04,60.83,60.89,38604
2011-03-16 13:12:51,60.87,61.052,60.8324,60.85,98301
2011-03-16 13:31:40,60.85,60.93,60.783,60.79,74392
2011-03-16 13:38:00,60.77,60.81,60.738,60.77,93499
2011-03-16 13:46:26,60.76,60.76,60.65,60.72,66009
2011-03-16 13:58:23,60.72,60.77,60.69,60.75,87970
2011-03-16 14:01:07,60.74,60.74,60.59,60.63,55828
2011-03-16 14:08:24,60.605,60.65,60.4724,60.4724,70770
2011-03-16 14:16:41,60.48,60.52,60.23,60.305,41189
2011-03-16 14:25:30,60.305,60.38,60.09,60.38,23824
2011-03-16 14:44:09,60.3784,60.8501,60.352,60.77,43873
2011-03-16 15:22:41,60.77,60.96,60.72,60.87,31570
2011-03-16 15:35:32,60.87,60.87,60.5519,60.68,31903
2011-03-17 09:30:51,60.68,61.48,60.27,61.3514,40214
2011-03-17 10:02:44,61.41,61.41,61.1419,61.17,44902
2011-03-17 11:44:10,61.14,61.523999999999994,61.14,61.28,38946
2011-03-17 13:24:58,61.3181,61.402,61.1572,61.232,67584
2011-03-17 14:07:39,61.2528,61.2528,60.92,61.06,58615
2011-03-17 15:31:36,61.0476,61.33,60.93,61.251999999999995,73794
2011-03-18 09:31:40,61.256,62.2,61.256,62.1831,100324
2011-03-18 10:55:26,62.16,62.2224,61.9,62.0899,39133
2011-03-18 11:53:01,62.0868,62.23,61.9001,61.9454,48030
2011-03-18 13:51:50,61.9598,62.13,61.9598,62.0083,33386
2011-03-18 15:14:04,62.00899999999999,62.00899999999999,61.651,61.67,40097
2011-03-18 15:58:14,61.67,61.799,61.642,61.74,41620
2011-03-21 09:55:39,61.74,62.6758,61.74,62.6076,123366
2011-03-21 11:57:02,62.61,62.7175,62.5102,62.59,59139
2011-03-21 14:13:53,62.5724,62.66,62.5128,62.6,39756
2011-03-21 15:42:08,62.5999,62.6586,62.4401,62.529,56167
2011-03-22 10:48:08,62.55,62.64,62.48,62.49,41412
2011-03-22 13:12:34,62.4498,62.548,62.35,62.4322,47592
2011-03-22 15:07:39,62.4274,62.483999999999995,62.3224,62.383,34862
2011-03-23 09:37:14,62.39,62.45,62.09,62.09,47855
2011-03-23 11:15:19,62.08,62.1488,61.8488,62.0,38353
2011-03-23 12:57:12,61.9999,62.2208,61.9729,62.191,68033
2011-03-23 14:10:04,62.19,62.36,62.1524,62.31,45256
2011-03-23 15:31:30,62.2938,62.57,62.2776,62.53,43626
2011-03-24 10:04:45,62.5298,62.74,62.41,62.525,37946
2011-03-24 11:36:17,62.525,62.82,62.3918,62.82,42882
2011-03-24 13:18:47,62.808,62.9,62.7138,62.79,60686
2011-03-24 15:09:29,62.8,62.882,62.71,62.8338,49118
2011-03-25 10:13:46,62.84,62.9865,62.6,62.7091,47924
2011-03-25 12:01:22,62.6962,63.0278,62.66,62.98,51870
2011-03-25 13:50:16,62.98,63.0564,62.86,62.9532,39456
2011-03-25 15:47:16,62.96,62.9601,62.8299,62.8299,57907
2011-03-28 10:29:39,62.835,63.1081,62.79,63.07,39867
2011-03-28 12:39:18,63.0429,63.089,62.851000000000006,62.89,57841
2011-03-28 15:06:39,62.89,62.9436,62.8002,62.8838,52306
2011-03-28 15:59:46,62.88,62.889,62.64,62.64,101213
2011-03-29 10:51:52,62.67,62.6851,62.38,62.6851,60236
2011-03-29 11:34:40,62.6876,62.83,62.6138,62.82,51191
2011-03-29 12:44:50,62.82,62.85,62.76,62.7802,47018
2011-03-29 13:50:24,62.7802,62.8599,62.771,62.8002,48435
2011-03-29 14:47:21,62.8199,62.96,62.81,62.95,37478
2011-03-29 15:35:03,62.95,62.99,62.91,62.9606,45417
2011-03-30 09:46:39,62.9601,63.39,62.9403,63.3389,35265
2011-03-30 12:15:29,63.3364,63.58,63.3228,63.58,52749
2011-03-30 14:29:50,63.58,63.693000000000005,63.56,63.64,51121
2011-03-30 15:48:32,63.6305,63.6499,63.53,63.56,56721
2011-03-31 10:52:27,63.49,63.5207,63.2962,63.4134,43330
2011-03-31 12:55:11,63.4164,63.5,63.29,63.5,62160
2011-03-31 14:38:36,63.5,63.52,63.4105,63.43,61039
2011-03-31 15:41:32,63.43,63.478,63.37,63.46,57298
2011-03-31 15:59:54,63.46,63.46,63.3,63.32,105223
2011-04-01 10:05:46,63.32,63.79,63.31,63.75,57278
2011-04-01 11:34:41,63.7598,63.9,63.7474,63.8945,44049
2011-04-01 12:53:01,63.91,63.91,63.8,63.81399999999999,48879
2011-04-01 15:03:04,63.8138,63.8299,63.5901,63.5901,53136
2011-04-01 15:38:12,63.59,63.66,63.5,63.5807,104282
2011-04-04 09:45:42,63.6108,63.9,63.604,63.89,186264
2011-04-04 11:14:36,63.89,63.89,63.6816,63.6999,86801
2011-04-04 13:23:18,63.7,63.766000000000005,63.632,63.7014,103362
2011-04-04 14:12:32,63.7076,63.73,63.5738,63.6432,74506
2011-04-04 15:28:38,63.6401,63.7,63.6032,63.7,62476
2011-04-05 09:55:44,63.6898,63.74,63.4,63.74,74475
2011-04-05 11:47:52,63.69,63.8824,63.62,63.8692,52131
2011-04-05 13:11:01,63.8202,64.0,63.8202,64.0,38373
2011-04-05 15:55:01,64.01,64.01,63.7498,63.7498,32817
2011-04-06 10:12:13,63.7597,64.12,63.75,63.98,41665
2011-04-06 11:23:00,63.9735,64.0798,63.89,63.92,50184
2011-04-06 13:01:41,63.92,63.9648,63.81,63.86,52924
2011-04-06 14:53:13,63.87,64.0154,63.87,64.0154,51140
2011-04-07 10:02:42,64.0099,64.1958,63.95,64.1958,29830
2011-04-07 11:50:22,64.1,64.1099,63.636,63.7168,35439
2011-04-07 14:57:06,63.6901,63.981,63.6901,63.81399999999999,47825
2011-04-08 09:40:04,63.83,64.19,63.7848,64.1,39399
2011-04-08 11:28:37,64.0872,64.1,63.7901,63.8699,52357
2011-04-08 14:33:59,63.8538,63.94,63.673,63.71,50765
2011-04-08 15:57:55,63.65,63.6898,63.4,63.667,63989
2011-04-11 11:46:26,63.62,63.8924,63.62,63.79,50517
2011-04-11 13:46:25,63.7908,63.7908,63.4765,63.498000000000005,120776
2011-04-11 15:15:17,63.486999999999995,63.6199,63.294,63.31399999999999,34414
2011-04-12 10:12:21,63.31,63.4399,62.8224,62.8614,40376
2011-04-12 11:34:11,62.8695,62.928999999999995,62.69,62.76,32746
2011-04-12 14:06:16,62.7776,63.01,62.7376,63.0035,34761
2011-04-12 15:59:12,63.02,63.1204,62.8271,62.95,52139
2011-04-13 11:49:52,62.93,63.27,62.7564,62.8099,59215
2011-04-13 14:05:52,62.81,62.83,62.589,62.6608,41165
2011-04-14 09:33:01,62.6432,62.9284,62.4,62.41,46701
2011-04-14 11:18:48,62.382,62.638000000000005,62.18,62.46,37816
2011-04-14 13:14:08,62.494,62.7398,62.422,62.6735,54097
2011-04-14 15:51:03,62.6499,62.8904,62.5901,62.77,42372
2011-04-15 10:58:44,62.77,63.11,62.75,62.9303,35143
2011-04-15 13:19:37,62.95,63.2,62.9,63.1755,38668
2011-04-15 14:52:46,63.1878,63.1878,63.11,63.14,41482
2011-04-15 15:56:15,63.14,63.15,63.011,63.07,59048
2011-04-18 09:50:40,63.07,63.09,62.06,62.2,44814
2011-04-18 10:08:07,62.195,62.2,61.9238,61.9638,38435
2011-04-18 10:16:32,61.9776,62.0276,61.97,61.99,28632
2011-04-18 11:01:37,62.02,62.2299,61.96,61.99,36004
2011-04-18 12:05:55,61.99,62.13,61.8662,62.1,45424
2011-04-18 13:40:19,62.12,62.1499,62.01,62.0498,44564
2011-04-18 14:46:26,62.0826,62.288,62.0771,62.28,56325
2011-04-18 15:46:30,62.3,62.4199,62.2,62.278,50508
2011-04-19 10:25:46,62.2744,62.5104,62.2029,62.4699,36225
2011-04-19 12:17:45,62.472,62.4999,62.26,62.37,42104
2011-04-19 13:51:43,62.38,62.58,62.3429,62.58,64086
2011-04-19 14:57:08,62.571000000000005,62.62,62.5399,62.57,53774
2011-04-20 09:44:08,62.5613,63.41,62.5504,63.3404,54614
2011-04-20 11:34:56,63.3648,63.52,63.31,63.4099,38572
2011-04-20 13:29:08,63.3998,63.468999999999994,63.2372,63.251000000000005,73648
2011-04-20 15:38:15,63.2276,63.32,63.2265,63.3088,49293
2011-04-21 09:58:47,63.3088,63.68,63.3088,63.44,57439
2011-04-21 11:52:04,63.44,63.53,63.32,63.5298,35565
2011-04-21 14:22:34,63.501999999999995,63.5599,63.42,63.44,44178
2011-04-21 15:57:25,63.44,63.54,63.39,63.52,44712
2011-04-25 10:45:14,63.52,63.5788,63.33,63.3871,47119
2011-04-25 12:49:38,63.3834,63.4388,63.29,63.4252,76749
2011-04-25 15:32:01,63.4438,63.5,63.3802,63.4364,42793
2011-04-26 10:01:57,63.44,63.79,63.4076,63.7429,48425
2011-04-26 11:17:22,63.7599,63.9665,63.64,63.9598,81570
2011-04-26 13:17:40,63.9576,64.14,63.9576,64.02,49891
2011-04-26 14:59:57,64.02,64.059,63.9501,64.04899999999999,49168
2011-04-27 09:30:20,64.04,64.24,64.0,64.18,46752
2011-04-27 10:01:44,64.18,64.19,64.05,64.0899,39188
2011-04-27 11:13:51,64.0868,64.09,63.9538,64.039,48844
2011-04-27 12:54:19,64.0116,64.22,63.998999999999995,64.1524,50443
2011-04-27 14:24:46,64.153,64.24,64.11,64.1696,47565
2011-04-27 15:26:10,64.16,64.34,64.127,64.3335,40213
2011-04-27 15:55:48,64.34,64.59,64.332,64.49,27438
2011-04-28 09:56:45,64.48,64.53,64.4062,64.53,41146
2011-04-28 11:21:57,64.5196,64.61,64.46,64.59,52704
2011-04-28 12:53:41,64.59,64.61,64.42,64.556,30926
2011-04-28 14:50:18,64.55,64.61,64.43,64.57,34757
2011-04-28 15:34:02,64.5938,64.74,64.582,64.72,44908
2011-04-29 09:35:47,64.72,64.78,64.7,64.74,28737
2011-04-29 10:43:09,64.74,64.79,64.64,64.7376,34407
2011-04-29 11:43:16,64.7376,64.82,64.7376,64.8199,44441
2011-04-29 13:32:51,64.84,64.887,64.8213,64.85600000000001,31524
2011-04-29 15:08:58,64.88,64.88,64.7971,64.83,49033
2011-05-02 09:32:29,64.81,65.26,64.75,65.1456,36425
2011-05-02 10:26:16,65.15,65.15,64.98,65.1224,41488
2011-05-02 11:43:01,65.14,65.16,64.96,64.9762,30287
2011-05-02 13:04:07,64.9624,64.9893,64.7,64.8129,30630
2011-05-02 14:10:18,64.8176,64.89,64.8102,64.874,92605
2011-05-02 15:02:46,64.8862,64.89,64.68,64.71,60524
2011-05-03 09:30:36,64.691,64.7699,64.48,64.53,40313
2011-05-03 11:05:38,64.53,64.6788,64.39,64.5,30534
2011-05-03 13:38:33,64.5,64.6899,64.4368,64.4962,65128
2011-05-03 14:47:39,64.49,64.49,64.21,64.2401,98047
2011-05-04 09:41:13,64.22399999999999,64.5099,64.15,64.3404,38961
2011-05-04 10:11:29,64.3396,64.35,63.8576,63.93,45119
2011-05-04 11:46:31,63.9,64.02,63.8476,63.93,46301
2011-05-04 13:39:18,63.9395,64.03,63.7615,64.024,50006
2011-05-04 15:17:16,64.0036,64.15,63.9201,63.9806,49142
2011-05-05 09:33:45,63.9852,64.0899,63.49,63.49,85558
2011-05-05 10:12:36,63.5,63.69,63.44,63.63,54979
2011-05-05 12:05:38,63.62,63.931999999999995,63.3798,63.92,57040
2011-05-05 14:48:38,63.93,63.94,63.5976,63.6764,51121
2011-05-05 15:47:26,63.7038,63.7038,63.0,63.3,49635
2011-05-06 09:51:05,63.3499,64.16,63.29,63.971,44081
2011-05-06 11:18:52,63.971,64.21,63.93,64.21,59965
2011-05-06 12:39:59,64.21,64.2624,63.8229,63.86,41472
2011-05-06 14:31:34,63.85,63.9099,63.514,63.5271,58402
2011-05-09 09:53:40,63.5291,63.7271,63.35,63.61,38220
2011-05-09 11:52:21,63.61,63.7004,63.4956,63.7,48833
2011-05-09 13:46:05,63.7,63.95,63.6929,63.89,53840
2011-05-09 15:56:27,63.871,63.996,63.82,63.8302,58105
2011-05-10 11:01:04,63.85,64.3199,63.8,64.25,52677
2011-05-10 12:41:21,64.25,64.28,64.12,64.27,52802
2011-05-10 15:11:58,64.27,64.47,64.139,64.4556,37476
2011-05-11 09:50:42,64.4478,64.5199,64.12899999999999,64.16,50918
2011-05-11 11:38:47,64.14,64.19,63.9424,64.03,41757
2011-05-11 13:32:26,64.03,64.03,63.44,63.5298,41592
2011-05-11 15:46:46,63.45,63.6468,63.4,63.508,30465
2011-05-12 10:35:11,63.48,63.68,63.05,63.2891,39576
2011-05-12 12:55:32,63.23,63.54,63.1342,63.492,45518
2011-05-12 14:33:59,63.5,63.94,63.5,63.711000000000006,90551
2011-05-12 15:39:12,63.71,63.812,63.65,63.766000000000005,88579
2011-05-13 10:25:01,63.77,63.94,63.5645,63.6629,53032
2011-05-13 12:25:02,63.65,63.76,63.07,63.1,50647
2011-05-13 14:27:44,63.1,63.419,63.1,63.37,38201
2011-05-16 10:04:32,63.36,63.401,62.97,63.3588,33689
2011-05-16 11:56:39,63.3376,63.6428,63.3376,63.478,51251
2011-05-16 14:46:55,63.476000000000006,63.4911,63.172,63.208,48152
2011-05-17 10:03:03,63.22,63.36,62.73,62.946000000000005,28853
2011-05-17 11:52:11,62.9828,63.1744,62.6501,62.8224,46718
2011-05-17 14:23:54,62.79,63.0471,62.71,62.869,53043
2011-05-18 09:59:02,62.9047,63.1796,62.8058,63.0854,49874
2011-05-18 11:51:09,63.0899,63.4184,63.063,63.342,56758
2011-05-18 15:00:04,63.343,63.648999999999994,63.31,63.3956,43162
2011-05-19 09:49:22,63.413999999999994,63.85,63.413999999999994,63.819,42550
2011-05-19 11:26:34,63.7935,63.91,63.4264,63.5188,60178
2011-05-19 14:42:07,63.506,63.7744,63.506,63.53,43584
2011-05-20 10:26:33,63.53,63.74,63.19,63.29,49336
2011-05-20 13:31:22,63.3001,63.534,63.09,63.5029,48878
2011-05-23 09:31:58,63.519,63.59,62.27,62.27,53359
2011-05-23 11:53:15,62.27,62.596,62.27,62.3827,45665
2011-05-23 14:04:20,62.3735,62.4568,62.25,62.43,32947
2011-05-24 09:32:32,62.43,62.6311,62.4,62.6101,60250
2011-05-24 11:52:48,62.6,62.7514,62.3749,62.3749,48188
2011-05-24 15:18:13,62.39,62.5239,62.2676,62.4998,49739
2011-05-25 10:01:12,62.4934,62.536,62.09,62.224,29578
2011-05-25 12:53:13,62.22,62.66,62.1401,62.496,49939
2011-05-25 15:36:25,62.5614,62.81,62.44,62.7468,40419
2011-05-26 11:09:45,62.7214,62.747,62.1755,62.2576,37604
2011-05-26 13:39:05,62.31399999999999,62.7499,62.301,62.69,61394
2011-05-26 15:24:04,62.7,62.881,62.6528,62.7839,38383
2011-05-27 10:32:27,62.7802,63.19,62.6901,63.044,30124
2011-05-27 13:31:26,63.0129,63.2585,63.0129,63.0601,54988
2011-05-31 09:33:52,63.0601,63.76,62.9662,63.7524,53810
2011-05-31 12:16:27,63.6786,63.6863,63.2564,63.32,41805
2011-05-31 14:58:37,63.3,63.44,63.23,63.39,152574
2011-06-01 10:00:16,63.3932,63.7,63.23,63.27,62760
2011-06-01 11:14:48,63.27,63.27,62.7214,62.8923,57841
2011-06-01 13:15:41,62.8901,62.981,62.5,62.5,44577
2011-06-01 15:00:13,62.5,62.599,62.37,62.4862,42226
2011-06-02 09:40:35,62.45,62.5202,62.13,62.16,38599
2011-06-02 10:41:45,62.16,62.27,61.88,62.27,64101
2011-06-02 11:56:15,62.1976,62.1976,61.69,61.8124,45180
2011-06-02 13:40:21,61.8298,62.11,61.75,62.0,46508
2011-06-02 14:43:43,61.98,62.25,61.9729,62.1576,53943
2011-06-02 15:59:24,62.162,62.2776,61.9992,62.0402,47165
2011-06-03 10:26:36,62.04,62.04,61.25,61.69,45061
2011-06-03 11:44:26,61.7488,61.8714,61.5999,61.65,52847
2011-06-03 13:36:31,61.65,62.01,61.65,61.8229,40337
2011-06-03 15:17:23,61.8368,61.9,61.46,61.523999999999994,111713
2011-06-06 10:07:37,61.5,61.69,61.0,61.0001,46559
2011-06-06 12:28:20,61.0001,61.28,60.94,61.27,43895
2011-06-06 14:12:16,61.28,61.29,60.9501,61.0465,51336
2011-06-06 15:12:47,61.0271,61.0486,60.6601,60.6601,37184
2011-06-07 09:37:23,60.6601,61.12,60.66,61.12,48162
2011-06-07 12:22:28,61.11,61.2408,60.99100000000001,61.1176,43280
2011-06-07 15:23:19,61.148,61.257,61.0267,61.0267,40305
2011-06-08 10:42:34,61.008,61.066,60.59,60.7001,41005
2011-06-08 13:08:24,60.7124,60.908,60.651,60.8524,41997
2011-06-08 15:11:13,60.786,60.786,60.4702,60.62,98441
2011-06-09 09:37:49,60.63,60.6924,60.39,60.55,47484
2011-06-09 11:53:49,60.55,61.18,60.55,61.18,37065
2011-06-09 14:04:46,61.1899,61.24,61.09,61.161,33332
2011-06-09 15:53:53,61.178,61.2724,61.001999999999995,61.0238,41702
2011-06-10 10:14:30,61.03,61.05,60.3,60.3701,47204
2011-06-10 11:56:46,60.371,60.459,60.09,60.235,53453
2011-06-10 13:20:50,60.2232,60.309,60.12,60.1429,61673
2011-06-10 14:01:12,60.1543,60.16,59.97,60.07,34339
2011-06-10 15:09:11,60.17,60.63,60.17,60.45,167777
2011-06-13 10:01:10,60.4589,60.57,60.2086,60.519,38076
2011-06-13 12:23:42,60.4902,60.4902,60.28,60.2998,49876
2011-06-13 14:37:50,60.2201,60.6141,60.0484,60.43,32219
2011-06-13 15:56:34,60.427,60.593,60.33,60.4029,62193
2011-06-14 11:22:29,60.4188,61.1914,60.34,61.0829,48521
2011-06-14 13:47:55,61.0367,61.242,61.0266,61.1401,47743
2011-06-14 15:03:06,61.1401,61.2829,61.1102,61.2829,53797
2011-06-14 15:59:55,61.2924,61.2924,60.9811,61.04,73346
2011-06-15 10:04:33,61.04,61.08,60.42,60.54,54074
2011-06-15 11:54:05,60.57,60.6368,60.0738,60.133,42085
2011-06-15 12:25:26,60.15,60.1852,59.77,59.79,48677
2011-06-15 13:30:23,59.76,60.05,59.76,59.919,33603
2011-06-15 14:46:20,59.92,60.1,59.81,59.84,33690
2011-06-15 15:26:47,59.8301,59.96,59.77,59.96,57486
2011-06-15 15:48:29,60.0,60.07,59.8999,60.02,87973
2011-06-16 09:46:24,59.9924,60.18,59.88,60.13,39785
2011-06-16 10:29:12,60.13,60.3465,59.84,60.1991,36052
2011-06-16 11:24:31,60.4142,60.47,60.17,60.3602,32912
2011-06-16 13:34:12,60.36,60.49,60.1415,60.1415,59170
2011-06-16 14:34:09,60.13,60.158,59.8901,59.928999999999995,78678
2011-06-16 15:55:57,59.928999999999995,60.224,59.7565,60.214,34007
2011-06-17 11:11:35,60.2139,60.9,60.18,60.62,43801
2011-06-17 13:37:36,60.6126,60.7199,60.303999999999995,60.4429,41976
2011-06-17 15:47:20,60.4495,60.59,60.2346,60.57,36385
2011-06-20 11:50:00,60.58,60.87,60.2072,60.87,48882
2011-06-20 14:26:10,60.82899999999999,60.879,60.61,60.6129,41580
2011-06-21 10:03:11,60.62,61.2,60.5786,61.2,38404
2011-06-21 13:07:12,61.126999999999995,61.5368,61.126999999999995,61.3924,37997
2011-06-21 15:22:13,61.38,61.59,61.2927,61.5414,53268
2011-06-22 10:31:33,61.519,61.54,61.227,61.5,71557
2011-06-22 11:33:16,61.507,61.6376,61.4966,61.575,42422
2011-06-22 13:12:16,61.57,61.602,61.38,61.532,49842
2011-06-22 15:10:28,61.5449,61.62,61.3132,61.4136,45709
2011-06-23 09:30:01,61.4024,61.4385,60.05,60.05,71447
2011-06-23 10:25:05,60.05,60.1,59.64,59.64,43943
2011-06-23 12:06:58,59.64,59.9,59.5729,59.8756,43955
2011-06-23 13:43:47,59.841,60.088,59.7,59.9999,54964
2011-06-23 15:00:16,59.98,60.26,59.7301,60.23,55966
2011-06-23 15:30:34,60.2,60.4755,60.05,60.15,55777
2011-06-24 09:30:27,60.15,60.57,60.04,60.47,52733
2011-06-24 10:47:52,60.45,60.5,59.888000000000005,59.92,64436
2011-06-24 13:03:39,59.8966,60.029,59.74,59.75,51646
2011-06-24 15:12:38,59.75,60.0114,59.75,59.84,61872
2011-06-27 09:33:20,59.83,59.8757,59.7,59.8,57861
2011-06-27 11:34:44,59.81,60.2335,59.721,60.0602,59891
2011-06-27 13:30:38,60.1,60.2399,60.08,60.08,60572
2011-06-27 15:18:13,60.08,60.422,60.0666,60.3424,45545
2011-06-28 11:01:42,60.3414,60.6898,60.21,60.556999999999995,44422
2011-06-28 14:02:47,60.5532,60.7771,60.5402,60.7502,40260
2011-06-28 15:59:18,60.77,60.86,60.706,60.85,41368
2011-06-29 10:30:38,60.86,61.284,60.84,61.12,38098
2011-06-29 12:14:23,61.1599,61.5368,61.1599,61.498999999999995,59824
2011-06-29 14:47:33,61.4776,61.55,61.24,61.2664,34845
2011-06-30 09:35:44,61.279,61.71,61.24,61.6,46840
2011-06-30 11:05:00,61.6,62.0,61.538999999999994,61.9971,61871
2011-06-30 14:03:00,62.0088,62.038999999999994,61.86,61.968,42391
2011-06-30 15:21:04,61.96,61.9688,61.8501,61.9299,41813
2011-07-01 10:00:03,61.9299,62.18,61.92,62.18,48216
2011-07-01 10:07:24,62.24,62.4768,62.24,62.37,62407
2011-07-01 11:30:25,62.37,62.6,62.36,62.5999,47770
2011-07-01 14:22:08,62.6,62.8136,62.5602,62.8078,43296
2011-07-05 09:44:06,62.82,62.9884,62.6471,62.6644,46311
2011-07-05 12:09:00,62.657,62.7894,62.51,62.6957,38245
2011-07-05 14:26:02,62.69,62.8058,62.49,62.53,78864
2011-07-05 16:12:22,62.4943,62.792,62.48,62.6523,47565
2011-07-06 11:40:19,62.48,62.538,62.2614,62.5247,45937
2011-07-06 14:22:26,62.54,62.6435,62.44,62.4631,87918
2011-07-07 09:37:00,62.45,63.16,62.44,63.075,64847
2011-07-07 12:09:23,63.07,63.1968,63.014,63.13,37588
2011-07-07 14:19:42,63.14,63.29,63.1338,63.28,70328
2011-07-08 09:30:07,63.29,63.373000000000005,62.45,62.5,51247
2011-07-08 11:00:52,62.53,62.6,62.3114,62.3676,63075
2011-07-08 14:17:36,62.3401,62.6,62.26,62.43,53545
2011-07-11 09:31:45,62.428,62.68,61.83,61.8576,34878
2011-07-11 10:54:18,61.8388,61.95,61.55,61.5608,43560
2011-07-11 13:43:07,61.551,61.6962,61.43,61.48,52372
2011-07-11 15:50:10,61.48,61.6,61.351000000000006,61.3641,36646
2011-07-12 10:48:03,61.3232,61.6668,61.29,61.5871,49568
2011-07-12 12:45:03,61.4501,61.76,61.4501,61.61,101425
2011-07-12 14:11:51,61.63,61.8,61.55,61.79,67351
2011-07-12 15:44:51,61.8,61.9488,61.45,61.45,54280
2011-07-13 10:08:10,61.381,61.8845,61.27,61.8,58476
2011-07-13 11:56:01,61.8,62.1038,61.7676,61.96,92710
2011-07-13 14:41:20,61.98,62.07,61.674,61.7076,50809
2011-07-14 09:37:18,61.70399999999999,61.79600000000001,61.21,61.62,28557
2011-07-14 10:50:24,61.635,61.915,61.62,61.63,62463
2011-07-14 11:59:19,61.6568,61.6568,61.43,61.5098,231629
2011-07-14 13:17:25,61.492,61.492,61.1,61.1,63415
2011-07-14 14:22:47,61.1,61.501999999999995,61.02,61.3666,59923
2011-07-14 15:07:08,61.3575,61.3614,61.18,61.22,70133
2011-07-14 15:43:15,61.16,61.27,61.05,61.232,100406
2011-07-15 09:31:56,61.224,61.41,61.0,61.33,66548
2011-07-15 11:29:34,61.41,61.4314,60.9201,61.18,39142
2011-07-15 14:44:23,61.157,61.2486,60.85,60.94,34138
2011-07-18 10:53:46,61.003,61.34,60.404,60.404,35886
2011-07-18 13:05:09,60.36,60.4701,60.201,60.33,42448
2011-07-18 14:47:24,60.3302,60.5655,60.3,60.4671,44078
2011-07-19 09:30:22,60.4658,60.9,60.45,60.88,51053
2011-07-19 11:07:38,60.88,61.1144,60.88,61.0398,59760
2011-07-19 14:15:18,61.0,61.2945,60.8329,61.23,52728
2011-07-20 09:32:07,61.2,61.58,61.18600000000001,61.56,38706
2011-07-20 11:56:22,61.568000000000005,61.669,61.43,61.55,52296
2011-07-20 15:08:18,61.55,61.7595,61.501000000000005,61.6537,32782
2011-07-21 10:00:00,61.7044,62.28,61.5071,62.22,35634
2011-07-21 11:42:01,62.24,62.57,62.24,62.361999999999995,62920
2011-07-21 13:22:48,62.361999999999995,62.692,62.34,62.66,58588
2011-07-21 15:19:43,62.66,62.731,62.5634,62.708,54543
2011-07-22 10:20:00,62.706,62.706,62.2432,62.2916,55570
2011-07-22 13:08:44,62.2601,62.5471,62.18,62.5057,38132
2011-07-25 09:02:34,62.5099,62.5099,62.0,62.0,46578
2011-07-25 11:47:16,61.76,62.1886,61.76,62.151,45550
2011-07-25 14:41:05,62.1468,62.348,62.1136,62.181999999999995,44554
2011-07-26 09:47:10,62.191,62.2057,61.762,61.7978,35292
2011-07-26 11:12:58,61.8178,61.951,61.6202,61.941,35790
2011-07-26 14:25:05,61.941,62.038,61.79,62.01,29658
2011-07-26 15:56:29,61.998000000000005,62.018,61.65,61.6971,29469
2011-07-27 11:01:29,61.6957,61.74,60.8829,61.0871,39049
2011-07-27 13:01:15,61.0448,61.231,60.9543,60.9543,43629
2011-07-27 14:56:42,60.938,61.0229,60.6769,60.698,44263
2011-07-28 09:32:27,60.698,60.7688,60.5,60.6466,48342
2011-07-28 10:33:41,60.69,60.7825,60.47,60.687,58120
2011-07-28 13:02:01,60.69,61.0052,60.63,60.79,58298
2011-07-28 14:49:45,60.803,60.8458,60.52,60.59,40338
2011-07-29 09:30:01,60.5901,60.6086,59.6,59.626999999999995,49603
2011-07-29 09:39:18,59.67,59.7,59.47,59.52,35444
2011-07-29 09:59:49,59.52,59.84,59.41,59.75,38656
2011-07-29 10:33:40,59.71,59.91,59.66,59.8,51489
2011-07-29 11:08:12,59.8294,60.21,59.742,60.21,42679
2011-07-29 12:10:07,60.21,60.3631,60.04,60.12,53763
2011-07-29 12:47:24,60.14,60.14,59.98,60.0401,33357
2011-07-29 14:02:26,60.05,60.131,59.918,60.1,32691
2011-07-29 15:17:40,60.1,60.208,60.0,60.0314,51725
2011-07-29 15:57:49,60.042,60.11,59.771,59.9345,44926
2011-08-01 09:32:12,59.9399,60.76,59.71,60.6,38822
2011-08-01 10:00:09,60.6216,60.6216,59.8,59.85,38436
2011-08-01 10:05:52,59.83,59.83,59.25,59.44,43280
2011-08-01 10:49:07,59.4635,59.67,59.4399,59.55,44415
2011-08-01 11:40:01,59.5798,59.5798,59.06,59.17,33845
2011-08-01 12:15:52,59.1529,59.24,59.1199,59.15,54226
2011-08-01 13:21:01,59.15,59.35,59.1,59.3258,32816
2011-08-01 14:38:58,59.3214,59.387,59.174,59.3222,45730
2011-08-01 15:48:58,59.338,59.718,59.338,59.71,47284
2011-08-02 10:18:33,59.6856,59.7,59.167,59.18,43194
2011-08-02 12:11:25,59.18,59.2,58.791,58.8168,35756
2011-08-02 13:30:54,58.8119,58.977,58.56,58.75,58286
2011-08-02 14:40:42,58.75,58.75,58.45,58.5257,59691
2011-08-02 15:50:38,58.5188,58.7132,58.2344,58.2344,34116
2011-08-03 09:30:57,58.2252,58.2252,57.79,58.05,49327
2011-08-03 09:44:44,58.05,58.19,57.93,57.9414,56968
2011-08-03 10:17:55,57.93,58.19,57.8,57.8,68931
2011-08-03 10:36:40,57.83,57.84,57.38,57.38,39783
2011-08-03 11:01:26,57.34,57.68,57.19,57.68,136971
2011-08-03 12:03:15,57.751000000000005,57.88,57.45,57.45,36209
2011-08-03 13:17:21,57.45,57.6668,57.328,57.593999999999994,49290
2011-08-03 14:47:43,57.5657,58.11,57.5657,57.85,48817
2011-08-03 15:42:40,57.8414,58.2575,57.8414,58.24,169264
2011-08-04 09:50:01,58.23,58.3,57.09,57.09,34600
2011-08-04 10:45:41,57.09,57.331,56.93,56.93,47286
2011-08-04 11:09:45,56.91,56.9814,56.66,56.88,40652
2011-08-04 11:46:05,56.88,56.961000000000006,56.45,56.45,49642
2011-08-04 12:13:51,56.43,56.663999999999994,56.17,56.663999999999994,48576
2011-08-04 13:36:19,56.626000000000005,56.8066,56.4714,56.57,37411
2011-08-04 14:25:24,56.588,56.588,56.0,56.0129,38731
2011-08-04 14:38:44,56.0,56.36,55.958,56.36,50804
2011-08-04 15:09:27,56.302,56.47,56.2012,56.3701,38510
2011-08-04 15:36:46,56.36,56.4471,55.81,55.94,27313
2011-08-04 15:55:14,55.94,56.0433,55.35,55.4714,34704
2011-08-05 09:41:52,55.488,56.3,54.97,56.0416,36088
2011-08-05 09:57:52,56.0236,56.0402,55.05,55.3188,55258
2011-08-05 10:22:28,55.3,55.5549,54.92,55.5001,51734
2011-08-05 11:05:14,55.5,55.7082,55.0666,55.1049,38253
2011-08-05 11:24:19,55.05,55.1,54.5986,54.685,33517
2011-08-05 11:41:31,54.705,55.1,54.6648,54.6648,47783
2011-08-05 11:59:39,54.6696,54.688,53.89,54.071000000000005,60424
2011-08-05 12:20:24,54.071000000000005,55.2,54.011,54.82,46871
2011-08-05 12:48:29,54.76,55.68,54.64,55.63,39632
2011-08-05 13:34:41,55.66,56.0,55.38,55.7657,36052
2011-08-05 14:29:23,55.74,56.0695,55.4968,55.7257,41029
2011-08-05 15:06:49,55.727,55.788,55.11,55.11,51124
2011-08-05 15:22:18,55.11,55.27,54.84,55.2635,39634
2011-08-05 15:37:09,55.29,55.3129,54.9129,55.1,30189
2011-08-05 15:49:46,55.1029,55.4799,55.1029,55.3174,81673
2011-08-08 09:34:30,55.2902,55.46,53.6,54.2,58359
2011-08-08 09:54:29,54.18,54.46,53.93,54.03,49503
2011-08-08 10:20:05,54.0,54.1468,53.5451,53.62,44573
2011-08-08 10:33:00,53.6229,53.6229,53.22,53.28,38285
2011-08-08 11:05:51,53.27,53.548,53.05,53.3989,42509
2011-08-08 12:08:20,53.35,53.89,53.106,53.2,47949
2011-08-08 13:09:26,53.2589,53.3405,52.9316,53.0,42631
2011-08-08 13:55:12,52.9742,53.02,52.4,52.61,51909
2011-08-08 14:19:31,52.53,52.5925,51.8471,52.0268,70515
2011-08-08 14:26:57,52.0,52.003,51.24,51.63,81991
2011-08-08 14:42:13,51.64,52.1957,51.57,52.0937,80602
2011-08-08 14:57:29,51.9,52.056,51.745,51.79,80185
2011-08-08 15:17:06,51.754,52.7489,51.72,52.623999999999995,481515
2011-08-08 15:41:39,52.669,52.919,51.92,52.01,57526
2011-08-08 15:59:50,51.99,51.99,51.34,51.35,208113
2011-08-09 09:41:16,51.32,52.368,50.5,51.68,66386
2011-08-09 10:12:58,51.68,52.62,51.4,52.419,47502
2011-08-09 10:55:33,52.4189,52.8111,52.4086,52.6757,34518
2011-08-09 11:56:44,52.77,52.77,52.1829,52.6832,52908
2011-08-09 12:50:24,52.7001,52.8252,52.56,52.57,65648
2011-08-09 13:28:13,52.5738,52.5738,52.3422,52.5,47933
2011-08-09 14:15:24,52.5,52.5,51.93,52.0356,38059
2011-08-09 14:24:02,52.02,52.5336,51.11,51.47,40876
2011-08-09 14:44:33,51.59,51.98,50.54,50.61,51536
2011-08-09 15:07:45,50.61,51.5508,50.42,51.534,46853
2011-08-09 15:48:05,51.5,53.09,51.3429,53.07,35377
2011-08-10 09:35:02,53.07,54.02,52.3372,52.3372,46759
2011-08-10 10:13:20,52.36,52.8766,51.8,51.86,66128
2011-08-10 10:54:06,51.86,52.5,51.5508,51.74,39455
2011-08-10 11:41:45,51.7471,52.118,51.55,51.7556,34693
2011-08-10 12:39:15,51.75,52.4176,51.75,51.8537,46216
2011-08-10 14:04:42,51.9035,52.75,51.8852,52.66,67196
2011-08-10 14:53:42,52.639,53.24,52.55,52.55,49761
2011-08-10 15:45:14,52.57,52.644,51.74,51.79,42553
2011-08-11 09:31:38,51.71,52.08,51.1764,52.0199,38151
2011-08-11 10:06:14,51.98,52.35,51.6556,52.04,49966
2011-08-11 10:49:55,52.0066,52.97,51.9625,52.97,51136
2011-08-11 11:53:46,52.94,53.0071,52.56,52.9371,54552
2011-08-11 13:04:22,52.9045,53.5,52.641000000000005,53.25,43629
2011-08-11 14:14:00,53.25,53.632,53.07,53.61,47077
2011-08-11 15:14:56,53.6196,54.05,53.448,54.05,72565
2011-08-11 15:44:06,54.04,54.45,53.9856,54.4496,56077
2011-08-12 09:55:20,54.452,54.7354,53.76,54.354,39166
2011-08-12 10:53:43,54.29,54.34,53.81,53.89,28790
2011-08-12 11:54:54,53.91,54.5586,53.84,54.54,43064
2011-08-12 13:54:29,54.54,54.54,54.1301,54.346,47324
2011-08-12 15:39:20,54.3,54.37,53.708,53.8668,41340
2011-08-15 09:39:23,53.8633,54.758,53.8534,54.758,26971
2011-08-15 11:02:42,54.75,55.13,54.75,54.913999999999994,38601
2011-08-15 13:02:54,54.956,55.16,54.66,55.1567,61088
2011-08-15 14:24:14,55.1456,55.28,54.979,55.28,67043
2011-08-15 15:48:19,55.2471,55.352,55.1814,55.306999999999995,60587
2011-08-16 10:02:03,55.305,55.41,54.61,54.78,30215
2011-08-16 11:40:32,54.78,55.1088,54.6802,55.084,44439
2011-08-16 12:52:05,55.221,55.43,54.68,54.762,38831
2011-08-16 14:06:10,54.8136,54.9364,54.37,54.9364,43850
2011-08-16 15:04:21,54.89,55.029,54.63,54.721,47296
2011-08-16 15:50:29,54.721,55.142,54.721,55.001000000000005,76977
2011-08-17 10:18:08,55.0,55.7319,54.86,55.7319,49958
2011-08-17 12:08:52,55.7149,55.72,54.9,54.9001,40885
2011-08-17 13:48:51,54.92,55.1288,54.688,54.7561,53388
2011-08-17 14:53:45,54.7892,55.0314,54.7892,54.92100000000001,44567
2011-08-17 15:59:05,54.92100000000001,55.082,54.901,55.01,49663
2011-08-18 10:00:17,55.0301,55.0301,52.86,52.94,46061
2011-08-18 10:28:35,52.9,53.0,52.34,52.889,41217
2011-08-18 11:33:57,52.852,52.979,52.56100000000001,52.881,45271
2011-08-18 12:31:29,52.881,53.108,52.841,52.9852,47200
2011-08-18 14:21:48,52.931,52.931,52.44,52.824,51843
2011-08-18 15:14:21,52.81100000000001,52.8871,52.35,52.49,36387
2011-08-19 09:30:38,52.5,52.9,52.0,52.06,32716
2011-08-19 10:03:28,52.0884,52.86,52.07,52.86,34318
2011-08-19 11:14:13,52.8548,53.35,52.61,52.61,55240
2011-08-19 12:18:02,52.528,52.8546,52.44,52.6672,85632
2011-08-19 14:25:15,52.6332,52.8,52.1229,52.163999999999994,45570
2011-08-19 15:03:39,52.163999999999994,52.373000000000005,52.0403,52.101000000000006,41606
2011-08-19 15:26:32,52.101000000000006,52.2484,51.958,52.208,50028
2011-08-22 09:56:10,52.2386,53.21,51.9,52.578,34297
2011-08-22 11:46:29,52.5967,52.68,51.8601,51.8995,36007
2011-08-22 13:48:01,51.93,52.4028,51.77,52.06399999999999,35991
2011-08-22 15:07:37,52.098,52.26,51.88,52.022,77207
2011-08-23 09:40:20,52.021,52.13,51.67,51.67,39476
2011-08-23 11:04:16,51.67,52.5301,51.67,52.3298,61043
2011-08-23 13:15:50,52.3,53.03,52.22,52.91,48628
2011-08-23 14:44:38,52.8983,52.8983,52.48,52.77,53017
2011-08-23 15:52:41,52.886,53.3752,52.841,53.21,75522
2011-08-24 10:50:09,53.19,54.157,53.17,53.73,43270
2011-08-24 13:44:48,53.73,53.91,53.3001,53.733999999999995,50732
2011-08-24 15:45:06,53.6925,54.3614,53.6925,54.3614,35855
2011-08-25 09:48:00,54.288999999999994,55.15,54.24,54.74,54328
2011-08-25 11:20:49,54.666,54.666,53.5483,53.9108,60970
2011-08-25 13:45:03,53.91,54.01,53.322,53.78,42130
2011-08-25 15:41:32,53.67,53.8886,53.4,53.41,43567
2011-08-26 10:00:05,53.4,53.55,52.84,52.84,30433
2011-08-26 11:06:53,52.83,53.562,52.3349,53.556999999999995,42386
2011-08-26 13:25:07,53.68,54.3199,53.68,54.228,55434
2011-08-26 15:23:08,54.22,54.38,53.7686,53.822,46693
2011-08-29 10:01:08,53.768,55.1971,53.12,55.0865,39044
2011-08-29 11:35:44,55.19,55.29,55.0,55.0888,38498
2011-08-29 14:07:09,55.14,55.492,55.14,55.49100000000001,40793
2011-08-29 15:53:42,55.5,55.7471,55.5,55.678,38242
2011-08-30 10:04:49,55.69,55.77,55.0012,55.0012,44612
2011-08-30 12:12:27,55.012,55.8746,55.012,55.7,37633
2011-08-30 14:33:03,55.694,55.8,55.36,55.7625,37060
2011-08-30 15:59:00,55.78,56.09,55.67,55.82,32904
2011-08-31 10:01:10,55.8,56.57,55.74,56.5,43219
2011-08-31 11:29:59,56.51,56.604,56.114,56.19,42118
2011-08-31 13:47:39,56.2056,56.4868,56.1222,56.2746,48294
2011-08-31 15:13:16,56.25,56.25,55.75,55.8686,34583
2011-09-01 10:00:12,55.7852,56.27,55.7136,56.27,42361
2011-09-01 10:35:03,56.25,56.54,56.044,56.1078,28011
2011-09-01 13:30:57,56.022,56.2171,55.8701,55.9232,41798
2011-09-01 15:35:16,55.913999999999994,55.913999999999994,55.48,55.4803,38204
2011-09-02 10:35:50,55.4548,55.5486,54.0248,54.18,53462
2011-09-02 11:46:49,54.1764,54.445,54.03,54.36,67435
2011-09-02 14:11:51,54.37,54.4368,53.93,53.93,38401
2011-09-06 09:30:00,53.93,54.068000000000005,52.14,52.2,38570
2011-09-06 10:01:06,52.2,52.81,52.16,52.7771,42224
2011-09-06 11:36:28,52.79,52.8,52.17,52.7001,55704
2011-09-06 13:53:28,52.698,53.0548,52.6084,53.0548,76880
2011-09-06 15:56:04,53.0184,53.292,52.7502,53.27,49438
2011-09-07 09:59:21,53.27,54.31,53.27,54.31,48149
2011-09-07 10:57:30,54.337,54.434,54.2101,54.26,63481
2011-09-07 12:56:47,54.26,54.66,54.26,54.622,53825
2011-09-07 15:05:48,54.6471,55.0,54.62,54.92100000000001,50181
2011-09-08 09:43:30,54.8868,54.99,54.5611,54.95,48892
2011-09-08 11:11:32,54.9402,55.1629,54.52,55.144,48675
2011-09-08 13:24:27,55.1043,55.1043,54.665,54.8,40972
2011-09-08 14:44:12,54.81,54.88,54.27,54.4149,56323
2011-09-09 09:31:31,54.4,54.494,53.64,53.65,39554
2011-09-09 11:23:20,53.65,53.81,53.15,53.15,43573
2011-09-09 14:35:43,53.218,53.218,52.632,52.632,44629
2011-09-12 09:31:01,52.674,53.005,52.08,52.16,39441
2011-09-12 11:56:56,52.13,52.9599,52.13,52.498000000000005,41282
2011-09-12 14:25:58,52.431,52.5107,52.0,52.12,51895
2011-09-13 09:55:43,52.139,53.55,52.0829,53.4849,39942
2011-09-13 12:05:57,53.4203,53.756,53.1199,53.178999999999995,50178
2011-09-13 14:51:49,53.3,53.8103,53.25,53.55,64502
2011-09-14 09:41:44,53.56,54.0,53.2798,53.76,41302
2011-09-14 11:48:32,53.7571,53.83,53.1,53.69,41799
2011-09-14 13:18:15,53.69,54.028,53.69,53.99,76904
2011-09-14 15:09:24,54.018,54.6386,53.9925,54.632,35445
2011-09-15 10:00:00,54.6301,54.9529,54.3,54.8,44829
2011-09-15 11:13:15,54.8,55.1,54.517,54.69,53805
2011-09-15 14:11:37,54.67,55.19,54.662,55.19,47970
2011-09-15 15:59:10,55.2,55.3254,55.03,55.294,35173
2011-09-16 10:52:38,55.31,55.87,55.1865,55.2,39608
2011-09-16 13:45:02,55.1864,55.598,55.062,55.3001,42087
2011-09-16 15:59:30,55.3064,55.6,55.2729,55.56,42345
2011-09-19 10:46:54,55.5602,55.59,54.2388,54.2704,97269
2011-09-19 14:11:00,54.354,54.5698,54.2429,54.45,46917
2011-09-19 15:44:03,54.4499,55.08,54.4125,55.04,38568
2011-09-20 10:15:29,55.05,55.06,54.49,54.856,38525
2011-09-20 11:47:39,54.852,55.57,54.852,55.4086,70915
2011-09-20 14:43:32,55.402,55.517,55.21,55.2256,47068
2011-09-20 15:16:26,55.2256,55.3099,55.0302,55.0729,46149
2011-09-21 09:59:58,55.062,55.1293,54.5926,54.74,114117
2011-09-21 13:01:16,54.78,54.846,54.03,54.242,40082
2011-09-21 14:23:52,54.2405,54.62,54.1485,54.52,35557
2011-09-21 14:24:38,54.49,54.49,54.14,54.14,22216
2011-09-21 14:50:44,54.13,54.31,53.7042,53.96,43196
2011-09-22 09:32:14,53.96,54.072,51.2,51.47,61472
2011-09-22 10:01:22,51.49,51.7048,51.23,51.3,50898
2011-09-22 11:04:54,51.3,51.8171,51.3,51.39,58212
2011-09-22 11:58:23,51.39,51.39,51.17,51.17,62578
2011-09-22 13:31:36,51.178,51.41,50.952,51.0404,78619
2011-09-22 14:22:13,51.0296,51.122,50.66,50.97,45825
2011-09-22 15:23:57,50.97,51.37,50.5,50.5,41726
2011-09-22 15:58:05,50.5,51.3803,50.5,51.32,42485
2011-09-23 09:48:16,51.3371,51.35,50.83,51.27,46236
2011-09-23 10:40:56,51.28,51.52,50.97,51.22,41842
2011-09-23 12:28:24,51.15,51.73,51.15,51.4729,42403
2011-09-23 14:08:19,51.3929,51.7878,51.232,51.673,48965
2011-09-23 15:38:00,51.688,51.688,51.2332,51.6,56727
2011-09-26 09:48:05,51.5987,51.85,51.3868,51.62,35583
2011-09-26 10:38:23,51.61,51.748000000000005,51.131,51.22,47892
2011-09-26 12:21:00,51.22,52.0,51.22,51.848,41904
2011-09-26 14:42:54,51.87,51.9596,51.489,51.94,59480
2011-09-26 15:56:47,51.95,52.66,51.872,52.66,56290
2011-09-27 10:02:29,52.71,54.02,52.63,53.95,38755
2011-09-27 11:20:54,53.78,54.08,53.7722,53.94,86412
2011-09-27 13:15:56,53.89,54.06,53.83,53.916,49400
2011-09-27 14:41:31,53.96,54.1874,53.86600000000001,54.1,34378
2011-09-27 15:59:18,54.1,54.1,52.94,53.16,40073
2011-09-28 11:10:40,53.16,53.618,52.87,52.87,41819
2011-09-28 12:45:22,52.888000000000005,53.3613,52.888000000000005,53.03,68817
2011-09-28 15:04:51,53.06,53.193000000000005,52.4012,52.73,60626
2011-09-29 09:41:52,52.74100000000001,53.15,51.9834,53.06,45306
2011-09-29 11:16:12,53.05,53.3274,52.5488,52.7768,35131
2011-09-29 13:36:37,52.62,53.0068,52.54,52.54,48309
2011-09-29 15:16:46,52.51,52.532,51.93,52.12,40334
2011-09-30 09:36:48,52.1175,52.9,51.942,52.03,69247
2011-09-30 09:46:16,52.03,52.49,52.03,52.3899,50915
2011-09-30 11:12:15,52.37,52.57,52.042,52.28,65511
2011-09-30 13:29:03,52.3229,52.602,52.2088,52.357,48759
2011-09-30 14:47:38,52.3304,52.498999999999995,51.98,52.1,56371
2011-09-30 15:17:29,52.06,52.3316,51.92,52.158,58705
2011-10-03 09:30:08,52.13399999999999,52.13399999999999,51.22,51.26,44950
2011-10-03 10:00:07,51.27,51.54,51.19,51.54,35358
2011-10-03 10:41:08,51.51,51.937,51.27,51.27,46695
2011-10-03 11:32:45,51.27,51.52,51.09,51.48,62397
2011-10-03 12:10:48,51.48,51.5295,51.284,51.371,53859
2011-10-03 13:21:54,51.35,51.35,50.479,50.55,75888
2011-10-03 14:05:25,50.55,50.5962,50.2329,50.56,60972
2011-10-03 14:50:50,50.63,50.63,50.1,50.21,48472
2011-10-03 15:36:36,50.243,50.5189,50.14,50.309,62134
2011-10-04 09:30:03,50.332,50.8,49.2,49.28,796155
2011-10-04 09:45:27,49.2884,49.43,49.1,49.1,39420
2011-10-04 10:01:01,49.1,49.1852,48.73,48.91,36198
2011-10-04 10:12:34,48.91,49.37,48.81,49.31,48243
2011-10-04 10:40:54,49.3471,49.37,48.99,49.37,57234
2011-10-04 11:07:31,49.37,49.75,49.35,49.75,50286
2011-10-04 11:50:06,49.7499,49.8498,49.322,49.57,46721
2011-10-04 12:43:40,49.58,49.9846,49.54,49.97,44280
2011-10-04 13:24:26,50.01,50.01,49.562,49.63,68196
2011-10-04 14:40:50,49.57,49.7397,49.2903,49.55,43000
2011-10-04 15:21:07,49.55,49.55,49.08,49.27,59992
2011-10-04 15:50:29,49.272,50.52,49.272,50.46,53110
2011-10-05 09:39:36,50.46,51.41,50.46,50.91,38968
2011-10-05 09:54:39,50.94,51.16,50.92,51.01,54781
2011-10-05 10:19:02,51.03,51.47,51.03,51.23,59269
2011-10-05 11:06:06,51.31,51.6271,51.22,51.56,58478
2011-10-05 12:54:49,51.5364,51.5568,51.12,51.27,49389
2011-10-05 14:40:22,51.26,51.7871,51.21,51.5364,60622
2011-10-05 15:37:48,51.54,52.12,51.54,52.108,52523
2011-10-06 09:54:10,52.20399999999999,52.21,51.65,51.7204,39114
2011-10-06 11:19:30,51.618,52.4715,51.618,52.38,44944
2011-10-06 13:32:07,52.38,52.8305,52.3026,52.622,74992
2011-10-06 15:01:03,52.622,52.8999,52.472,52.6701,55087
2011-10-07 09:33:13,52.6901,53.39,52.526,53.3564,39304
2011-10-07 10:08:50,53.3332,53.3332,52.9874,53.1199,49774
2011-10-07 11:30:16,53.1488,53.3336,52.8146,53.05,41387
2011-10-07 12:31:20,53.0285,53.08,52.54,52.6,54638
2011-10-07 13:58:12,52.6029,52.68,52.288,52.56,55891
2011-10-07 15:19:45,52.562,52.95,52.4446,52.9,70487
2011-10-10 09:47:24,53.0429,53.76,52.5,53.68,63451
2011-10-10 11:09:50,53.67,54.111,53.67,53.994,43146
2011-10-10 13:17:57,53.9726,54.12,53.951,54.1,47182
2011-10-10 15:22:09,54.102,54.1729,53.8138,53.902,78145
2011-10-11 10:46:22,53.9032,54.5,53.8071,54.45,43832
2011-10-11 12:01:12,54.4529,54.4851,54.19,54.4268,98270
2011-10-11 13:54:09,54.41,54.46,54.14,54.3571,55638
2011-10-11 15:41:53,54.41,54.5,54.153,54.451,52467
2011-10-12 10:05:29,54.426,54.87,54.05,54.8,81792
2011-10-12 11:33:57,54.8,55.18,54.7545,55.1771,65594
2011-10-12 13:52:12,55.1408,55.408,55.033,55.2601,35440
2011-10-12 15:41:30,55.279,55.58,55.17,55.3466,82069
2011-10-13 09:36:00,55.37,55.4034,54.44,54.46,56209
2011-10-13 10:43:11,54.47,54.47,54.0896,54.1629,71870
2011-10-13 12:59:09,54.1596,54.244,53.9529,54.147,45319
2011-10-13 14:21:55,54.14,54.5171,54.0702,54.5171,61267
2011-10-13 15:59:45,54.44,54.77,54.378,54.55,43896
2011-10-14 10:15:47,54.59,55.3229,54.59,55.01,57244
2011-10-14 13:13:37,55.01,55.0536,54.853,55.01,47593
2011-10-14 14:31:16,55.02,55.15,55.0084,55.06100000000001,46906
2011-10-14 14:49:49,55.06,55.062,55.02,55.02,24283
2011-10-14 14:55:27,55.021,55.11,55.02,55.07,43232
2011-10-17 09:37:02,55.07,55.43,55.0532,55.0532,35491
2011-10-17 11:53:04,55.1,55.23,54.654,54.812,43740
2011-10-17 12:47:07,54.812,54.83,54.66,54.73,50114
2011-10-17 14:15:14,54.6902,54.742,54.5,54.5771,46686
2011-10-17 15:40:58,54.57,54.6656,54.3503,54.39,51015
2011-10-18 10:07:02,54.4471,54.65,54.1154,54.1964,107696
2011-10-18 11:45:59,54.302,55.07,54.2,55.04,70451
2011-10-18 13:56:19,55.02,55.31,54.9929,55.3,42806
2011-10-18 15:07:13,55.3,55.82,55.251000000000005,55.82,54611
2011-10-18 15:38:14,55.81,56.27,55.6011,55.69,53315
2011-10-19 10:15:54,55.699,56.0996,55.6348,56.0,38184
2011-10-19 13:02:59,56.1,56.2555,55.871,56.021,34990
2011-10-19 14:35:22,56.074,56.1049,55.3303,55.3696,49910
2011-10-19 15:51:05,55.413,55.52,55.1502,55.333,43553
2011-10-20 10:08:47,55.35,55.55,55.24,55.4435,41743
2011-10-20 11:44:14,55.41,55.599,54.961000000000006,55.0904,58002
2011-10-20 14:03:12,55.12,55.69,54.782,55.47,43676
2011-10-20 15:49:51,55.46,55.8898,55.28,55.7529,119975
2011-10-21 10:31:25,55.7401,56.81,55.69,56.8,33459
2011-10-21 12:37:49,56.76,56.76,56.48,56.556999999999995,48050
2011-10-21 14:22:14,56.5248,56.54,56.24100000000001,56.48,59682
2011-10-21 15:34:53,56.48,56.6536,56.37,56.597,54010
2011-10-24 09:47:24,56.58,57.14,56.5008,57.14,58851
2011-10-24 11:11:29,57.14,57.303999999999995,57.01,57.2729,65098
2011-10-24 12:23:28,57.24,57.462,57.2218,57.368,74529
2011-10-24 14:17:35,57.35,57.5299,57.2096,57.32,50227
2011-10-24 15:49:20,57.32,57.5,57.202,57.23,53263
2011-10-25 09:50:43,57.2314,57.45,56.33,56.83,35852
2011-10-25 10:09:52,56.8297,56.87,56.48,56.56,49877
2011-10-25 10:57:56,56.56,56.97,56.548,56.75,79215
2011-10-25 12:26:36,56.75,56.94,56.5299,56.8971,112831
2011-10-25 14:04:30,56.95,56.95,56.6524,56.6524,103800
2011-10-25 14:44:29,56.678,56.702,56.54,56.65,65954
2011-10-25 15:58:02,56.73,56.79,56.15,56.15,57990
2011-10-26 10:08:44,56.15,57.04,56.15,56.64,78673
2011-10-26 11:07:26,56.62,56.62,56.11,56.36,70157
2011-10-26 13:38:30,56.272,56.772,56.27,56.772,64828
2011-10-26 14:28:37,56.7836,56.9699,56.66,56.8329,72974
2011-10-26 15:45:16,56.8498,57.27,56.83,57.2,59200
2011-10-27 09:39:08,57.17,58.85,56.9401,58.65,57202
2011-10-27 10:19:02,58.6232,58.71,58.3548,58.48,54743
2011-10-27 11:34:54,58.48,58.6,58.233999999999995,58.535,53119
2011-10-27 12:41:12,58.535,58.96,58.535,58.8829,56839
2011-10-27 13:57:24,58.8694,59.18,58.8026,59.18,71915
2011-10-27 14:41:39,59.19,59.33,59.06,59.3,86157
2011-10-27 15:31:55,59.3,59.576,59.18,59.45,51947
2011-10-27 19:28:37,59.413999999999994,59.4254,58.27,58.59,39593
2011-10-28 09:55:03,58.6,59.0,58.55,58.81,27591
2011-10-28 11:08:22,58.8,59.15,58.69,59.15,38448
2011-10-28 13:00:49,59.14,59.1571,58.85,58.9969,53713
2011-10-28 15:04:24,59.01,59.1,58.8736,59.05,49052
2011-10-31 09:39:18,59.05,59.19,58.222,58.278,36184
2011-10-31 11:19:46,58.28,58.28,58.087,58.087,33935
2011-10-31 12:10:56,58.0652,58.19,58.058,58.1797,27991
2011-10-31 13:56:59,58.1771,58.35,57.98,58.25,61879
2011-10-31 15:19:05,58.26,58.283,57.84,57.86,49037
2011-10-31 15:59:37,57.86,57.86,57.45,57.46,49770
2011-11-01 09:57:13,57.46,57.46,53.36,55.98,58465
2011-11-01 10:55:07,56.0,56.45,55.75,56.25,32422
2011-11-01 12:41:48,56.26,56.26,55.57,55.9385,42808
2011-11-01 14:05:40,55.7935,56.29,55.5296,56.0601,42599
2011-11-01 14:53:56,56.06,56.372,56.02,56.027,53230
2011-11-01 15:46:00,56.0165,56.15,55.75,55.75,48077
2011-11-02 09:53:35,55.75,56.6851,55.5,56.43,43525
2011-11-02 11:31:46,56.43,56.8652,56.3739,56.7571,36613
2011-11-02 13:01:53,56.7571,56.7996,56.26,56.26,45681
2011-11-02 14:28:33,56.27,56.4199,56.17,56.27,57586
2011-11-02 14:50:54,56.26,56.53,56.24,56.52,81721
2011-11-02 15:38:40,56.51,56.82,56.4726,56.6,64720
2011-11-03 10:01:59,56.6271,57.3771,56.5126,56.71,44847
2011-11-03 12:14:43,56.71,57.2,56.52,57.09,40477
2011-11-03 14:16:35,57.078,57.64,57.031000000000006,57.603,33811
2011-11-03 15:30:08,57.58,57.69,57.37,57.69,64200
2011-11-04 09:57:59,57.69,57.8,57.06,57.06,34301
2011-11-04 12:52:12,57.06,57.06,56.5997,56.9,53160
2011-11-04 15:25:18,56.875,57.352,56.875,57.1104,49466
2011-11-07 09:48:19,57.15,57.611999999999995,57.1,57.611999999999995,36905
2011-11-07 11:50:52,57.6,57.632,57.0029,57.08,51473
2011-11-07 14:23:36,57.089,57.394,56.77,57.394,55436
2011-11-08 09:41:16,57.42,58.06,57.36,57.952,46619
2011-11-08 10:46:30,57.892,58.1755,57.7,57.9066,70838
2011-11-08 12:49:31,57.9074,57.93,57.4729,57.6504,48104
2011-11-08 14:25:28,57.61,58.16,57.56,58.131,42121
2011-11-09 09:30:41,58.18,58.53,57.0303,57.04,48740
2011-11-09 10:07:15,57.04,57.16,56.8,57.0,55640
2011-11-09 10:49:53,56.99,57.17,56.7516,57.1,51800
2011-11-09 13:03:31,57.09,57.28,56.9964,57.11,49604
2011-11-09 14:27:56,57.122,57.17,56.19,56.242,56244
2011-11-09 15:59:23,56.3,56.5971,56.16,56.21,55783
2011-11-10 11:26:39,56.2,57.0629,56.19,56.6049,54791
2011-11-10 13:15:05,56.6104,57.11,56.52,57.11,46179
2011-11-10 15:22:39,57.12,57.12,56.6313,56.6899,52460
2011-11-11 09:50:21,56.69,57.7703,56.6899,57.74,65822
2011-11-11 12:20:05,57.74,58.12,57.74,57.95,45484
2011-11-11 14:56:11,57.95,58.01,57.86,57.883,38741
2011-11-14 10:19:55,57.8552,57.95,57.3264,57.361999999999995,39557
2011-11-14 12:37:03,57.4064,57.5704,57.07,57.07,47981
2011-11-14 13:44:22,57.08,57.2734,57.08,57.25,95569
2011-11-14 14:57:45,57.25,57.27,56.98,56.98,62573
2011-11-15 09:37:20,57.0,57.3102,56.97,57.2,59056
2011-11-15 11:59:07,57.2785,57.3597,56.8301,57.0,46431
2011-11-15 13:29:09,57.0,57.5,57.0,57.45,76679
2011-11-15 15:19:14,57.4502,57.658,57.428999999999995,57.5784,35190
2011-11-16 10:34:02,57.5671,57.68,56.668,56.808,38613
2011-11-16 13:40:43,56.822,57.3092,56.8182,57.2878,42949
2011-11-16 15:35:20,57.323,57.4164,56.38,56.38,37696
2011-11-17 09:48:40,56.38,56.5788,55.99,56.0,44873
2011-11-17 10:24:31,56.01,56.3152,55.922,56.1696,49843
2011-11-17 11:31:33,56.19,56.47,56.1538,56.2901,70458
2011-11-17 12:55:44,56.34,56.43,55.36,55.61,55271
2011-11-17 15:13:06,55.584,55.66,55.223,55.33,37851
2011-11-18 09:37:49,55.35,55.86,55.19,55.762,47042
2011-11-18 12:22:07,55.688,55.9699,55.4229,55.461000000000006,45054
2011-11-18 12:45:09,55.43,55.59,55.4048,55.58,42221
2011-11-18 15:54:06,55.5601,55.888000000000005,55.543,55.66,42789
2011-11-21 10:45:30,55.61,55.611,54.372,54.39,57731
2011-11-21 11:55:09,54.352,54.392,54.14,54.26,67685
2011-11-21 14:15:23,54.25,54.4798,54.2003,54.4798,53403
2011-11-21 15:28:33,54.5499,54.7132,54.398,54.7122,49024
2011-11-22 09:57:04,54.7164,54.7836,54.3397,54.5498,49784
2011-11-22 10:49:27,54.5358,54.6098,54.22,54.248000000000005,44256
2011-11-22 11:34:59,54.255,54.2698,53.985,53.985,35250
2011-11-22 12:51:58,54.01,54.53,53.985,54.404,28413
2011-11-22 13:55:18,54.404,54.6398,54.365,54.4598,46880
2011-11-22 15:09:39,54.4,54.44,54.114,54.13,43471
2011-11-22 15:47:55,54.11,54.2874,54.11,54.2,90453
2011-11-23 09:55:16,54.215,54.23,53.4,53.44,49690
2011-11-23 10:38:10,53.447,53.4598,53.1799,53.286,53410
2011-11-23 11:30:18,53.317,53.3698,53.093,53.11,42892
2011-11-23 13:18:16,53.05,53.3598,53.0,53.2864,62925
2011-11-23 14:13:22,53.3098,53.4,53.1,53.13,30965
2011-11-23 14:53:54,53.13,53.19,53.0223,53.14,59546
2011-11-25 09:34:43,53.1598,53.38,52.85,53.05,56923
2011-11-25 10:52:38,53.05,53.5474,53.05,53.5,44711
2011-11-25 12:54:32,53.4298,53.49,52.9485,53.06,43350
2011-11-28 10:25:05,53.0098,54.65,52.89,54.59,54277
2011-11-28 11:37:11,54.5823,54.6367,54.428,54.5597,47988
2011-11-28 14:53:38,54.522,54.5298,54.167,54.167,61117
2011-11-29 09:33:05,54.1872,54.55,53.952,54.36,48869
2011-11-29 11:40:30,54.4039,54.95,54.4039,54.95,39687
2011-11-29 13:59:07,54.9398,54.9398,54.5836,54.61,37831
2011-11-29 15:49:40,54.61,54.8549,54.5236,54.75,52231
2011-11-30 09:43:17,54.6736,56.42,54.6,56.33,43067
2011-11-30 10:59:36,56.33,56.7798,56.33,56.7798,46710
2011-11-30 12:38:26,56.72,56.72,56.5202,56.5865,71264
2011-11-30 14:57:51,56.5817,56.636,56.48,56.602,51044
2011-11-30 15:43:31,56.611999999999995,56.9836,56.611999999999995,56.97,55071
2011-12-01 10:02:05,56.9681,57.246,56.92,57.246,52613
2011-12-01 11:50:22,57.25,57.29,56.73,56.86,43729
2011-12-01 14:26:44,56.85,57.16,56.743,57.052,50018
2011-12-01 15:59:20,56.983999999999995,57.11,56.87,56.9365,39733
2011-12-02 09:59:36,56.9367,57.66,56.9367,57.49,61691
2011-12-02 11:31:55,57.49,57.7732,57.4,57.57,49866
2011-12-02 13:16:31,57.574,57.574,57.2185,57.3298,54176
2011-12-02 14:50:25,57.3,57.41,57.2326,57.31,68275
2011-12-02 15:59:41,57.29,57.32,57.0401,57.1023,47346
2011-12-05 10:13:27,57.1005,58.0877,57.05,58.06,42008
2011-12-05 12:29:41,58.06,58.17,57.9903,58.0897,45662
2011-12-05 14:20:05,58.0679,58.194,57.56,57.72,49980
2011-12-05 15:00:59,57.72,57.7771,57.6029,57.7101,123971
2011-12-05 15:54:54,57.72,57.8,57.3401,57.68,47211
2011-12-06 10:51:01,57.66,57.93,57.5,57.828,50572
2011-12-06 11:10:49,57.827,57.8512,57.727,57.727,37401
2011-12-06 13:40:05,57.7798,57.9365,57.663,57.9213,45691
2011-12-06 15:28:44,57.9235,58.24,57.8,58.09,51214
2011-12-07 10:13:58,58.07,58.1334,57.39,57.56,66639
2011-12-07 12:26:39,57.56,57.7886,57.3303,57.7886,50705
2011-12-07 15:21:06,57.8901,57.952,57.662,57.9126,37707
2011-12-07 15:57:02,57.9431,58.3796,57.9286,58.29,47481
2011-12-08 09:41:27,58.29,58.31,57.61,57.69,49970
2011-12-08 11:01:53,57.68,57.72,57.2877,57.37,47536
2011-12-08 13:08:12,57.361999999999995,57.361999999999995,56.8803,56.92,55080
2011-12-08 14:56:56,56.9198,57.0399,56.7501,56.7664,60756
2011-12-08 15:58:11,56.778,57.25,56.5444,56.58,89449
2011-12-09 10:20:59,56.58,57.488,56.58,57.43600000000001,37663
2011-12-09 11:46:40,57.4103,57.72,57.25,57.672,62137
2011-12-09 14:00:59,57.674,57.718999999999994,57.5484,57.648,53728
2011-12-09 15:59:11,57.68,57.851000000000006,57.611,57.7505,49619
2011-12-12 11:03:04,57.6924,57.6924,56.66,56.7485,38311
2011-12-12 13:20:18,56.739,56.739,56.34,56.35,49049
2011-12-12 15:30:50,56.365,56.5399,56.3381,56.5307,35485
2011-12-13 10:16:01,56.552,57.4179,56.5485,57.354,49096
2011-12-13 12:42:14,57.3162,57.3162,56.8697,57.0,45880
2011-12-13 13:36:05,57.0,57.1597,57.0,57.08,72627
2011-12-13 14:48:20,57.08,57.2398,56.5504,56.6088,61794
2011-12-13 15:47:06,56.56,56.7525,56.0,56.222,84159
2011-12-14 10:27:02,56.203,56.48,55.83,55.931,49129
2011-12-14 11:40:51,55.92,56.0774,55.74,55.773999999999994,54609
2011-12-14 13:12:29,55.788,56.075,55.7702,56.0436,64049
2011-12-14 14:28:50,56.044,56.218,55.8299,55.9698,32003
2011-12-14 15:43:19,55.9503,55.9503,55.728,55.74,48938
2011-12-15 10:11:12,55.75,56.54,55.74,56.23,40596
2011-12-15 11:10:44,56.25,56.3398,56.0,56.0904,42314
2011-12-15 11:49:27,56.143,56.2853,56.1301,56.1801,35260
2011-12-15 13:36:46,56.18,56.34,56.06,56.06,34381
2011-12-15 14:59:15,56.065,56.262,56.018,56.086000000000006,39218
2011-12-16 09:29:49,56.0696,56.53,55.99100000000001,56.53,46999
2011-12-16 11:03:28,56.52,56.72,56.4205,56.5974,41401
2011-12-16 12:11:45,56.5987,56.5998,56.2764,56.3464,72326
2011-12-16 14:23:16,56.339,56.339,56.0598,56.0997,45036
2011-12-16 15:38:29,56.0998,56.298,56.0701,56.2222,82899
2011-12-19 10:34:27,56.2177,56.4804,56.1469,56.25,44795
2011-12-19 12:27:32,56.271,56.2791,55.5201,55.71,51281
2011-12-19 14:40:08,55.715,55.85,55.61,55.662,63330
2011-12-19 15:39:59,55.6998,55.7298,55.2477,55.3429,38309
2011-12-20 09:54:36,55.3428,56.74,55.2019,56.5598,44994
2011-12-20 11:13:41,56.5874,56.9699,56.5874,56.96,47687
2011-12-20 12:31:10,56.967,56.9688,56.781000000000006,56.861999999999995,51834
2011-12-20 14:04:40,56.8545,57.1097,56.853,56.9302,34543
2011-12-20 15:11:01,56.9498,57.2392,56.92,57.18600000000001,38607
2011-12-21 09:30:00,57.188,57.2599,57.082,57.15,49869
2011-12-21 10:52:52,57.18,57.3058,56.87,57.02,41953
2011-12-21 12:27:26,57.05,57.06,56.81,56.83,42279
2011-12-21 13:58:07,56.731,57.1636,56.731,57.1269,54286
2011-12-21 14:43:26,57.12,57.266000000000005,57.1199,57.251999999999995,95203
2011-12-21 15:58:42,57.22,57.52,57.2012,57.46,56224
2011-12-22 10:00:28,57.46,57.65,57.22,57.6499,53931
2011-12-22 10:43:15,57.648,57.67,57.51,57.536,47444
2011-12-22 12:10:33,57.5375,57.6399,57.444,57.6399,47031
2011-12-22 13:53:59,57.63,57.88,57.621,57.88,42137
2011-12-22 15:21:30,57.883,57.883,57.7,57.78,46364
2011-12-23 09:52:12,57.7874,58.08,57.73,57.99,49732
2011-12-23 11:53:56,57.99,58.209,57.97,58.20399999999999,47741
2011-12-23 13:05:55,58.192,58.2685,58.176,58.21,128076
2011-12-23 15:22:58,58.21,58.21,58.1264,58.155,66227
2011-12-27 09:52:16,58.1464,58.38,58.1114,58.35,54456
2011-12-27 11:31:29,58.333,58.48,58.2345,58.33,40042
2011-12-27 13:32:24,58.34,58.3699,58.277,58.3123,51616
2011-12-27 14:57:50,58.3098,58.39,58.28,58.3399,40382
2011-12-28 09:34:10,58.3399,58.3499,58.03,58.09,40085
2011-12-28 11:16:39,58.0899,58.09,57.5812,57.65,51901
2011-12-28 12:32:11,57.65,57.67,57.402,57.5219,43331
2011-12-28 14:45:36,57.5478,57.657,57.446000000000005,57.498000000000005,37241
2011-12-28 15:59:06,57.463,57.552,57.35,57.38,92230
2011-12-29 10:09:20,57.38,57.89,57.3713,57.89,66808
2011-12-29 11:39:42,57.8774,58.001999999999995,57.803999999999995,57.9268,49032
2011-12-29 12:02:59,57.9257,58.02,57.913999999999994,57.985,73474
2011-12-29 13:25:59,57.98,57.9944,57.87,57.87,56925
2011-12-29 15:05:59,57.871,57.9999,57.871,57.94,68861
2011-12-29 15:55:56,57.93,58.13,57.92,58.13,62203
2011-12-30 10:45:26,58.139,58.139,57.9501,58.04,47204
2011-12-30 12:02:23,58.04,58.11,57.98,57.9922,67467
2011-12-30 13:49:46,57.9812,58.05,57.97,58.035,48918
2011-12-30 15:18:20,58.042,58.05,57.86600000000001,57.982,44091
2012-01-03 09:49:41,57.9904,59.08,57.8,59.0181,43309
2012-01-03 10:30:15,59.0009,59.3,58.9956,59.23,37821
2012-01-03 11:59:43,59.2281,59.2946,59.11,59.13,39254
2012-01-03 13:17:38,59.13,59.13,58.88,58.96,53799
2012-01-03 15:04:24,58.965,59.1936,58.8901,59.11,42586
2012-01-04 09:30:36,59.115,59.16,58.65,58.74,51487
2012-01-04 10:19:24,58.74,58.83,58.61,58.61,59432
2012-01-04 11:22:58,58.65,58.71,58.51,58.7,34994
2012-01-04 12:17:01,58.696000000000005,58.96,58.69,58.96,155258
2012-01-04 13:27:22,58.949,58.99,58.86,58.865,47763
2012-01-04 14:17:19,58.919,59.04,58.9,58.9871,52646
2012-01-04 14:47:53,58.99,59.07,58.98,59.032,61195
2012-01-04 15:26:38,59.03,59.09,58.96,58.9843,51809
2012-01-04 15:52:09,58.981,59.1,58.98,59.01,72571
2012-01-05 09:35:20,59.01,59.06,58.54,58.63,107416
2012-01-05 10:35:08,58.62,58.7232,58.34,58.6,92636
2012-01-05 12:10:37,58.61,58.95,58.47,58.89,63700
2012-01-05 14:30:31,58.902,59.3574,58.85,59.1701,56888
2012-01-05 15:53:18,59.1771,59.25,59.1043,59.226000000000006,57800
2012-01-06 09:48:36,59.2301,59.4,58.92,59.0113,73518
2012-01-06 11:42:28,58.92,59.2995,58.833,59.287,67465
2012-01-06 13:16:03,59.29,59.33,59.09,59.13,51091
2012-01-06 15:23:24,59.13,59.25,59.053,59.14,35595
2012-01-09 09:56:06,59.15,59.205,59.03,59.11,52838
2012-01-09 11:13:08,59.11,59.357,59.021,59.08,62114
2012-01-09 12:43:06,59.049,59.251999999999995,59.0336,59.222,87236
2012-01-09 14:33:20,59.24,59.36,59.22,59.3592,191726
2012-01-09 15:37:31,59.3593,59.39,59.27,59.3036,85619
2012-01-09 16:00:00,59.3061,59.3901,59.306,59.32,115761
2012-01-10 10:01:50,59.87,60.1,59.87,60.07,84490
2012-01-10 10:35:59,60.08,60.152,60.07,60.152,102255
2012-01-10 11:25:00,60.14,60.169,59.9905,60.11,94288
2012-01-10 12:10:34,60.11,60.1285,60.04,60.07,82652
2012-01-10 12:50:52,60.06,60.0874,59.89,59.935,50344
2012-01-10 13:44:17,59.943000000000005,60.08,59.89,60.0099,170156
2012-01-10 14:35:44,59.998999999999995,60.04,59.952,60.011,39092
2012-01-10 15:18:13,60.0272,60.08,60.01,60.025,72310
2012-01-10 15:43:26,60.01,60.01,59.89,59.92,95723
2012-01-11 10:08:50,59.92,60.01,59.69,59.7603,59568
2012-01-11 11:49:43,59.802,60.0299,59.7829,59.99,56714
2012-01-11 13:46:49,59.9464,60.1571,59.9103,60.142,46016
2012-01-11 15:50:35,60.1499,60.2385,59.9778,60.2001,52337
2012-01-12 10:46:02,60.2,60.437,59.9,59.9,40257
2012-01-12 12:56:02,59.902,60.18,59.8502,60.1564,54008
2012-01-12 15:06:27,60.208,60.31,60.0945,60.29,77065
2012-01-12 15:54:03,60.2899,60.43,60.2719,60.42,35858
2012-01-13 10:24:30,60.4085,60.4085,59.361999999999995,59.412,46515
2012-01-13 12:04:41,59.417,59.87,59.417,59.748999999999995,45403
2012-01-13 14:36:30,59.7326,59.82,59.52,59.81,50277
2012-01-17 09:30:38,59.81,60.57,59.745,60.3937,56415
2012-01-17 10:25:26,60.3909,60.62,60.305,60.4181,99239
2012-01-17 11:57:15,60.39,60.42,60.248000000000005,60.382,63023
2012-01-17 14:13:27,60.3971,60.448,60.2429,60.3,51220
2012-01-17 15:05:36,60.27,60.3371,60.01,60.045,97850
2012-01-17 15:59:03,60.04,60.062,59.87,60.0,62699
2012-01-18 10:57:28,60.0,60.4399,59.86,60.3999,67832
2012-01-18 12:56:51,60.3999,60.617,60.3099,60.59,50491
2012-01-18 14:07:17,60.59,60.6688,60.5101,60.5995,65530
2012-01-18 15:33:00,60.5998,60.78,60.5964,60.76,36831
2012-01-19 09:36:48,60.76,61.01,60.69,60.88,41595
2012-01-19 10:04:45,60.9,61.025,60.8212,60.85,44606
2012-01-19 11:07:25,60.79,61.08,60.785,60.97,66507
2012-01-19 12:09:29,60.9605,61.148,60.9605,61.1101,74840
2012-01-19 13:31:52,61.111,61.17,60.99,61.159,67671
2012-01-19 14:32:15,61.146,61.1471,61.06,61.091,54191
2012-01-19 15:41:50,61.04,61.1,60.96,61.0881,64669
2012-01-20 10:25:12,61.0801,61.1,60.85,61.0056,43491
2012-01-20 12:49:57,61.008,61.1078,60.8901,61.06,51626
2012-01-20 14:29:39,61.06,61.159,61.0201,61.029,80251
2012-01-20 15:42:31,61.029,61.17,60.979,61.1287,51357
2012-01-23 10:30:46,61.138000000000005,61.675,61.138000000000005,61.5576,43351
2012-01-23 12:34:27,61.56100000000001,61.5899,61.0166,61.1164,64987
2012-01-23 14:39:49,61.1146,61.2535,61.08,61.218,56675
2012-01-23 15:54:17,61.213,61.4,61.123000000000005,61.353,67907
2012-01-24 11:03:31,61.34,61.34,60.6999,60.988,42144
2012-01-24 12:48:47,60.97,61.118,60.9615,61.04,71210
2012-01-24 14:30:15,61.0329,61.148999999999994,61.0,61.142,47601
2012-01-24 15:56:15,61.1364,61.22,61.111999999999995,61.22,68439
2012-01-25 10:48:51,61.22,61.3,60.65,60.87,72163
2012-01-25 11:58:47,60.89,60.996,60.8629,60.912,173953
2012-01-25 12:55:05,60.9235,61.107,60.81,61.042,84114
2012-01-25 13:53:10,61.0071,61.4374,61.003,61.3902,122754
2012-01-25 14:47:18,61.4074,61.49,61.21,61.341,53803
2012-01-25 15:43:35,61.364,61.59,61.3361,61.54,90644
2012-01-25 15:55:15,61.54,61.66,61.52,61.56,148336
2012-01-25 16:00:00,61.5899,61.5899,61.51,61.58,93470
2012-01-26 10:01:24,61.58,61.89,61.47,61.74,115439
2012-01-26 11:21:36,61.74,61.75,61.23,61.358999999999995,72991
2012-01-26 12:14:50,61.3304,61.42,61.28,61.28,46599
2012-01-26 14:09:56,61.27,61.3744,61.073,61.17,67641
2012-01-26 15:43:36,61.1664,61.18,60.8701,60.9971,52076
2012-01-27 10:52:01,60.9964,61.1174,60.67,60.785,71148
2012-01-27 12:21:47,60.808,60.988,60.7099,60.8001,84392
2012-01-27 13:57:59,60.8001,60.9399,60.72,60.9074,60194
2012-01-27 15:38:50,60.9023,61.17,60.8502,61.0978,38349
2012-01-30 09:44:36,61.1071,61.16,60.22,60.3699,58757
2012-01-30 11:08:09,60.34,60.4398,60.1346,60.4199,56454
2012-01-30 13:15:13,60.39,60.49,60.33,60.409,37053
2012-01-30 14:45:11,60.3801,60.79,60.3801,60.79,45757
2012-01-30 15:58:25,60.7844,60.809,60.583,60.6792,56148
2012-01-31 10:34:30,60.67,61.128,60.595,60.73,69350
2012-01-31 11:15:20,60.73,60.7488,60.4,60.413999999999994,45262
2012-01-31 12:12:53,60.4136,60.5281,60.4136,60.51,55915
2012-01-31 14:01:31,60.5199,60.674,60.495,60.5383,48805
2012-01-31 14:56:13,60.51,60.71,60.51,60.66,54737
2012-01-31 15:53:34,60.675,60.75899999999999,60.61,60.6701,65216
2012-02-01 10:05:50,60.6871,61.45,60.64,61.413999999999994,60044
2012-02-01 11:41:43,61.4036,61.57,61.4036,61.51,56635
2012-02-01 13:10:33,61.5385,61.67,61.4626,61.67,95426
2012-02-01 14:17:34,61.68,61.724,61.53,61.58,47652
2012-02-01 15:45:58,61.584,61.66,61.43,61.488,44328
2012-02-02 10:20:27,61.4819,61.5436,61.2612,61.522,36196
2012-02-02 12:27:37,61.5274,61.64,61.326,61.37,46990
2012-02-02 14:29:10,61.373000000000005,61.5071,61.263000000000005,61.46,50310
2012-02-02 15:56:05,61.4619,61.52,61.4002,61.46,91133
2012-02-03 10:06:43,61.4301,62.36,61.4276,62.3,45405
2012-02-03 11:19:24,62.299,62.4232,62.283,62.35,64447
2012-02-03 12:22:17,62.3401,62.44,62.33,62.3729,167701
2012-02-03 13:30:17,62.37,62.5,62.3629,62.416,61440
2012-02-03 14:21:33,62.4142,62.4664,62.38,62.45,110065
2012-02-03 15:17:57,62.45,62.476000000000006,62.39,62.41,160312
2012-02-03 15:52:41,62.4268,62.48,62.36,62.4607,38127
2012-02-06 09:30:11,62.45399999999999,62.53,62.1801,62.1801,128980
2012-02-06 10:47:51,62.18,62.36,62.15,62.1708,93508
2012-02-06 12:35:59,62.1944,62.369,62.1519,62.358999999999995,61394
2012-02-06 14:07:04,62.358999999999995,62.389,62.2801,62.32,52537
2012-02-06 15:27:26,62.319,62.41,62.319,62.41,92594
2012-02-07 10:05:05,62.41,62.47,62.0,62.0,64278
2012-02-07 11:24:20,62.042,62.54,62.042,62.54,39772
2012-02-07 12:55:13,62.54,62.61,62.49,62.531000000000006,40525
2012-02-07 14:17:08,62.55,62.606,62.485,62.55,77180
2012-02-07 15:22:08,62.55,62.61,62.44,62.5671,64584
2012-02-08 09:33:12,62.565,62.681999999999995,62.54600000000001,62.681999999999995,105675
2012-02-08 11:34:18,62.64,62.84,62.43,62.48,62219
2012-02-08 14:35:51,62.4856,62.73,62.4,62.703,45595
2012-02-09 09:30:00,62.722,62.91,62.7126,62.91,49247
2012-02-09 11:07:15,63.0,63.0,62.455,62.6571,111932
2012-02-09 12:49:34,62.63,62.7855,62.5026,62.778,57030
2012-02-09 14:28:05,62.782,62.89,62.7507,62.84,183082
2012-02-09 15:28:13,62.8336,62.86,62.722,62.7901,34197
2012-02-10 09:47:14,62.7871,62.788,61.52,62.196000000000005,70631
2012-02-10 11:13:42,62.1912,62.258,61.99,62.228,46191
2012-02-10 12:57:01,62.2366,62.2601,62.12,62.2601,46191
2012-02-10 14:33:39,62.26,62.278,62.0401,62.102,61343
2012-02-10 15:13:56,62.111,62.1493,61.9635,62.0187,50160
2012-02-13 09:44:39,62.0474,62.769,62.0201,62.63,54219
2012-02-13 11:10:48,62.6,62.6474,62.422,62.57,68288
2012-02-13 14:18:21,62.57,62.71,62.51,62.702,75533
2012-02-13 15:25:00,62.707,62.75,62.66,62.6729,55483
2012-02-14 09:38:49,62.6712,62.72,62.4,62.4101,106316
2012-02-14 11:42:05,62.4101,62.4801,62.1502,62.4064,53693
2012-02-14 13:20:46,62.419,62.43,62.14,62.16,92794
2012-02-14 14:30:17,62.16,62.2584,62.0571,62.0571,56550
2012-02-14 15:16:31,62.0471,62.18899999999999,62.0,62.1,48350
2012-02-14 15:59:45,62.1,62.4299,61.97,62.41,97360
2012-02-15 11:22:10,62.41,62.72,62.41,62.58,61708
2012-02-15 13:32:05,62.58,62.6916,62.27,62.3819,95345
2012-02-15 14:28:21,62.3814,62.4698,62.20399999999999,62.3874,145720
2012-02-15 15:00:40,62.372,62.38,62.1407,62.157,73413
2012-02-16 10:00:52,62.148,62.35,62.092,62.35,47898
2012-02-16 11:53:51,62.3578,62.861999999999995,62.35,62.861999999999995,37561
2012-02-16 14:00:33,62.89,63.062,62.873000000000005,63.018,49655
2012-02-16 15:51:05,63.003,63.11,62.971,63.1032,48900
2012-02-17 11:05:24,63.117,63.39,63.04,63.1693,54928
2012-02-17 12:52:51,63.1698,63.265,63.14,63.24,59569
2012-02-17 14:33:27,63.25,63.337,63.2314,63.337,47312
2012-02-21 09:30:04,63.34,63.5,63.32,63.5,41948
2012-02-21 10:41:31,63.5,63.632,63.3599,63.6029,67124
2012-02-21 12:04:46,63.6199,63.66,63.55,63.6599,45278
2012-02-21 14:20:11,63.66,63.6636,63.42,63.45,43978
2012-02-21 15:42:58,63.4118,63.46,63.1901,63.3285,46462
2012-02-22 10:05:14,63.3484,63.3595,63.05,63.11,34637
2012-02-22 11:46:44,63.0953,63.3,62.9,62.9399,60027
2012-02-22 13:56:15,62.91,63.1,62.8945,63.086000000000006,52364
2012-02-22 15:52:08,63.086000000000006,63.0981,62.943000000000005,62.964,44576
2012-02-23 10:47:20,62.9,62.95,62.6499,62.89,42034
2012-02-23 12:35:08,62.87,63.2199,62.87,63.196000000000005,38310
2012-02-23 14:25:51,63.194,63.194,63.062,63.1501,66356
2012-02-24 08:00:27,63.1419,63.36,63.138000000000005,63.36,47434
2012-02-24 11:28:42,63.32,63.4,63.21,63.3599,72762
2012-02-24 14:17:18,63.368,63.43,63.251000000000005,63.2816,68782
2012-02-24 15:58:09,63.2784,63.2784,63.111,63.163,169635
2012-02-27 11:39:14,63.16,63.3836,62.67100000000001,63.31,58209
2012-02-27 13:38:43,63.31,63.54,63.27,63.41,193558
2012-02-27 15:24:14,63.41,63.5546,63.358999999999995,63.45,40434
2012-02-28 10:00:00,63.4302,63.52,63.2464,63.52,32407
2012-02-28 11:45:58,63.53,63.582,63.308,63.5329,74512
2012-02-28 14:12:09,63.5345,63.59,63.35,63.3899,50139
2012-02-28 15:43:20,63.39,63.53,63.3305,63.5029,31887
2012-02-29 10:33:02,63.51,63.8671,63.51,63.5899,43062
2012-02-29 12:31:48,63.5866,63.6185,63.2054,63.504,87316
2012-02-29 14:35:23,63.493,63.6214,63.4,63.48,61055
2012-02-29 15:58:04,63.488,63.5099,63.15,63.23,45044
2012-03-01 09:33:17,63.23,63.55,63.02,63.53,88333
2012-03-01 10:42:22,63.55,63.71,63.4,63.52,51522
2012-03-01 13:22:39,63.5171,63.77,63.4671,63.77,62295
2012-03-01 15:22:56,63.7899,63.8022,63.5029,63.5029,46078
2012-03-02 09:33:09,63.51,63.7,63.38,63.68,39028
2012-03-02 11:35:16,63.69,63.732,63.53,63.57,51931
2012-03-02 13:34:21,63.57,63.585,63.299,63.3855,37638
2012-03-02 15:32:31,63.3795,63.5371,63.343999999999994,63.522,35554
2012-03-05 10:41:56,63.5164,63.5499,62.91,62.997,40759
2012-03-05 13:13:03,62.9837,63.067,62.9101,62.998000000000005,38733
2012-03-05 15:22:10,63.001999999999995,63.2056,62.99,63.2056,44525
2012-03-06 10:04:34,63.2003,63.213,62.2501,62.2501,46079
2012-03-06 11:48:58,62.25,62.336000000000006,62.11,62.111999999999995,33151
2012-03-06 12:52:30,62.1219,62.16,61.994,62.08,63532
2012-03-06 14:31:15,62.08,62.0899,61.933,61.95,48671
2012-03-06 15:56:44,61.95,62.0671,61.88,62.0671,33719
2012-03-07 11:19:48,62.07,62.5498,62.03,62.5301,38180
2012-03-07 14:05:14,62.5301,62.6214,62.4956,62.6214,74942
2012-03-07 15:40:11,62.63,62.669,62.5456,62.632,43786
2012-03-08 10:42:18,62.63399999999999,63.128,62.5801,62.966,37593
2012-03-08 13:54:40,62.961000000000006,63.2299,62.961000000000006,63.1399,40223
2012-03-08 16:00:00,63.1201,63.349,63.09,63.2,38381
2012-03-09 11:25:31,63.2,63.768,63.2,63.7288,53134
2012-03-09 13:55:17,63.6936,63.7399,63.6485,63.71,70011
2012-03-12 09:30:00,63.715,63.74,63.47,63.51,53227
2012-03-12 12:13:09,63.54,63.5902,63.2801,63.3985,52815
2012-03-12 15:34:35,63.4285,63.556,63.348,63.505,45311
2012-03-13 09:33:22,63.508,63.88,63.445,63.7817,67438
2012-03-13 11:01:47,63.7761,64.033,63.7761,64.033,51985
2012-03-13 12:33:27,64.0171,64.1699,64.008,64.11,43565
2012-03-13 14:03:02,64.1129,64.2099,64.0809,64.115,33737
2012-03-13 14:57:43,64.115,64.2181,64.035,64.071,37910
2012-03-13 15:27:18,64.07300000000001,64.79,64.07300000000001,64.73,38114
2012-03-13 15:58:49,64.73,64.92,64.64,64.9,35744
2012-03-14 10:10:02,64.9,65.0,64.2827,65.0,380716
2012-03-14 11:10:02,65.00399999999999,65.03,64.6952,64.7163,69488
2012-03-14 13:41:51,64.74,64.918,64.6403,64.77,46796
2012-03-14 14:48:22,64.77,64.77,64.5612,64.65,62408
2012-03-14 15:14:37,64.645,64.69,64.575,64.5942,76121
2012-03-15 09:33:11,64.5942,64.8,64.5,64.76,50275
2012-03-15 10:56:13,64.76,64.9979,64.6101,64.99,46124
2012-03-15 12:25:30,64.99,65.1891,64.813,65.18,49883
2012-03-15 13:57:07,65.18,65.24,65.135,65.1579,36384
2012-03-15 15:27:03,65.17,65.26,65.13,65.21,33247
2012-03-16 09:34:36,65.205,65.49,65.18,65.45,35382
2012-03-16 10:54:50,65.449,65.48,65.23,65.35,34269
2012-03-16 12:06:09,65.35,65.4428,65.3,65.38,42590
2012-03-16 13:42:29,65.38,65.45,65.35,65.35,37280
2012-03-16 15:14:52,65.3436,65.4299,65.3,65.3,54754
2012-03-16 16:00:00,65.3,65.4258,65.28,65.35,38987
2012-03-19 10:10:19,65.35,65.62,65.22,65.46,33876
2012-03-19 10:57:58,65.46,65.5721,65.41199999999999,65.54,50002
2012-03-19 11:52:36,65.54,65.66,65.4701,65.6558,55299
2012-03-19 13:07:39,65.6558,65.78,65.6337,65.7471,20985
2012-03-19 14:17:23,65.7464,65.86,65.7201,65.8288,37405
2012-03-19 15:48:59,65.81,65.8317,65.554,65.58,28671
2012-03-20 10:06:49,65.58,65.58,64.96,65.169,38598
2012-03-20 11:30:13,65.21,65.4,65.16,65.362,36164
2012-03-20 13:58:36,65.3687,65.44,65.2263,65.44,39979
2012-03-20 15:38:54,65.4471,65.51,65.368,65.46,28399
2012-03-21 10:02:13,65.45,65.55,65.29,65.29,37197
2012-03-21 11:38:35,65.29899999999999,65.37,65.12,65.3248,41772
2012-03-21 14:01:45,65.318,65.406,65.2502,65.37,47936
2012-03-22 09:30:16,65.37,65.44,64.75,64.8299,37353
2012-03-22 09:42:52,64.83,64.845,64.7,64.78,54946
2012-03-22 10:02:16,64.78,64.85,64.73,64.8299,39688
2012-03-22 11:31:54,64.81,64.8758,64.4646,64.6372,37396
2012-03-22 12:06:06,64.64,64.6942,64.5742,64.6719,41865
2012-03-22 14:39:21,64.663,64.7223,64.59,64.63,52710
2012-03-23 09:41:17,64.63,64.72,64.41199999999999,64.59,37232
2012-03-23 11:55:03,64.596,64.9099,64.368,64.9068,61316
2012-03-23 14:40:04,64.9083,65.03,64.8,64.97800000000001,91457
2012-03-23 15:47:07,64.9715,65.042,64.92,64.97,29710
2012-03-23 15:47:49,64.9679,64.99,64.9664,64.9679,26968
2012-03-26 09:35:35,64.9679,65.21,64.95,65.16,26616
2012-03-26 11:20:23,65.18,65.35600000000001,65.124,65.28,41491
2012-03-26 13:19:30,65.28,65.3194,65.2107,65.2381,46753
2012-03-26 14:17:32,65.23,65.31,65.23,65.308,71650
2012-03-26 15:16:57,65.31,65.47,65.29,65.46,52989
2012-03-26 15:46:47,65.45,65.45,65.372,65.44,61196
2012-03-26 16:00:00,65.44,65.53,65.4254,65.53,55663
2012-03-27 09:46:17,65.53,65.66,65.53,65.655,33944
2012-03-27 10:05:35,65.66,65.69,65.53,65.53,52751
2012-03-27 10:56:31,65.52,65.6266,65.43,65.43,57413
2012-03-27 12:41:42,65.4305,65.5658,65.4301,65.51,31966
2012-03-27 14:31:26,65.4999,65.501,65.3785,65.492,42338
2012-03-27 15:45:35,65.49,65.5,65.31,65.31,32056
2012-03-28 09:51:22,65.31,65.31,65.0,65.0505,54590
2012-03-28 11:12:05,65.04,65.166,64.8682,64.944,42282
2012-03-28 13:31:33,64.96,64.9781,64.5,64.626,40162
2012-03-28 15:04:44,64.61399999999999,64.75399999999999,64.46,64.72,52816
2012-03-29 09:53:16,64.7219,64.8866,64.34,64.3615,46115
2012-03-29 11:51:17,64.26,64.3684,64.0439,64.094,51319
2012-03-29 14:08:00,64.1,64.34,64.06,64.2764,34560
2012-03-29 15:07:05,64.2801,64.428,64.2801,64.4079,36268
2012-03-29 15:13:19,64.4158,64.5958,64.404,64.5958,21401
2012-03-30 09:53:24,64.5979,65.01,64.52,64.9129,32117
2012-03-30 12:25:18,64.8975,64.9481,64.6299,64.8929,28823
2012-03-30 14:42:50,64.90899999999999,65.0172,64.8958,65.01,41987
2012-03-30 15:54:14,65.02,65.0429,64.86,64.96,36714
2012-04-02 10:03:19,64.96,64.98,64.72,64.88,44296
2012-04-02 10:56:15,64.916,65.1297,64.916,65.1115,56066
2012-04-02 11:06:10,65.115,65.16,65.0829,65.12,41177
2012-04-02 11:51:24,65.11,65.4221,65.11,65.4142,54958
2012-04-02 13:08:34,65.4142,65.55,65.4,65.5199,81683
2012-04-02 15:02:51,65.5196,65.5968,65.472,65.5968,56458
2012-04-03 09:30:05,65.5978,65.5979,65.25,65.27,60936
2012-04-03 10:19:10,65.27,65.28,65.02,65.02,59717
2012-04-03 10:54:51,65.02,65.26,65.01,65.26,108882
2012-04-03 11:39:33,65.23,65.24,64.9301,64.97399999999999,95968
2012-04-03 12:33:15,64.96,65.0171,64.83,64.9,68420
2012-04-03 14:14:03,64.8981,64.99,64.6071,64.72,40826
2012-04-03 15:23:24,64.7201,64.8682,64.53,64.782,29597
2012-04-04 09:33:00,64.781,64.98,64.3,64.32,50501
2012-04-04 10:16:31,64.33,64.48,64.2548,64.26,79870
2012-04-04 10:26:33,64.26,64.2799,64.1971,64.2181,25648
2012-04-04 10:53:37,64.2171,64.23,64.055,64.0594,51940
2012-04-04 13:15:34,64.038,64.2683,64.038,64.131,48627
2012-04-04 14:57:16,64.138,64.3688,64.04,64.32,52110
2012-04-04 15:59:36,64.32,64.39,64.26,64.26,47236
2012-04-05 10:41:17,64.26100000000001,64.2619,63.9026,64.2496,79187
2012-04-05 13:06:36,64.2871,64.32,64.01,64.04,59704
2012-04-05 14:28:18,64.06,64.06,63.8523,63.9485,70015
2012-04-05 15:49:09,63.9447,64.05,63.9217,64.018,53476
2012-04-09 09:30:24,64.0274,64.0452,63.02,63.0925,67977
2012-04-09 10:24:23,63.0702,63.2,62.99,63.17,60123
2012-04-09 12:41:34,63.17,63.2471,62.9729,63.2471,411659
2012-04-09 15:14:26,63.2201,63.4085,63.1617,63.35,62540
2012-04-10 09:44:25,63.3515,63.3984,62.96,63.25,52924
2012-04-10 11:33:25,63.25,63.25,62.69,62.7055,48910
2012-04-10 12:39:52,62.69,62.69,62.1029,62.2788,73718
2012-04-10 13:44:36,62.2647,62.3,62.05,62.175,104117
2012-04-10 14:41:08,62.21,62.26,61.96,62.0385,38147
2012-04-10 15:53:28,62.04,62.1586,61.9732,62.067,35920
2012-04-11 10:58:57,62.065,62.8388,61.99,62.723,43279
2012-04-11 12:59:39,62.72,62.78,62.5719,62.78,89970
2012-04-11 14:52:11,62.7588,62.81,62.6353,62.654,60186
2012-04-12 10:14:19,62.6698,63.13,62.51,63.12,45129
2012-04-12 11:55:07,63.1152,63.38,62.9994,63.33,103491
2012-04-12 14:38:51,63.3281,63.55,63.31,63.4847,41050
2012-04-13 09:30:19,63.4804,63.65,63.38,63.38,29442
2012-04-13 11:49:30,63.38,63.38,62.902,63.1174,75467
2012-04-13 13:48:30,63.0829,63.1029,62.9348,63.0847,64516
2012-04-16 09:29:50,63.0636,63.08,62.65,63.05,46469
2012-04-16 10:49:35,63.01,63.23,62.62,62.86600000000001,34465
2012-04-16 11:58:40,62.8799,62.9083,62.70399999999999,62.72,43258
2012-04-16 12:15:58,62.7226,62.8326,62.6926,62.77,61120
2012-04-16 14:30:05,62.76,63.196000000000005,62.692,63.00899999999999,85877
2012-04-17 09:33:05,63.036,63.42,62.88,63.42,32013
2012-04-17 10:44:00,63.424,63.55,63.19,63.54,84438
2012-04-17 12:48:31,63.57,63.8999,63.57,63.8651,35553
2012-04-17 15:36:39,63.8526,63.9081,63.7919,63.8372,34850
2012-04-18 11:17:05,63.831,63.8999,63.41,63.494,51999
2012-04-18 14:20:34,63.5476,63.6274,63.4219,63.51,27950
2012-04-18 15:59:00,63.5145,63.68,63.47,63.5,41189
2012-04-19 10:39:18,63.5,63.67,63.2529,63.615,61329
2012-04-19 13:22:31,63.625,63.7461,63.22,63.25,39203
2012-04-19 15:13:06,63.29600000000001,63.345,62.9012,63.0819,41063
2012-04-20 09:52:13,63.06399999999999,63.58,63.01,63.47,43471
2012-04-20 12:54:19,63.5,63.6752,63.433,63.6481,38732
2012-04-20 14:42:59,63.645,63.645,63.361,63.4571,58202
2012-04-23 09:37:20,63.4571,63.4571,62.426,62.536,42738
2012-04-23 10:36:48,62.5831,62.61,62.3243,62.43,104553
2012-04-23 12:58:18,62.43,62.6975,62.42,62.6,65992
2012-04-23 15:33:35,62.6,62.8199,62.5301,62.756,38131
2012-04-24 11:32:38,62.7039,63.28,62.7039,63.258,49363
2012-04-24 14:37:34,63.2438,63.2699,63.02,63.104,56473
2012-04-25 09:48:46,63.19,63.8007,63.1217,63.77,47197
2012-04-25 13:59:05,63.766000000000005,63.82,63.42,63.6147,45957
2012-04-25 15:10:42,63.56399999999999,63.8,63.486,63.77,50534
2012-04-26 10:26:50,63.77,63.9,63.54,63.7823,70051
2012-04-26 13:18:30,63.782,64.01,63.706,64.01,48181
2012-04-26 15:42:05,64.02,64.3274,64.0186,64.26,43764
2012-04-27 10:10:50,64.2629,64.47,64.0499,64.07,48157
2012-04-27 13:25:08,64.007,64.288,64.007,64.288,36415
2012-04-27 15:31:04,64.292,64.43,64.2847,64.36,46899
2012-04-30 10:11:36,64.32300000000001,64.3767,63.94,64.02,30686
2012-04-30 12:12:09,64.04,64.1444,63.9134,64.029,38252
2012-04-30 14:48:37,64.0399,64.078,63.88,63.9,40525
2012-05-01 09:35:29,63.9159,64.43,63.9159,64.14,99137
2012-05-01 10:18:47,64.14,64.51,64.03,64.5065,89612
2012-05-01 11:48:53,64.51,64.94,64.51,64.93,50843
2012-05-01 13:54:42,64.94,65.0,64.86399999999999,64.9,110527
2012-05-01 14:50:36,64.9253,64.95,64.85,64.884,87234
2012-05-02 09:30:32,64.87,64.874,64.2075,64.2075,47197
2012-05-02 10:39:00,64.22,64.22,63.92,64.06,61876
2012-05-02 12:41:44,64.06,64.2557,64.042,64.2001,63634
2012-05-02 14:48:35,64.222,64.32,64.1401,64.235,41770
2012-05-02 15:50:23,64.2422,64.29,64.128,64.24,55650
2012-05-02 15:55:21,64.24,64.24,64.17,64.18,155648
2012-05-02 15:58:18,64.16,64.2,64.14,64.19,99469
2012-05-03 09:42:18,64.185,64.23,64.09,64.14,107444
2012-05-03 11:34:01,64.14,64.2391,63.848,64.0952,69587
2012-05-03 13:58:55,64.08,64.08,63.5602,63.68,41329
2012-05-03 15:49:46,63.6423,63.77,63.5509,63.678,47652
2012-05-04 09:59:57,63.68,63.78,63.15,63.15,201185
2012-05-04 11:32:43,63.12,63.1399,62.81,62.81,63978
2012-05-04 12:53:24,62.8147,62.8237,62.64,62.7,46135
2012-05-04 15:42:50,62.7129,62.86600000000001,62.6547,62.8219,35944
2012-05-07 11:00:33,62.858,62.873999999999995,62.42,62.6039,49864
2012-05-07 14:24:26,62.6692,62.9776,62.663,62.9398,67142
2012-05-08 10:03:38,62.8947,62.96,62.32,62.391000000000005,64950
2012-05-08 11:54:24,62.35,62.35,61.89,62.16,52180
2012-05-08 13:48:21,62.16,62.16,61.9347,62.14,55449
2012-05-08 15:42:03,62.1444,62.5547,62.01,62.4817,48343
2012-05-09 10:13:46,62.48,62.6088,61.7099,61.77,49015
2012-05-09 11:15:27,61.75,62.12,61.522,62.09,88086
2012-05-09 14:10:25,62.034,62.44,61.95,62.3301,58524
2012-05-10 09:30:00,62.346,62.66,62.12,62.66,41906
2012-05-10 11:40:45,62.62,62.7288,62.2955,62.58,42468
2012-05-10 14:37:49,62.5207,62.6997,62.386,62.5135,48668
2012-05-11 09:39:57,62.52,62.528,61.7264,61.88,36122
2012-05-11 11:20:01,61.8864,62.55,61.8864,62.53,93050
2012-05-11 14:03:33,62.53,62.61,62.2,62.2391,61903
2012-05-11 15:53:28,62.21,62.2576,61.952,61.95399999999999,63802
2012-05-14 10:30:15,61.951,62.0,61.1401,61.1501,56494
2012-05-14 12:07:03,61.15,61.51,61.15,61.44,73154
2012-05-14 15:09:11,61.4426,61.6233,61.2965,61.2965,42564
2012-05-15 09:34:41,61.31,61.36,60.74,61.21,33179
2012-05-15 11:57:06,61.2399,61.38,60.98,61.3091,49797
2012-05-15 14:57:17,61.3191,61.407,60.9854,60.9854,28248
2012-05-15 15:53:21,60.998000000000005,60.998000000000005,60.62,60.662,47629
2012-05-16 10:16:16,60.68,61.3191,60.68,61.24,25362
2012-05-16 10:47:49,61.242,61.347,61.2,61.2785,20939
2012-05-16 12:09:27,61.2695,61.2695,60.8372,60.931999999999995,61315
2012-05-16 13:30:11,60.923,60.96,60.76,60.773,52291
2012-05-16 14:49:14,60.7664,60.9329,60.5599,60.74,83986
2012-05-16 15:59:59,60.74,60.74,60.39,60.41,68135
2012-05-17 10:00:45,60.4108,60.48,59.98,60.0,1897606
2012-05-17 10:59:36,59.98,60.3795,59.91,60.2882,66646
2012-05-17 12:53:54,60.2801,60.4188,59.86,59.9955,59689
2012-05-17 14:21:39,60.0065,60.2299,59.9323,59.98,48622
2012-05-17 15:36:24,59.9868,60.0301,59.782,59.7899,37420
2012-05-18 09:34:19,59.76,59.8149,59.53,59.7649,27683
2012-05-18 10:46:55,59.684,59.78,59.55,59.68600000000001,35420
2012-05-18 12:11:40,59.67,59.84,59.24,59.4798,65223
2012-05-18 13:13:14,59.48,59.6037,59.39,59.55,193526
2012-05-18 14:30:16,59.55,59.5799,59.2091,59.28,31282
2012-05-18 15:20:57,59.2791,59.3298,59.0909,59.224,46462
2012-05-21 09:37:48,59.22,59.3149,58.99,59.1999,52386
2012-05-21 10:48:20,59.1809,59.656000000000006,59.11,59.61,46723
2012-05-21 12:21:42,59.6109,59.7499,59.5209,59.6528,49675
2012-05-21 12:23:36,59.64,59.68,59.64,59.67,24970
2012-05-21 14:56:51,59.6676,59.73,59.5599,59.73,42555
2012-05-22 09:31:54,59.71,60.05,59.71,60.04,57286
2012-05-22 11:12:19,60.01,60.56,59.89,60.4874,49282
2012-05-22 12:50:56,60.4757,60.5099,60.14,60.2801,32911
2012-05-22 14:49:47,60.276,60.3398,60.16,60.278,33123
2012-05-23 09:47:59,60.286,60.33,59.4699,59.4699,45472
2012-05-23 11:12:02,59.44,59.66,59.06,59.1677,45477
2012-05-23 13:36:49,59.19,59.2844,58.91,59.254,43334
2012-05-23 15:06:00,59.257,59.468,59.08,59.4361,35879
2012-05-24 09:30:15,59.43,60.1715,59.42,60.15,53968
2012-05-24 11:02:34,60.12,60.2216,59.88,60.0402,41510
2012-05-24 12:36:38,60.05,60.23,59.7524,59.85,268709
2012-05-24 14:57:37,59.8591,59.9282,59.6199,59.7401,43610
2012-05-25 09:37:03,59.723,60.26,59.7,60.26,38096
2012-05-25 11:21:55,60.2952,60.3645,60.16,60.34,46768
2012-05-25 14:23:32,60.33,60.3943,60.073,60.11,50506
2012-05-29 10:01:04,60.11,60.66,59.91,60.6,48114
2012-05-29 11:21:00,60.59,60.8568,60.5616,60.732,52598
2012-05-29 13:22:28,60.6947,60.7501,60.39,60.461000000000006,38618
2012-05-29 15:51:04,60.4615,60.843999999999994,60.4165,60.8102,34559
2012-05-30 11:04:49,60.8101,60.86,59.9101,59.9667,46652
2012-05-30 13:30:00,59.9667,60.0659,59.77,59.87,36646
2012-05-30 15:45:36,59.876000000000005,60.026,59.71,59.898,32982
2012-05-31 10:10:16,59.8615,59.93,59.31,59.31,36430
2012-05-31 11:20:27,59.31,59.49,59.24,59.24,79594
2012-05-31 12:20:09,59.24,59.65,59.24,59.65,66570
2012-05-31 13:21:21,59.68,59.959,59.68,59.8847,20656
2012-05-31 14:33:58,59.88,59.88,59.65,59.82,35663
2012-06-01 09:30:00,59.8209,60.2599,58.81,58.81,42984
2012-06-01 09:59:48,58.93,58.96,58.7,58.79,54791
2012-06-01 11:25:45,58.8,58.9423,58.52,58.638000000000005,36379
2012-06-01 13:18:37,58.6323,58.766000000000005,58.51,58.6,41879
2012-06-01 14:16:34,58.61,58.625,58.2501,58.2945,50218
2012-06-01 15:33:11,58.2909,58.55,58.23,58.25,36445
2012-06-04 10:09:03,58.2942,58.4295,57.92,57.92,23821
2012-06-04 10:59:38,57.998000000000005,58.18,57.998000000000005,58.14,66098
2012-06-04 12:03:50,58.14,58.16,57.92,57.942,63912
2012-06-04 13:39:54,57.949,57.9591,57.66,57.861,46419
2012-06-04 14:40:05,57.8612,58.2209,57.76,58.17,59204
2012-06-04 15:32:09,58.1709,58.22,57.9,57.9399,92623
2012-06-05 10:14:39,57.9399,58.4653,57.91,58.4203,39571
2012-06-05 12:21:16,58.42,58.51,58.24,58.2809,59974
2012-06-05 14:32:44,58.3691,58.578,58.342,58.544,42100
2012-06-05 16:00:05,58.5461,58.6549,58.48,58.49,32766
2012-06-06 10:59:12,58.49,59.537,58.49,59.51,31229
2012-06-06 12:50:06,59.50899999999999,59.85,59.5045,59.8499,52614
2012-06-06 14:19:21,59.8499,59.85,59.61,59.64,77031
2012-06-06 15:08:16,59.631,59.8,59.631,59.78,38565
2012-06-06 15:58:53,59.79,59.9976,59.72,59.9976,38035
2012-06-07 10:26:11,60.01,60.8347,60.0,60.4382,29203
2012-06-07 11:38:41,60.4382,60.54,60.2226,60.3746,33013
2012-06-07 13:24:36,60.3745,60.549,60.3,60.549,45670
2012-06-07 15:06:19,60.549,60.6,60.4009,60.41,30709
2012-06-08 09:34:31,60.4076,60.47,59.847,59.847,47605
2012-06-08 12:07:16,59.851000000000006,60.2285,59.73,60.2,53843
2012-06-08 15:07:00,60.154,60.5655,60.1217,60.4701,40164
2012-06-11 10:22:07,60.46,61.2,60.46,60.63,51444
2012-06-11 12:54:24,60.556,60.57,60.32,60.46,53252
2012-06-11 15:42:15,60.4599,60.58,60.0015,60.16,88059
2012-06-12 10:13:53,60.17,60.176,59.75,59.876999999999995,33014
2012-06-12 12:01:35,59.83,60.38,59.77,60.23,53641
2012-06-12 14:13:23,60.232,60.338,60.1291,60.2085,56555
2012-06-12 15:59:19,60.2499,60.62,60.21,60.6125,44866
2012-06-13 11:38:23,60.6125,60.7191,60.15,60.62,52467
2012-06-13 14:09:31,60.57,60.7991,60.43,60.551,61614
2012-06-13 15:00:38,60.54,60.542,60.32,60.37,106286
2012-06-13 15:52:23,60.2709,60.3,59.99,60.05,37893
2012-06-14 10:37:57,60.05,60.5998,60.04,60.507,89635
2012-06-14 13:21:30,60.4985,60.82899999999999,60.4985,60.71,64084
2012-06-14 15:09:54,60.729,61.21,60.588,60.95,39615
2012-06-15 09:33:55,60.95,61.32,60.696000000000005,61.26,49329
2012-06-15 12:30:15,61.24,61.347,61.106,61.2494,33817
2012-06-15 15:00:59,61.2423,61.51,61.1716,61.411,52996
2012-06-18 09:39:27,61.4029,61.6301,61.21,61.3782,49093
2012-06-18 09:51:55,61.38,61.46,61.32,61.32,20666
2012-06-18 12:32:52,61.32,61.7,61.3,61.4491,55210
2012-06-18 15:49:04,61.449,61.65,61.41,61.53,33230
2012-06-19 10:13:24,61.53,61.75,61.45,61.75,74635
2012-06-19 11:21:49,61.75,61.87,61.7342,61.7601,52229
2012-06-19 12:52:34,61.7618,61.9382,61.7618,61.9099,32561
2012-06-19 14:38:11,61.9014,62.1199,61.8309,61.88,52708
2012-06-19 15:52:20,61.88,62.03,61.8101,61.84,57339
2012-06-20 11:10:53,61.8364,61.9299,61.74,61.83,41220
2012-06-20 12:32:32,61.83,61.875,61.47,61.47,43987
2012-06-20 12:58:27,61.47,61.82,61.346,61.82,40192
2012-06-20 14:11:48,61.83,62.12,61.79,61.97,65550
2012-06-20 14:55:43,61.97,62.04,61.54,61.6418,64830
2012-06-21 10:33:54,61.6401,62.0209,61.431999999999995,61.6074,42913
2012-06-21 13:22:58,61.63,61.7188,60.956,61.047,42392
2012-06-21 14:42:09,60.9963,60.9963,60.62,60.78,63113
2012-06-22 09:45:05,60.775,60.87,60.43,60.73,57888
2012-06-22 12:20:47,60.7399,60.909,60.57,60.729,54131
2012-06-22 15:58:12,60.729,61.051,60.6255,60.98,60461
2012-06-25 11:06:33,60.99,60.99,59.7799,59.7799,39360
2012-06-25 13:32:46,59.8,59.8499,59.6,59.79600000000001,72946
2012-06-25 16:00:00,59.7935,59.96,59.7011,59.8,34564
2012-06-26 10:57:12,59.8,60.13399999999999,59.7991,59.9199,90531
2012-06-26 12:34:04,59.873000000000005,60.13,59.71,60.122,81381
2012-06-26 14:01:01,60.12,60.21,60.07,60.19,67365
2012-06-26 15:15:02,60.19,60.39,60.18,60.3078,57672
2012-06-27 10:19:23,60.3099,60.7099,60.1775,60.6488,39285
2012-06-27 14:05:40,60.6499,60.83,60.5551,60.71,73190
2012-06-28 09:47:27,60.6801,60.8985,60.27,60.3802,54462
2012-06-28 12:13:57,60.38,60.4555,60.0298,60.236999999999995,61813
2012-06-28 15:02:23,60.2218,60.2218,59.9724,60.16,78733
2012-06-29 09:46:32,60.18,61.99,60.16,61.81,76269
2012-06-29 13:18:13,61.7897,62.0588,61.7669,62.01,56034
2012-06-29 15:09:50,62.043,62.1145,61.972,62.0901,53774
2012-06-29 16:00:00,62.09,62.28,61.98,62.26,38339
2012-07-02 11:35:24,62.4899,62.53,61.933,62.035,284661
2012-07-02 13:14:29,62.035,62.1808,62.0056,62.148999999999994,78294
2012-07-02 15:44:37,62.1499,62.345,62.1006,62.3218,34612
2012-07-03 10:54:10,62.325,62.66,62.13399999999999,62.6354,69563
2012-07-03 12:37:04,62.6428,62.82,62.5805,62.62,52298
2012-07-05 11:02:11,62.608,62.75,62.052,62.2802,37566
2012-07-05 13:15:59,62.3,62.4,62.2394,62.3301,61457
2012-07-05 15:53:21,62.3389,62.4955,62.2452,62.2452,65908
2012-07-06 11:30:43,62.2491,62.2564,61.49,61.49,80084
2012-07-06 14:21:36,61.4875,61.6291,61.388000000000005,61.388000000000005,68293
2012-07-09 09:42:20,61.4,61.89,61.4,61.441,67594
2012-07-09 11:46:54,61.47,61.5,61.2736,61.3105,56178
2012-07-09 13:46:22,61.3185,61.4526,61.2118,61.449,55662
2012-07-10 09:30:18,61.3802,61.77,61.2201,61.75,58941
2012-07-10 11:43:58,61.778,61.88,61.3218,61.3701,55508
2012-07-10 14:42:47,61.3718,61.44,60.87,60.9801,38706
2012-07-11 10:09:26,60.9801,61.2198,60.7101,61.141000000000005,93058
2012-07-11 14:03:04,61.1839,61.25,60.94,61.05,83095
2012-07-11 15:27:37,61.05,61.05,60.803,60.909,48764
2012-07-12 09:54:32,60.918,61.24,60.387,60.45,56473
2012-07-12 13:19:48,60.44,60.7882,60.355,60.763000000000005,60886
2012-07-12 15:37:53,60.758,60.94,60.7199,60.8574,32503
2012-07-13 12:12:14,60.88,61.68,60.56,61.675,90427
2012-07-13 13:21:52,61.6426,61.666,61.62,61.6619,108189
2012-07-13 15:11:58,61.66,61.85,61.6109,61.83,42273
2012-07-16 11:27:45,61.8,61.88,61.4,61.74,41574
2012-07-16 15:30:15,61.7347,61.8009,61.51,61.693000000000005,33743
2012-07-17 11:34:20,61.6766,62.019,61.31,61.514,44619
2012-07-17 14:59:26,61.55,62.248000000000005,61.54,62.2148,44750
2012-07-18 11:15:49,62.2165,62.5274,61.9601,62.4278,37989
2012-07-18 14:43:02,62.4226,62.6999,62.4,62.4,40624
2012-07-19 10:00:00,62.4076,62.72,62.385,62.68,33570
2012-07-19 13:06:37,62.568000000000005,62.67,62.38,62.5105,99346
2012-07-20 09:31:36,62.5045,62.5499,62.02,62.04,43155
2012-07-20 12:25:29,62.1,62.17,61.95,61.96,38141
2012-07-20 15:10:57,61.9531,62.01,61.86,61.9401,54143
2012-07-23 11:55:55,61.945,61.95,60.7697,61.1106,50711
2012-07-23 15:35:43,61.106,61.391000000000005,60.9601,61.3818,36887
2012-07-24 12:21:48,61.3685,61.4299,60.504,60.504,46049
2012-07-24 14:32:12,60.5,60.6295,60.3215,60.3552,92050
2012-07-25 10:26:44,60.418,61.11,60.37,60.8695,45457
2012-07-25 13:43:01,60.82899999999999,61.1552,60.66,61.1102,38241
2012-07-25 15:21:15,61.119,61.1689,60.9251,60.93,114613
2012-07-26 10:59:23,60.905,61.97,60.83,61.72,39326
2012-07-26 14:20:31,61.72,61.8784,61.5901,61.81,45027
2012-07-27 10:24:32,61.82899999999999,62.4901,61.8,62.3888,42849
2012-07-27 13:30:23,62.3888,63.0,62.3526,63.0,57252
2012-07-27 15:18:37,63.0,63.2647,63.0,63.2647,104355
2012-07-30 11:21:53,63.251999999999995,63.3399,62.95,62.9876,43820
2012-07-30 14:12:50,62.9787,63.0774,62.852,62.9079,50375
2012-07-31 09:42:00,62.9326,63.0899,62.9,63.06,38337
2012-07-31 12:21:23,63.06,63.18,62.91,62.9295,50346
2012-07-31 14:13:44,62.916,63.015,62.8301,63.015,61874
2012-07-31 15:48:18,63.0,63.08,62.9035,62.9035,36494
2012-08-01 11:05:58,62.9,63.16,62.75,63.0001,38721
2012-08-01 14:01:44,62.9894,63.1599,62.928,62.959,37162
2012-08-01 14:14:23,62.9591,62.9987,62.62,62.67,38475
2012-08-01 14:50:14,62.65,62.89,62.65,62.738,38388
2012-08-01 15:57:00,62.7384,62.968,62.6526,62.6584,25227
2012-08-02 11:39:21,62.646,62.65,61.891000000000005,61.891000000000005,41090
2012-08-02 13:51:04,61.89,61.96,61.622,61.78,47430
2012-08-02 15:59:27,61.76,62.13,61.6845,62.13,121996
2012-08-03 11:19:17,62.139,63.48,62.139,63.453,29142
2012-08-03 13:48:11,63.437,63.5481,63.4202,63.448,53635
2012-08-06 09:35:17,63.442,63.64,63.323,63.6112,42242
2012-08-06 12:30:33,63.674,63.8645,63.674,63.74,47746
2012-08-06 15:57:04,63.767,63.846,63.6032,63.6032,43213
2012-08-07 11:43:46,63.6,64.2,63.58,64.2,125089
2012-08-07 14:14:39,64.192,64.268,64.1529,64.1687,47657
2012-08-08 10:10:42,64.1615,64.1615,63.7477,63.8799,40261
2012-08-08 12:40:27,63.903,64.15,63.86,64.1001,39925
2012-08-08 15:35:33,64.1001,64.17,63.98,64.1301,46102
2012-08-09 10:14:59,64.135,64.2995,63.98,64.202,35051
2012-08-09 13:08:37,64.2845,64.34,64.0334,64.27,33380
2012-08-09 14:55:03,64.27,64.3101,64.1901,64.3,40692
2012-08-10 11:26:22,64.281,64.281,63.8198,64.07,30676
2012-08-10 14:33:06,64.0501,64.1094,63.9874,64.082,43414
2012-08-13 10:24:31,64.0835,64.331,64.07,64.09,49634
2012-08-13 12:02:13,64.08,64.08,63.9039,63.979,45304
2012-08-13 15:15:07,63.9161,64.22,63.9161,64.16,61244
2012-08-14 10:49:47,64.1599,64.508,64.119,64.311,33988
2012-08-14 12:41:49,64.337,64.43,64.3002,64.301,48560
2012-08-14 15:16:34,64.3099,64.32,64.15,64.1599,34361
2012-08-15 10:34:17,64.16,64.2578,63.98,64.2101,28871
2012-08-15 13:50:24,64.1695,64.2387,64.082,64.19,64815
2012-08-16 09:33:47,64.1931,64.4174,64.16,64.4,38302
2012-08-16 12:58:34,64.35,64.6267,64.1832,64.6115,38165
2012-08-16 15:44:10,64.6113,64.785,64.6113,64.695,41634
2012-08-17 11:24:36,64.6887,64.92,64.63,64.645,209414
2012-08-17 12:10:53,64.65,64.73,64.64,64.685,69466
2012-08-17 14:14:17,64.68,64.695,64.615,64.67,50820
2012-08-17 15:16:42,64.6761,64.74,64.6635,64.6802,38228
2012-08-17 15:48:23,64.69800000000001,64.702,64.6301,64.681,98263
2012-08-20 10:34:18,64.6801,64.7873,64.485,64.51100000000001,52363
2012-08-20 12:59:08,64.5347,64.69,64.525,64.6599,65724
2012-08-20 15:00:28,64.642,64.78,64.6215,64.7,38246
2012-08-21 09:52:09,64.7195,64.998,64.682,64.985,41045
2012-08-21 11:32:23,64.98,65.2512,64.9522,65.1,44259
2012-08-21 12:53:33,65.1,65.1,64.9646,64.985,46990
2012-08-21 13:57:45,64.99,65.0,64.80199999999999,64.83,107648
2012-08-21 14:49:35,64.84,64.8697,64.672,64.7234,38802
2012-08-21 15:35:04,64.735,64.736,64.5499,64.58,71878
2012-08-22 10:22:22,64.61,64.676,64.43,64.602,44194
2012-08-22 13:46:48,64.6423,64.6423,64.25,64.382,47347
2012-08-22 15:37:34,64.37,64.65,64.31,64.535,34964
2012-08-23 10:09:51,64.5455,64.62,64.1701,64.2002,35994
2012-08-23 13:14:00,64.1202,64.2701,64.0,64.0,61465
2012-08-23 15:08:16,63.979,64.067,63.935,64.058,57626
2012-08-24 10:50:52,64.0599,64.0926,63.74,63.978,53366
2012-08-24 14:04:47,63.979,64.44,63.9754,64.3799,35506
2012-08-24 15:59:57,64.3699,64.48,64.2502,64.34,35870
2012-08-27 12:13:43,64.34,64.53,64.223,64.48,51628
2012-08-27 14:21:51,64.48,64.528,64.3839,64.4299,49032
2012-08-28 09:59:57,64.428,64.5044,64.09,64.1309,37581
2012-08-28 11:34:44,64.08,64.4798,64.05,64.2345,53322
2012-08-28 14:04:41,64.2601,64.3865,64.245,64.2685,49413
2012-08-28 15:50:50,64.2701,64.4,64.2401,64.2544,53689
2012-08-29 12:30:01,64.2401,64.333,64.14,64.3288,52572
2012-08-29 15:48:26,64.315,64.5048,64.31,64.3583,37958
2012-08-30 11:32:16,64.3326,64.355,63.702,63.882,41200
2012-08-30 14:18:17,63.87,63.964,63.8132,63.9456,34124
2012-08-31 09:34:10,63.931999999999995,64.3074,63.87,64.28,47999
2012-08-31 11:07:57,64.2899,64.5001,63.91,64.395,33208
2012-08-31 14:16:29,64.4402,64.4799,64.02,64.1701,50721
2012-09-04 10:26:09,64.2517,64.32,63.8201,63.897,35711
2012-09-04 13:58:24,63.86,63.94,63.7943,63.8812,29279
2012-09-04 15:39:59,63.8998,64.2794,63.8776,64.0999,53281
2012-09-05 11:51:33,64.0995,64.3099,64.0088,64.204,44761
2012-09-05 14:27:14,64.2,64.2398,63.98,64.0999,29394
2012-09-06 09:32:00,64.102,64.71,64.06,64.71,42681
2012-09-06 11:34:20,64.719,65.44,64.6727,65.44,159691
2012-09-06 14:46:57,65.449,65.51,65.4101,65.4898,31998
2012-09-06 15:49:56,65.4883,65.54,65.39,65.54,58566
2012-09-06 15:56:36,65.54,65.56,65.51,65.539,52303
2012-09-07 10:08:19,65.5389,65.8774,65.5389,65.77,44106
2012-09-07 11:08:27,65.76,65.88,65.73,65.8017,29138
2012-09-07 12:45:18,65.8,65.85,65.75,65.8225,30513
2012-09-07 14:20:38,65.8101,65.87,65.7801,65.825,40935
2012-09-07 14:57:59,65.84,65.9,65.8215,65.89,48083
2012-09-07 15:38:29,65.8884,65.8884,65.81,65.8324,66927
2012-09-10 09:27:33,65.83,65.94,65.81,65.81,28197
2012-09-10 10:34:11,65.83,66.0,65.8,65.98,114339
2012-09-10 11:21:16,65.9917,65.9917,65.9,65.9609,46815
2012-09-10 14:08:56,65.9813,65.98899999999999,65.8302,65.8517,44554
2012-09-10 15:37:57,65.8501,65.885,65.6756,65.6756,45162
2012-09-11 11:22:38,65.67,65.976,65.55,65.976,41610
2012-09-11 13:49:42,65.9617,66.0137,65.8617,65.971,49481
2012-09-11 15:48:19,65.9702,65.98,65.8355,65.892,39071
2012-09-12 10:32:34,65.8913,66.25,65.87,66.1,29463
2012-09-12 11:51:18,66.11,66.1886,65.9688,66.13,38599
2012-09-12 14:07:05,66.1187,66.2,66.0515,66.1406,38724
2012-09-12 15:39:34,66.1326,66.1499,65.9648,66.0617,32256
2012-09-13 11:22:24,66.0899,66.13,65.9003,66.1094,52680
2012-09-13 12:03:05,66.1076,66.14399999999999,66.04,66.0599,34608
2012-09-13 12:03:18,66.0469,66.06,66.04,66.043,34021
2012-09-13 12:03:34,66.06,66.06,66.04,66.06,29766
2012-09-13 12:15:23,66.06,66.08,66.0,66.01,42730
2012-09-13 12:41:49,65.999,66.52,65.99,66.46,20983
2012-09-13 13:07:23,66.47,66.7,66.42,66.7,29483
2012-09-13 14:04:27,66.69,67.0,66.5717,67.0,21972
2012-09-13 14:51:32,67.0,67.4,67.0,67.21,37454
2012-09-13 15:59:59,67.21,67.3,67.07,67.23,35654
2012-09-14 09:55:18,67.23,67.77,67.23,67.66,41677
2012-09-14 10:22:24,67.66,68.0,67.62,67.99,29996
2012-09-14 11:39:53,67.9813,67.9813,67.57,67.57,38257
2012-09-14 12:50:55,67.57,67.7,67.4453,67.6678,42789
2012-09-14 13:55:09,67.6601,67.69,67.37,67.488,22815
2012-09-14 15:13:50,67.52,67.58,67.4399,67.456,46848
2012-09-14 15:50:41,67.458,67.485,67.294,67.37,27298
2012-09-17 10:19:12,67.38,67.51,67.124,67.17,63194
2012-09-17 12:01:04,67.16,67.2502,67.14,67.1808,74882
2012-09-17 14:05:37,67.2073,67.2112,67.06,67.07,31500
2012-09-17 15:15:37,67.072,67.0798,66.9302,66.96,35926
2012-09-18 09:29:52,66.9717,67.05,66.88,66.92,27147
2012-09-18 10:14:25,66.84,66.91,66.74,66.767,23605
2012-09-18 11:20:31,66.74,66.97,66.7199,66.959,33938
2012-09-18 13:19:03,66.94,66.942,66.72800000000001,66.82600000000001,36570
2012-09-18 15:08:28,66.7979,66.83,66.72,66.83,39439
2012-09-19 09:44:57,66.8101,67.01,66.77,66.8502,34038
2012-09-19 10:53:12,66.8501,67.1299,66.8498,67.0399,29965
2012-09-19 11:25:07,67.04,67.188,67.0017,67.1798,67551
2012-09-19 12:36:22,67.1795,67.21,67.1,67.1935,58133
2012-09-19 14:05:03,67.1896,67.2042,67.03,67.075,110232
2012-09-19 14:31:58,67.08,67.146,67.056,67.11,25845
2012-09-19 15:33:33,67.11,67.188,67.096,67.105,47260
2012-09-20 09:38:10,67.085,67.14,66.57,66.6,42063
2012-09-20 10:59:45,66.61,66.83,66.431,66.81,45528
2012-09-20 12:46:04,66.8277,66.893,66.7201,66.8224,65185
2012-09-20 14:02:22,66.82,66.89,66.765,66.86,59265
2012-09-20 15:20:22,66.855,67.0,66.8515,67.0,62139
2012-09-21 10:10:57,67.0,67.37,66.914,67.27,47948
2012-09-21 13:28:59,67.27,67.31,67.11,67.1683,48553
2012-09-21 15:11:47,67.1517,67.2,67.051,67.08,37055
2012-09-24 09:41:41,67.0885,67.125,66.69,66.771,103817
2012-09-24 11:32:40,66.7782,67.0485,66.72,66.961,35991
2012-09-24 14:20:59,66.9701,66.9785,66.8002,66.9118,35603
2012-09-25 09:38:21,66.926,67.1252,66.66,66.6901,50582
2012-09-25 11:36:31,66.7026,66.85,66.6598,66.76,39553
2012-09-25 13:23:41,66.7774,66.7774,66.39,66.3907,21296
2012-09-25 14:51:28,66.42,66.51,66.19,66.2575,28027
2012-09-25 15:59:41,66.2128,66.25,65.82,65.8214,30952
2012-09-26 10:59:46,65.82,65.87,65.271,65.339,53176
2012-09-26 12:26:23,65.33,65.626,65.3214,65.58,36412
2012-09-26 14:32:30,65.5401,65.7,65.5,65.5425,48719
2012-09-27 09:54:22,65.586,65.79,65.4077,65.692,33224
2012-09-27 11:23:34,65.7,65.748,65.6,65.71,59103
2012-09-27 13:14:00,65.71,66.07,65.605,65.9946,55117
2012-09-27 15:46:10,66.0069,66.19,66.0069,66.058,39840
2012-09-28 09:55:48,66.0116,66.05,65.577,65.62,61832
2012-09-28 12:13:13,65.6002,65.859,65.5808,65.859,43105
2012-09-28 14:43:33,65.868,66.036,65.7885,65.8448,32608
2012-10-01 09:36:45,65.8484,66.2006,65.66199999999999,66.2006,28962
2012-10-01 11:01:05,66.2,66.5599,66.1095,66.46,50215
2012-10-01 11:57:13,66.45,66.5316,66.38,66.38,65646
2012-10-01 13:26:47,66.34,66.439,66.0483,66.13,32878
2012-10-01 15:14:03,66.17,66.2699,66.02,66.02,39317
2012-10-02 09:49:33,66.03,66.34,65.8415,66.244,48563
2012-10-02 11:11:39,66.2374,66.26,65.968,66.029,53638
2012-10-02 13:06:52,66.029,66.13,65.84,65.99,34996
2012-10-02 14:31:17,65.985,66.08,65.82,65.85,39859
2012-10-02 15:54:06,65.83,66.05,65.804,66.04,108210
2012-10-03 10:47:37,66.0204,66.27,65.96,66.1946,43626
2012-10-03 12:04:02,66.1987,66.48,66.116,66.428,43061
2012-10-03 14:36:09,66.436,66.518,66.2246,66.32,37912
2012-10-03 15:17:04,66.3128,66.332,66.16,66.25,46270
2012-10-03 15:42:50,66.25,66.36,66.2,66.3597,35425
2012-10-04 09:44:26,66.36,66.65,66.286,66.645,55825
2012-10-04 10:00:48,66.6526,66.72,66.634,66.67,70256
2012-10-04 11:08:16,66.67,66.9597,66.66,66.83,57625
2012-10-04 13:37:45,66.84,66.96,66.719,66.96,70494
2012-10-04 15:32:33,66.96,66.98,66.82600000000001,66.92,55465
2012-10-05 10:09:26,66.92,67.46,66.88,67.37,50604
2012-10-05 11:26:30,67.367,67.48,67.31,67.31,213668
2012-10-05 12:43:41,67.31,67.39,67.27,67.3812,199114
2012-10-05 14:25:48,67.3702,67.3702,67.094,67.14,34842
2012-10-05 15:24:47,67.1402,67.16,66.8799,67.0,35779
2012-10-08 10:05:07,67.01,67.03,66.71,66.839,58287
2012-10-08 13:28:36,66.836,66.9249,66.7532,66.8745,57166
2012-10-08 14:53:58,66.9,66.9,66.832,66.84,46453
2012-10-08 15:56:56,66.8417,66.97,66.8301,66.9001,51758
2012-10-09 11:20:52,66.89,66.98,66.44,66.44,40524
2012-10-09 12:42:51,66.4513,66.54,66.38,66.42,48959
2012-10-09 14:21:34,66.42,66.56,66.3813,66.56,541915
2012-10-09 15:41:06,66.5401,66.58,66.3099,66.4,34166
2012-10-10 11:18:52,66.4,66.4252,66.11399999999999,66.19,39899
2012-10-10 13:34:00,66.19,66.2001,65.77,65.91,50439
2012-10-10 14:47:40,65.91,65.99,65.8168,65.8601,174363
2012-10-10 15:34:49,65.87899999999999,65.97,65.8101,65.8783,40906
2012-10-11 10:51:07,65.8785,66.4683,65.8037,66.4528,48566
2012-10-11 12:53:09,66.47,66.4855,66.18,66.309,44049
2012-10-11 14:03:53,66.3088,66.314,66.03,66.0999,35655
2012-10-11 15:42:54,66.08,66.156,66.0101,66.066,38947
2012-10-12 10:26:50,66.0695,66.0797,65.78,65.95,40629
2012-10-12 12:12:11,65.94,65.947,65.45,65.5885,56059
2012-10-12 15:41:13,65.5701,65.7135,65.4699,65.5778,79967
2012-10-15 12:41:35,65.586,66.1004,65.58,66.1004,39659
2012-10-15 15:26:18,66.0613,66.098,65.92,66.05,38537
2012-10-16 10:24:46,66.0486,66.768,66.0228,66.74,42742
2012-10-16 13:25:46,66.72,66.84,66.6117,66.8124,37884
2012-10-16 15:58:04,66.8165,66.839,66.61,66.7899,26864
2012-10-17 11:24:24,66.8,67.2995,66.76,67.2299,39036
2012-10-17 14:03:12,67.21,67.3799,67.1414,67.1799,30215
2012-10-17 15:33:25,67.1799,67.41,67.1699,67.351,31068
2012-10-18 10:29:37,67.37,67.53,67.25,67.33,63412
2012-10-18 12:36:17,67.34,67.7174,67.34,67.63,35841
2012-10-18 15:00:59,67.63,67.65,67.283,67.3799,37974
2012-10-19 09:43:22,67.37899999999999,67.52,67.03,67.03,52953
2012-10-19 11:52:14,67.02,67.0774,66.73,66.74,46057
2012-10-19 13:07:56,66.7317,66.73899999999999,66.52,66.5924,38450
2012-10-19 14:28:30,66.6087,66.66,66.22,66.22,39578
2012-10-19 15:50:24,66.1987,66.51,66.1987,66.51,28973
2012-10-22 11:51:25,66.5087,66.5262,66.0914,66.242,33465
2012-10-22 14:45:21,66.222,66.247,65.7899,65.8949,48128
2012-10-23 09:58:10,65.885,66.33,65.27,65.40899999999999,41349
2012-10-23 10:49:31,65.417,65.417,65.0,65.14,38595
2012-10-23 11:53:08,65.18,65.2574,65.0715,65.172,48633
2012-10-23 13:15:19,65.1599,65.38,65.131,65.35,298344
2012-10-23 14:21:29,65.3599,65.44,65.22,65.288,32814
2012-10-23 15:12:53,65.3062,65.57,65.3062,65.51,50744
2012-10-23 15:59:51,65.48,65.514,65.28,65.3599,34274
2012-10-24 10:39:30,65.34,65.62,65.2926,65.4496,27205
2012-10-24 12:59:04,65.4693,65.5545,65.35,65.5085,37089
2012-10-24 14:49:10,65.52,65.52,65.27,65.3338,37057
2012-10-24 15:43:43,65.35,65.35,65.1008,65.1283,43111
2012-10-25 10:47:10,65.1199,65.78,65.09,65.324,55259
2012-10-25 12:17:36,65.3201,65.39,64.9782,65.044,43222
2012-10-25 13:46:41,65.07,65.37,65.02,65.34,78260
2012-10-25 15:28:25,65.35,65.3867,65.21600000000001,65.2583,77572
2012-10-25 16:00:00,65.232,65.41,65.232,65.41,67662
2012-10-26 10:14:50,65.41,65.555,65.1709,65.2915,77495
2012-10-26 11:00:54,65.317,65.3299,64.98,65.04,37189
2012-10-26 11:48:34,65.0395,65.21,65.02,65.07,58038
2012-10-26 13:19:46,65.07,65.118,64.89,65.07,35108
2012-10-26 15:22:48,65.03,65.41,65.03,65.3832,52853
2012-10-31 09:34:00,65.4032,65.7,65.19,65.64,132891
2012-10-31 10:12:43,65.6224,65.6488,65.4486,65.51,40512
2012-10-31 11:23:07,65.51,65.5499,65.15,65.2701,48208
2012-10-31 13:02:13,65.28,65.3198,65.06,65.1645,240303
2012-10-31 14:20:42,65.1501,65.2998,65.1245,65.2907,540639
2012-10-31 14:50:26,65.31,65.31,65.27199999999999,65.27600000000001,98916
2012-10-31 14:53:16,65.27600000000001,65.3,65.2638,65.2638,48423
2012-10-31 15:25:52,65.2698,65.455,65.16,65.43,73539
2012-11-01 09:36:15,65.43,65.64,65.32,65.64,63632
2012-11-01 10:44:32,65.6298,66.0383,65.52,66.01,50430
2012-11-01 13:28:25,66.038,66.0528,65.86,65.915,58941
2012-11-01 14:44:12,65.926,66.0098,65.87,65.982,48207
2012-11-02 10:03:20,65.991,66.48,65.9432,66.186,64482
2012-11-02 11:46:12,66.17,66.19,65.84,65.995,51550
2012-11-02 13:13:40,66.009,66.07,65.914,66.0104,51736
2012-11-02 14:21:16,66.01,66.013,65.74,65.81,45878
2012-11-02 15:32:54,65.81,65.8351,65.5617,65.5617,38340
2012-11-05 10:10:57,65.569,65.62,65.14,65.2,54295
2012-11-05 12:10:09,65.2199,65.5299,65.1701,65.4,44471
2012-11-05 13:35:06,65.4,65.4399,65.2724,65.4354,39071
2012-11-05 15:16:59,65.45,65.5715,65.4,65.53,74202
2012-11-05 15:40:56,65.53,65.6502,65.53,65.6502,37458
2012-11-05 16:00:00,65.6402,65.74,65.59,65.6,72406
2012-11-06 11:20:41,65.6,66.036,65.54,65.994,62487
2012-11-06 13:27:01,65.9999,66.4494,65.986,66.34,36300
2012-11-06 15:09:52,66.3545,66.4099,66.24,66.24,48031
2012-11-07 09:33:36,66.2238,66.2899,65.37,65.38,53910
2012-11-07 11:14:01,65.37,65.37,64.58,64.719,56494
2012-11-07 11:43:53,64.67,64.67,64.256,64.5095,31641
2012-11-07 13:05:21,64.4252,64.86,64.4252,64.86,41110
2012-11-07 14:09:53,64.84,64.959,64.812,64.95,34449
2012-11-07 14:36:07,64.95,64.95,64.75,64.75,39381
2012-11-07 15:33:38,64.735,64.9455,64.6702,64.8511,30855
2012-11-08 10:08:17,64.9,64.9582,64.53,64.729,35900
2012-11-08 12:03:02,64.7278,64.7899,64.3903,64.49,49871
2012-11-08 13:18:16,64.45,64.508,64.25,64.27,34826
2012-11-08 14:36:41,64.28,64.3698,64.07,64.19,35650
2012-11-08 15:49:32,64.1943,64.295,64.04,64.04,39731
2012-11-09 10:20:07,64.0802,64.108,63.54,63.9902,45062
2012-11-09 12:24:26,63.9901,64.4,63.951,64.4,44140
2012-11-09 13:44:26,64.398,64.44800000000001,63.85,63.92,40705
2012-11-09 14:49:27,63.95,64.282,63.9499,64.0626,30123
2012-11-09 15:53:32,64.1099,64.1399,63.83,63.9501,118415
2012-11-12 09:35:59,63.9501,64.0001,63.82,63.89,25800
2012-11-12 11:57:07,63.906000000000006,64.066,63.7252,63.756,40688
2012-11-12 14:09:41,63.7442,64.048,63.701,63.97,30686
2012-11-12 15:52:31,63.965,64.04899999999999,63.82899999999999,63.89,40201
2012-11-13 11:43:28,63.904,64.257,63.3677,64.1,75879
2012-11-13 14:07:24,64.1102,64.1597,63.9201,64.05,46502
2012-11-13 15:23:14,64.056,64.1,63.66,63.66,32512
2012-11-14 09:54:46,63.67,63.81,63.55,63.7201,46185
2012-11-14 11:51:49,63.7328,63.7328,63.15,63.3601,55924
2012-11-14 14:13:43,63.361999999999995,63.41,63.1202,63.1202,49334
2012-11-14 15:28:51,63.15,63.24,62.7473,62.8374,47248
2012-11-15 09:44:57,62.8488,62.8869,62.5,62.8332,128218
2012-11-15 10:55:40,62.8599,62.927,62.54,62.642,52057
2012-11-15 12:17:52,62.65,62.6726,62.345,62.38,39286
2012-11-15 13:40:36,62.422,62.736999999999995,62.3415,62.736999999999995,38551
2012-11-15 15:08:27,62.7248,62.8446,62.38,62.38,32516
2012-11-16 10:07:09,62.361,62.67,62.178999999999995,62.1902,41308
2012-11-16 11:54:07,62.2599,62.7401,62.111,62.66,50590
2012-11-16 13:49:40,62.66,62.9069,62.586000000000006,62.65,39953
2012-11-16 15:24:04,62.65,62.7699,62.42,62.7699,34739
2012-11-19 10:19:34,62.751000000000005,63.8883,62.7185,63.8883,31483
2012-11-19 12:17:33,63.9033,63.93600000000001,63.773999999999994,63.902,42834
2012-11-19 14:16:36,63.89,63.908,63.7484,63.79,43866
2012-11-19 15:45:32,63.7899,63.9399,63.771,63.8695,50289
2012-11-20 11:10:30,63.8629,64.1251,63.7,63.962,51285
2012-11-20 13:00:03,63.978,64.2424,63.9694,64.1001,33262
2012-11-20 14:15:44,64.092,64.092,63.61,63.92,100592
2012-11-20 15:12:36,63.93,64.04,63.8501,64.0399,53224
2012-11-20 15:39:09,64.0399,64.0501,63.96,64.018,31719
2012-11-20 15:52:53,64.0098,64.06,63.98,64.0401,66618
2012-11-21 09:47:10,64.0447,64.22399999999999,64.0447,64.1542,66371
2012-11-21 11:36:45,64.1299,64.23,64.053,64.1377,56821
2012-11-21 13:49:52,64.1152,64.2799,64.0701,64.2599,37211
2012-11-21 15:18:22,64.2583,64.27,64.1402,64.26899999999999,38030
2012-11-23 10:12:26,64.265,64.7637,64.17,64.76,43142
2012-11-23 12:19:03,64.7699,64.89,64.7401,64.759,37213
2012-11-26 10:18:44,64.7699,65.1,64.6432,64.7627,65588
2012-11-26 12:04:17,64.76,64.8,64.57,64.7,75890
2012-11-26 13:42:41,64.6899,64.82,64.62,64.78,54186
2012-11-26 14:54:53,64.73,64.86,64.718,64.85,50893
2012-11-26 15:58:48,64.84,64.91,64.77,64.9001,55891
2012-11-27 11:05:10,64.92,65.09,64.6899,64.848,48170
2012-11-27 13:09:27,64.84,65.1,64.8201,64.94,41029
2012-11-27 14:44:26,64.947,64.9876,64.6347,64.6562,38560
2012-11-27 16:00:00,64.65,64.8068,64.51,64.59,41937
2012-11-28 11:25:04,64.59,64.62,63.9,64.57,46039
2012-11-28 13:04:57,64.58,64.87,64.43,64.75,37604
2012-11-28 15:07:57,64.737,64.89,64.707,64.86,42828
2012-11-29 09:46:09,64.8768,65.52,64.86,65.52,60374
2012-11-29 10:19:04,65.52,65.59,65.22,65.3863,74668
2012-11-29 11:04:48,65.38,65.48,65.31,65.48,114211
2012-11-29 11:41:14,65.49,65.52,65.08,65.08,123811
2012-11-29 12:35:52,65.08,65.3899,65.04,65.36399999999999,41083
2012-11-29 14:28:55,65.337,65.4661,65.29,65.4101,83822
2012-11-30 09:37:49,65.41,65.4699,65.1,65.4099,59117
2012-11-30 11:41:31,65.46,65.539,65.24,65.2899,37779
2012-11-30 13:57:47,65.282,65.3701,65.2199,65.33,45194
2012-11-30 15:31:52,65.32,65.4,65.19,65.3036,51019
2012-12-03 09:55:16,65.3101,65.76,65.3,65.625,50340
2012-12-03 10:40:58,65.6291,65.6291,65.41,65.4784,49798
2012-12-03 11:45:51,65.4748,65.4889,65.301,65.405,45364
2012-12-03 13:14:26,65.3962,65.5284,65.325,65.36,56174
2012-12-03 14:03:56,65.3499,65.36,65.18,65.2185,42180
2012-12-03 14:41:00,65.22,65.3284,65.191,65.2291,27259
2012-12-03 15:15:02,65.2286,65.3499,65.17,65.19,69628
2012-12-03 15:51:17,65.18,65.286,65.08,65.2682,23632
2012-12-04 10:29:49,65.2568,65.3445,65.095,65.095,78701
2012-12-04 11:27:31,65.105,65.14,64.96,65.0199,77985
2012-12-04 11:54:31,65.0299,65.115,64.97,65.07,52748
2012-12-04 12:33:49,65.07,65.094,64.91,65.06,42410
2012-12-04 13:34:23,65.045,65.055,64.865,64.96,28998
2012-12-04 14:14:17,64.97800000000001,65.1489,64.9602,65.0448,58815
2012-12-04 15:07:33,65.0437,65.11,64.9999,65.11,36250
2012-12-05 10:00:00,65.11,65.325,65.02,65.24,43145
2012-12-05 11:13:52,65.25,65.3101,64.92,65.1212,50573
2012-12-05 12:27:47,65.12100000000001,65.69,65.0745,65.581,109321
2012-12-05 12:39:03,65.582,65.7405,65.56,65.69,40061
2012-12-05 13:55:42,65.69,65.788,65.61,65.6299,43411
2012-12-05 14:37:51,65.62,65.7315,65.595,65.67,54105
2012-12-05 15:26:13,65.69,65.79,65.65,65.725,48960
2012-12-05 15:59:31,65.7199,65.74,65.41,65.4412,53524
2012-12-06 09:30:00,65.46,65.54,65.02,65.54,64467
2012-12-06 10:57:32,65.61,65.65100000000001,65.38,65.59,43584
2012-12-06 13:57:13,65.565,65.6277,65.42399999999999,65.6072,48482
2012-12-06 15:37:33,65.6199,65.668,65.5401,65.6524,37855
2012-12-07 10:00:03,65.6515,66.001,65.64,65.87,50600
2012-12-07 11:54:24,65.84,65.9399,65.67,65.74,54419
2012-12-07 14:11:45,65.74,65.908,65.74,65.8799,57544
2012-12-07 15:39:35,65.8601,65.9699,65.8601,65.9401,53150
2012-12-10 10:48:51,65.9799,66.09,65.95,66.028,54866
2012-12-10 12:24:22,66.0258,66.2,66.02,66.145,129530
2012-12-10 12:52:03,66.15899999999999,66.199,66.148,66.1516,116787
2012-12-10 14:26:11,66.168,66.1799,66.0801,66.0899,37346
2012-12-10 15:39:51,66.1001,66.168,66.0072,66.165,46376
2012-12-11 10:12:02,66.169,66.6,66.0701,66.6,40509
2012-12-11 11:22:45,66.5901,66.66,66.5,66.66,42534
2012-12-11 12:13:43,66.66,66.71,66.4601,66.5732,50584
2012-12-11 13:12:42,66.58,66.66,66.55,66.5701,46005
2012-12-11 14:48:16,66.5713,66.59,66.3899,66.3899,51841
2012-12-11 15:26:58,66.3776,66.42,66.24,66.3,59518
2012-12-12 09:41:50,66.2982,66.7,66.297,66.665,38049
2012-12-12 10:42:57,66.69,66.75,66.6278,66.65,45905
2012-12-12 12:28:41,66.6452,66.766,66.64,66.72,44262
2012-12-12 13:03:27,66.73,67.07,66.63,67.07,40199
2012-12-12 14:14:04,67.05,67.0856,66.9699,67.0,95102
2012-12-12 15:10:07,67.0066,67.01,66.73,66.76,38147
2012-12-12 15:50:57,66.76,66.7645,66.53,66.5735,44707
2012-12-13 10:15:02,66.5607,66.7499,66.5301,66.7499,51386
2012-12-13 11:30:29,66.74,66.7599,66.3801,66.47,29175
2012-12-13 12:46:27,66.4569,66.508,66.22,66.23,39743
2012-12-13 14:26:38,66.23,66.3094,66.08,66.138,36550
2012-12-13 15:40:34,66.168,66.36,66.1001,66.36,45126
2012-12-14 10:44:12,66.36,66.3795,66.1199,66.2,49348
2012-12-14 12:07:29,66.1974,66.28,66.07,66.21,38545
2012-12-14 13:48:00,66.205,66.2799,66.16,66.26100000000001,57006
2012-12-14 15:14:03,66.262,66.2837,66.032,66.082,36919
2012-12-17 09:50:36,66.085,66.5537,66.061,66.55199999999999,59608
2012-12-17 11:06:01,66.5585,66.72,66.54,66.63,56141
2012-12-17 11:37:00,66.63,66.77,66.6201,66.77,49396
2012-12-17 12:54:46,66.77,66.8899,66.74,66.8381,47651
2012-12-17 14:20:02,66.8282,66.8429,66.6623,66.685,39514
2012-12-17 15:24:36,66.65,66.8065,66.6345,66.77,45157
2012-12-18 09:43:38,66.78,67.18,66.7777,67.06,39990
2012-12-18 10:43:55,67.079,67.4,67.06,67.3973,41279
2012-12-18 11:27:38,67.4,67.63,67.39,67.54,35096
2012-12-18 12:38:38,67.54,67.6,67.43,67.6,46446
2012-12-18 13:17:42,67.6,67.7693,67.582,67.582,86470
2012-12-18 14:18:07,67.5855,67.7053,67.58,67.6501,36096
2012-12-18 15:14:05,67.652,67.67,67.50399999999999,67.63,53127
2012-12-18 15:47:22,67.6281,67.6776,67.59,67.6518,50028
2012-12-19 09:31:30,67.6599,67.86,67.33,67.33,41137
2012-12-19 10:34:15,67.33,67.35600000000001,67.05,67.0998,39615
2012-12-19 11:53:57,67.13,67.25,67.104,67.1899,40752
2012-12-19 12:57:38,67.2023,67.31,67.128,67.2499,50621
2012-12-19 14:03:29,67.255,67.2575,67.08,67.085,37212
2012-12-19 14:48:44,67.08,67.13,66.9499,66.9499,42433
2012-12-19 15:22:01,66.93,66.9997,66.89,66.9401,165884
2012-12-19 15:59:06,66.97,67.08,66.8,66.8,51183
2012-12-20 10:08:14,66.8,67.2489,66.76,67.01,59417
2012-12-20 11:40:09,67.007,67.1,66.9001,66.9616,50558
2012-12-20 13:02:24,66.956,67.008,66.941,66.98,67477
2012-12-20 14:12:48,66.98,67.2259,66.9401,67.1499,36635
2012-12-20 14:58:36,67.15,67.26,67.15,67.2599,121826
2012-12-20 15:27:47,67.2505,67.2599,67.12,67.14,88988
2012-12-20 15:34:14,67.14,67.1899,67.13,67.18,39872
2012-12-20 16:00:00,67.17,67.36,67.16,67.36,58978
2012-12-21 09:42:16,67.36,67.36,66.32,66.57,57200
2012-12-21 10:38:49,66.57,66.788,66.4945,66.65,49970
2012-12-21 11:49:59,66.66,66.6999,66.2201,66.262,42318
2012-12-21 13:17:38,66.2701,66.454,66.2497,66.33,58161
2012-12-21 14:15:46,66.3399,66.61,66.3299,66.5501,48773
2012-12-21 14:28:17,66.55,66.57,66.49,66.52,32356
2012-12-21 15:09:25,66.52,66.58,66.4801,66.5299,48802
2012-12-21 15:59:03,66.482,66.73,66.4801,66.5705,48765
2012-12-24 09:59:32,66.5705,66.62,66.3,66.34,101743
2012-12-24 11:03:53,66.34,66.43,66.301,66.368,37915
2012-12-24 12:14:25,66.36,66.38,66.3019,66.332,34367
2012-12-24 13:00:00,66.3301,66.4307,66.2901,66.43,37850
2012-12-26 11:02:59,66.43,66.64,66.2,66.23,33596
2012-12-26 12:37:10,66.26,66.2724,66.0695,66.11,43186
2012-12-26 14:38:57,66.1,66.24,66.0801,66.22,48184
2012-12-26 15:45:46,66.22800000000001,66.3299,66.1601,66.2001,53047
2012-12-27 10:12:21,66.2001,66.27,66.0399,66.0745,53331
2012-12-27 11:10:46,66.0501,66.0501,65.55,65.55,27957
2012-12-27 12:11:22,65.55,65.72,65.4749,65.52,61727
2012-12-27 12:58:55,65.52,65.5499,65.331,65.45,104387
2012-12-27 14:00:09,65.45,65.59,65.4137,65.4473,80185
2012-12-27 14:46:26,65.4401,65.69,65.38,65.65,53712
2012-12-27 15:40:53,65.77,66.1059,65.67,66.0902,46311
2012-12-28 09:32:55,66.1,66.1999,65.6101,65.7,37756
2012-12-28 10:33:39,65.71,65.71,65.52,65.66,50788
2012-12-28 11:14:27,65.66,65.945,65.62,65.7499,52105
2012-12-28 13:04:11,65.7445,65.8187,65.668,65.7884,42487
2012-12-28 13:58:51,65.771,65.7801,65.6301,65.6799,71931
2012-12-28 15:00:46,65.65100000000001,65.689,65.5501,65.6,56534
2012-12-28 15:46:02,65.61,65.69,65.3901,65.3901,33159
2012-12-31 09:30:00,65.416,65.43,64.89,65.2,46173
2012-12-31 09:39:56,65.2,65.34100000000001,65.09,65.34100000000001,40401
2012-12-31 10:24:41,65.36,65.44,65.23,65.3101,61745
2012-12-31 11:05:58,65.322,65.54,65.305,65.4499,38996
2012-12-31 11:50:17,65.4599,65.4899,65.3501,65.39399999999999,270446
2012-12-31 12:43:19,65.3945,65.69,65.359,65.6277,59609
2012-12-31 13:20:40,65.6501,65.84,65.51,65.695,57904
2012-12-31 13:46:29,65.7,65.96,65.66,65.68,50001
2012-12-31 14:10:54,65.68,65.7655,65.56,65.7398,35713
2012-12-31 14:43:58,65.69,65.89,65.69,65.85300000000001,38503
2012-12-31 15:10:51,65.85600000000001,66.2286,65.85600000000001,66.11,42745
2012-12-31 15:44:29,66.11,66.128,65.87,66.09,59592
2012-12-31 15:59:59,66.085,66.4,66.065,66.4,49805
2013-01-02 09:30:10,66.39,67.91,66.39,67.53,59815
2013-01-02 09:40:44,67.54,67.7999,67.5,67.6099,35615
2013-01-02 10:20:05,67.6097,67.7901,67.5122,67.63,43614
2013-01-02 10:20:17,67.6378,67.66,67.63,67.65,21744
2013-01-02 10:54:51,67.66,67.6791,67.5002,67.535,33188
2013-01-02 11:45:20,67.5,67.59,67.475,67.53,36267
2013-01-02 12:23:31,67.51,67.589,67.445,67.5175,41916
2013-01-02 13:16:11,67.5255,67.5384,67.44,67.4747,42637
2013-01-02 14:03:13,67.4877,67.5184,67.435,67.5099,38628
2013-01-02 14:43:43,67.509,67.564,67.4701,67.508,45661
2013-01-02 15:07:02,67.508,67.6,67.47800000000001,67.6,52977
2013-01-02 15:45:10,67.608,67.749,67.585,67.749,45216
2013-01-02 15:59:58,67.7401,67.99,67.6901,67.99,30426
2013-01-03 09:49:16,68.0,68.03,67.8101,67.8699,41585
2013-01-03 10:37:11,67.86,67.9799,67.85,67.93,57363
2013-01-03 11:12:55,67.93,68.05,67.8893,68.04,55120
2013-01-03 11:41:43,68.04,68.12,68.03,68.06,43064
2013-01-03 12:17:04,68.07,68.1699,68.0677,68.16,65069
2013-01-03 13:19:52,68.1599,68.16,68.06,68.125,30314
2013-01-03 13:38:27,68.12,68.2,68.12,68.18,33477
2013-01-03 14:08:59,68.19,68.19,67.92,67.96,44231
2013-01-03 14:37:23,67.96,68.07,67.86,67.87,37717
2013-01-03 15:19:12,67.888,68.01,67.8501,67.875,41125
2013-01-03 15:58:22,67.87899999999999,67.9,67.73,67.7931,41804
2013-01-04 10:00:04,67.79,68.209,67.79,68.18,39997
2013-01-04 10:56:34,68.19,68.209,68.04,68.11,79604
2013-01-04 11:39:25,68.11,68.23,68.07,68.21,42294
2013-01-04 12:43:42,68.21,68.27,68.1893,68.24,37693
2013-01-04 14:06:24,68.23899999999999,68.3197,68.2101,68.31,30236
2013-01-04 14:43:46,68.31,68.33,68.27,68.3,43493
2013-01-04 15:24:23,68.28399999999999,68.43,68.27,68.43,37192
2013-01-04 15:47:14,68.43,68.48,68.395,68.4,46779
2013-01-04 15:58:33,68.3925,68.4626,68.39,68.41,39574
2013-01-07 09:30:05,68.4,68.42,68.14,68.19,64505
2013-01-07 10:36:16,68.19,68.19,68.01,68.135,47584
2013-01-07 11:56:11,68.1499,68.158,67.97,67.97,46724
2013-01-07 13:12:08,67.9695,68.014,67.88,67.9901,37445
2013-01-07 14:17:15,68.0,68.03,67.935,67.9901,30716
2013-01-07 15:19:08,68.0,68.1299,68.0,68.1299,38606
2013-01-08 09:30:05,68.128,68.2045,68.02,68.02,32194
2013-01-08 10:39:54,68.02,68.05,67.69,67.6979,59324
2013-01-08 11:44:31,67.673,67.77,67.64,67.7655,34263
2013-01-08 12:25:11,67.79,67.8,67.7356,67.785,55381
2013-01-08 13:17:43,67.77,67.78,67.69,67.78,37088
2013-01-08 14:01:26,67.78,67.79,67.759,67.785,35221
2013-01-08 14:32:00,67.795,67.84,67.77,67.805,40775
2013-01-08 15:15:48,67.8099,67.84,67.74,67.8399,43712
2013-01-09 09:30:06,67.84,68.16,67.75,68.04,582265
2013-01-09 10:24:38,68.04,68.24,68.0199,68.15,29069
2013-01-09 11:37:27,68.1503,68.18,68.066,68.13,41787
2013-01-09 13:05:50,68.1121,68.1699,67.93,68.0199,51640
2013-01-09 14:10:32,68.025,68.0499,67.97,68.0206,210926
2013-01-09 15:09:23,68.0284,68.05,67.895,67.905,43449
2013-01-09 15:45:00,67.9098,68.005,67.89,67.9674,31968
2013-01-10 10:03:09,67.979,68.4399,67.979,68.34,31494
2013-01-10 11:23:54,68.34,68.42,68.1501,68.199,28785
2013-01-10 13:23:28,68.1978,68.45,68.1964,68.3999,34666
2013-01-10 14:24:51,68.38,68.4499,68.36,68.399,63574
2013-01-10 14:57:33,68.399,68.559,68.37,68.52,47317
2013-01-10 15:37:54,68.52,68.6,68.52,68.5997,28836
2013-01-11 09:31:21,68.5998,68.65,68.58,68.6101,31189
2013-01-11 10:49:11,68.62,68.62,68.3699,68.48,29997
2013-01-11 11:52:43,68.48,68.536,68.435,68.528,28363
2013-01-11 13:06:42,68.539,68.55,68.46,68.4855,38035
2013-01-11 14:23:38,68.4899,68.521,68.41,68.51,42885
2013-01-11 15:09:12,68.51,68.54,68.4401,68.47,39190
2013-01-11 15:53:59,68.4799,68.6299,68.47,68.6,103937
2013-01-14 10:01:43,68.6001,68.69,68.4282,68.4282,34309
2013-01-14 11:04:06,68.45,68.52,68.37,68.51,54651
2013-01-14 12:33:36,68.5101,68.56,68.455,68.49,44458
2013-01-14 14:20:11,68.5,68.6099,68.48,68.6099,43648
2013-01-14 15:08:00,68.6023,68.699,68.6014,68.697,39891
2013-01-14 15:49:33,68.696,68.7077,68.5801,68.619,33454
2013-01-15 10:37:44,68.59,68.68,68.35,68.51,34776
2013-01-15 11:48:58,68.5098,68.6494,68.5098,68.6301,50658
2013-01-15 12:42:53,68.65,68.76,68.64,68.7501,33867
2013-01-15 13:50:56,68.7501,68.76,68.7,68.7499,35760
2013-01-15 14:55:08,68.7477,68.81,68.63,68.79,32137
2013-01-15 15:21:25,68.7801,68.8955,68.7801,68.87,32694
2013-01-15 15:43:21,68.87,68.92,68.854,68.92,55897
2013-01-15 15:56:58,68.91,68.94,68.87,68.9,81682
2013-01-16 10:02:16,68.9,68.92,68.6519,68.75,88711
2013-01-16 11:07:32,68.75,68.778,68.708,68.7432,29537
2013-01-16 12:10:32,68.74,68.89,68.74,68.803,33453
2013-01-16 13:03:01,68.81,68.8199,68.74,68.77,63076
2013-01-16 14:20:34,68.76,68.88,68.7528,68.85,43956
2013-01-16 15:26:24,68.85,68.8977,68.8301,68.8451,53039
2013-01-17 09:34:46,68.848,69.07,68.79,69.07,35751
2013-01-17 10:00:28,69.05,69.07,68.97,69.06,38874
2013-01-17 10:14:50,69.06,69.1,68.97,69.09,35043
2013-01-17 10:49:28,69.1,69.1599,69.08,69.08,41439
2013-01-17 11:43:25,69.09,69.16,69.05,69.15,228062
2013-01-17 12:14:32,69.15,69.18,69.12,69.17,39536
2013-01-17 12:31:38,69.17,69.26,69.16,69.25,32865
2013-01-17 13:19:16,69.26,69.28,69.21,69.24,32465
2013-01-17 14:01:24,69.24,69.35,69.2001,69.339,30735
2013-01-17 14:18:35,69.3397,69.37,69.31,69.37,45850
2013-01-17 14:36:25,69.365,69.39,69.3513,69.3701,31909
2013-01-17 15:00:48,69.3793,69.42,69.34,69.35,34462
2013-01-17 15:35:51,69.35,69.37,69.296,69.31,33177
2013-01-18 09:33:00,69.3245,69.38,69.19,69.38,34850
2013-01-18 10:05:46,69.35,69.36,69.2,69.24,40768
2013-01-18 11:17:31,69.2484,69.31,69.149,69.2199,34831
2013-01-18 12:20:41,69.23,69.28,69.139,69.19,41163
2013-01-18 13:36:57,69.2099,69.41,69.1899,69.35,43220
2013-01-18 14:58:30,69.3555,69.43,69.35,69.3865,29489
2013-01-18 15:40:21,69.3865,69.5,69.3654,69.46,27557
2013-01-18 15:59:57,69.4549,69.58,69.4518,69.57,31998
2013-01-22 09:58:31,69.57,69.69,69.5,69.66,30600
2013-01-22 11:13:54,69.66,69.66,69.43,69.589,30928
2013-01-22 11:57:20,69.5801,69.75,69.571,69.75,30005
2013-01-22 12:39:56,69.75,69.87,69.73,69.84,20056
2013-01-22 13:26:10,69.84,69.92,69.82,69.88,31311
2013-01-22 14:18:19,69.88,69.93,69.84,69.9275,25811
2013-01-22 14:50:50,69.929,69.99,69.92,69.97,22138
2013-01-22 15:23:54,69.971,70.0,69.929,69.9655,31160
2013-01-22 15:53:39,69.961,70.02,69.94,69.979,40551
2013-01-23 10:02:17,69.97,70.04,69.8929,69.9031,41382
2013-01-23 11:02:55,69.9,69.9899,69.79,69.86,57055
2013-01-23 12:39:57,69.8801,69.9699,69.84,69.92,139374
2013-01-23 13:55:46,69.9199,70.0276,69.9198,70.0,65453
2013-01-23 14:38:43,70.0,70.06,69.97,70.06,76810
2013-01-23 15:36:27,70.06,70.1,70.018,70.04,39252
2013-01-23 15:59:58,70.04,70.05,69.97,70.04,48012
2013-01-24 09:47:47,70.04,70.46,70.04,70.398,18848
2013-01-24 10:32:51,70.4,70.56,70.4,70.4669,29890
2013-01-24 11:00:31,70.4699,70.55,70.44,70.5201,57020
2013-01-24 11:49:37,70.5605,70.628,70.51,70.51,29818
2013-01-24 12:48:28,70.51,70.55,70.32,70.3699,31512
2013-01-24 14:01:50,70.35,70.35,70.124,70.17,25066
2013-01-24 14:50:15,70.17,70.35,70.15,70.35,33879
2013-01-24 15:38:26,70.33,70.46,70.3165,70.46,32525
2013-01-25 09:43:31,70.4499,70.6599,70.3137,70.61,57961
2013-01-25 10:10:21,70.66,70.66,70.45,70.5188,39158
2013-01-25 10:57:15,70.5122,70.5499,70.34,70.4101,38472
2013-01-25 12:02:29,70.42,70.52,70.4,70.48,38882
2013-01-25 12:41:26,70.49,70.63,70.48,70.61,44391
2013-01-25 13:45:39,70.6195,70.65,70.56,70.64,30049
2013-01-25 14:38:40,70.6373,70.68,70.6,70.66199999999999,30954
2013-01-25 15:42:17,70.668,70.68,70.56,70.571,36208
2013-01-28 09:51:29,70.5399,70.84,70.5337,70.66,31272
2013-01-28 10:57:28,70.66,70.66,70.3977,70.538,33920
2013-01-28 12:27:19,70.53,70.718,70.53,70.645,31899
2013-01-28 13:34:59,70.65,70.67,70.57,70.6299,41810
2013-01-28 14:39:10,70.6293,70.72,70.6293,70.6955,43893
2013-01-28 15:19:27,70.6801,70.7599,70.68,70.72,41210
2013-01-28 16:00:00,70.72,70.72,70.62,70.69,34938
2013-01-29 10:00:02,70.69,70.848,70.57,70.71,38233
2013-01-29 10:26:18,70.73,70.86,70.6783,70.83,25959
2013-01-29 10:59:21,70.82,70.85,70.74,70.83,32147
2013-01-29 11:31:01,70.83,70.94,70.76,70.9298,32912
2013-01-29 12:23:38,70.92,70.949,70.87,70.9,26601
2013-01-29 12:55:39,70.9096,71.0059,70.9074,70.99,30169
2013-01-29 13:41:26,70.98,71.05,70.98,71.03,33935
2013-01-29 14:11:37,71.04,71.07,70.98,71.04,49245
2013-01-29 14:56:45,71.04,71.06,70.99,71.01,37875
2013-01-29 15:34:14,71.015,71.12,70.98,71.12,45131
2013-01-30 09:40:15,71.12,71.14,71.0,71.13,29641
2013-01-30 10:43:35,71.13,71.15,70.8601,70.88,33013
2013-01-30 12:16:41,70.89,71.00399999999999,70.89,70.9552,39902
2013-01-30 13:37:03,70.959,71.07,70.9,71.0322,36842
2013-01-30 14:30:28,71.045,71.045,70.88,70.97,68874
2013-01-30 15:11:39,70.9699,70.98,70.82,70.9001,44824
2013-01-30 15:45:03,70.9,70.9,70.74,70.77,51489
2013-01-31 09:42:00,70.77,70.811,70.554,70.67,57003
2013-01-31 10:42:19,70.665,70.8199,70.641,70.68,50109
2013-01-31 11:35:49,70.67,70.74,70.5599,70.58,289507
2013-01-31 12:21:48,70.58,70.69,70.58,70.6499,84431
2013-01-31 13:28:00,70.6625,70.76,70.64399999999999,70.7,50305
2013-01-31 14:16:06,70.7,70.79,70.69,70.734,29604
2013-01-31 15:01:05,70.7355,70.8299,70.73100000000001,70.74,38404
2013-01-31 15:34:39,70.74,70.76,70.68,70.758,50956
2013-01-31 15:59:06,70.755,70.7799,70.6499,70.71,47301
2013-02-01 09:37:47,70.71,71.13,70.6486,70.99,227103
2013-02-01 10:00:07,71.0,71.14,70.99,71.13,41904
2013-02-01 10:20:58,71.11,71.31,71.08,71.275,26385
2013-02-01 10:55:09,71.2883,71.29,71.15,71.219,31928
2013-02-01 11:42:14,71.2168,71.3625,71.2168,71.3625,42516
2013-02-01 12:31:11,71.3625,71.39,71.33,71.38,59097
2013-02-01 13:21:55,71.38,71.43,71.336,71.3893,39511
2013-02-01 14:01:13,71.3798,71.45,71.3798,71.41199999999999,40364
2013-02-01 14:29:48,71.4145,71.4201,71.37,71.41,35057
2013-02-01 15:30:17,71.425,71.425,71.2945,71.31,36008
2013-02-04 09:31:49,71.29,71.44,70.872,70.97,27124
2013-02-04 10:09:28,70.91,71.03,70.852,70.999,33800
2013-02-04 10:45:21,70.9801,71.0,70.83,70.86,38833
2013-02-04 11:16:31,70.85,70.891,70.7901,70.8761,34209
2013-02-04 12:25:53,70.8775,70.8799,70.7,70.7655,30346
2013-02-04 13:15:41,70.7699,70.84899999999999,70.7501,70.8399,37311
2013-02-04 13:56:51,70.82600000000001,70.8399,70.7014,70.7577,34989
2013-02-04 14:41:54,70.7584,70.8101,70.7175,70.805,23537
2013-02-04 15:26:02,70.8075,70.8899,70.7801,70.8387,25803
2013-02-04 15:53:31,70.84,70.8699,70.61,70.6115,37059
2013-02-05 10:00:46,70.6145,71.28,70.6145,71.21,52755
2013-02-05 11:01:26,71.2199,71.3,71.14,71.28,42045
2013-02-05 12:11:23,71.275,71.3,71.21,71.25,28090
2013-02-05 13:37:45,71.22,71.37,71.1796,71.37,34914
2013-02-05 14:49:45,71.3899,71.49,71.3619,71.4701,34864
2013-02-05 15:38:43,71.4755,71.4975,71.41,71.4322,33302
2013-02-06 09:56:37,71.4399,71.4399,70.94,71.0755,50049
2013-02-06 11:31:12,71.0901,71.27,71.06,71.2409,36232
2013-02-06 13:13:54,71.2346,71.33,71.15100000000001,71.1635,35834
2013-02-06 14:41:07,71.1626,71.2025,71.0564,71.1915,43911
2013-02-06 15:17:57,71.1916,71.2699,71.17,71.2501,35149
2013-02-07 09:30:18,71.2583,71.42,71.232,71.39,50061
2013-02-07 10:20:34,71.4001,71.449,71.1157,71.16,40692
2013-02-07 11:18:56,71.17,71.17,70.8124,70.94,40428
2013-02-07 12:33:36,70.94,70.9599,70.7716,70.9377,39004
2013-02-07 14:13:12,70.9454,71.2273,70.9454,71.16,38009
2013-02-07 15:30:26,71.15899999999999,71.2281,71.0745,71.2149,164729
2013-02-08 09:54:33,71.218,71.48,71.15,71.455,33275
2013-02-08 10:42:35,71.465,71.5401,71.445,71.5,36217
2013-02-08 11:37:33,71.5,71.53,71.37,71.4101,33328
2013-02-08 12:54:28,71.42,71.48,71.39,71.42,53962
2013-02-08 14:42:28,71.4101,71.509,71.4031,71.509,34811
2013-02-11 09:30:17,71.5087,71.51,71.368,71.49,42220
2013-02-11 10:43:44,71.49,71.49,71.36,71.46,62988
2013-02-11 11:50:54,71.4301,71.55,71.4301,71.51899999999999,37265
2013-02-11 13:28:01,71.529,71.5368,71.4199,71.482,32907
2013-02-11 15:07:59,71.482,71.5099,71.4401,71.48,48552
2013-02-11 15:56:50,71.4895,71.57,71.48,71.53,60424
2013-02-12 10:07:35,71.52,71.6899,71.491,71.66,29793
2013-02-12 11:10:13,71.66,71.68,71.594,71.6665,30384
2013-02-12 12:22:51,71.678,71.78,71.6205,71.78,35406
2013-02-12 13:26:55,71.774,71.88,71.7401,71.88,37767
2013-02-12 14:38:08,71.88,71.8999,71.81,71.8235,32971
2013-02-12 15:16:03,71.8399,71.8401,71.7701,71.78,35261
2013-02-12 15:58:23,71.78699999999999,71.8199,71.74,71.8,29002
2013-02-13 10:13:46,71.8,72.0499,71.78,72.0,30731
2013-02-13 10:59:22,72.009,72.04,71.875,71.92,24703
2013-02-13 11:57:59,71.92,71.936,71.7401,71.79,33160
2013-02-13 13:09:06,71.8099,71.9,71.8,71.85,37717
2013-02-13 14:07:41,71.85,71.8999,71.85,71.89,34303
2013-02-13 14:58:03,71.89,71.89,71.69,71.71600000000001,37872
2013-02-13 15:53:00,71.72,71.8301,71.72,71.83,61818
2013-02-14 10:15:07,71.83,71.8785,71.52,71.73,35668
2013-02-14 12:02:04,71.74,71.89,71.73,71.82,51250
2013-02-14 13:54:20,71.82,71.9,71.7899,71.88,46834
2013-02-14 14:58:42,71.878,71.98,71.86,71.96,50032
2013-02-14 15:38:57,71.96,72.01,71.93,71.98,112330
2013-02-14 15:55:01,71.98,71.988,71.9,71.902,33506
2013-02-15 09:57:54,71.89,72.03,71.8799,71.9257,43973
2013-02-15 11:42:50,71.95,71.9755,71.73,71.7369,30146
2013-02-15 13:11:35,71.7384,71.7799,71.64,71.738,32433
2013-02-15 14:33:54,71.72399999999999,71.7999,71.4601,71.57,29853
2013-02-15 15:53:20,71.555,71.7099,71.4682,71.6699,36184
2013-02-19 10:14:45,71.6666,72.118,71.6431,72.04899999999999,36304
2013-02-19 11:25:55,72.05,72.16,72.05,72.16,38257
2013-02-19 12:02:42,72.1601,72.24,72.1479,72.20100000000001,29228
2013-02-19 13:04:05,72.19,72.1945,72.13,72.1883,53610
2013-02-19 14:10:49,72.18,72.28,72.15899999999999,72.26,31227
2013-02-19 15:06:16,72.26,72.296,72.22,72.2638,36177
2013-02-19 15:48:01,72.25,72.28,72.1715,72.22,36754
2013-02-20 09:34:02,72.2344,72.31,72.2,72.22,37018
2013-02-20 11:07:43,72.2199,72.2499,72.0101,72.02,39794
2013-02-20 13:17:55,72.02,72.0617,71.93,72.0062,32049
2013-02-20 14:29:48,72.0094,72.042,71.8235,71.915,33933
2013-02-20 15:09:43,71.915,71.935,71.4901,71.56,27259
2013-02-20 15:56:35,71.59,71.6099,71.3799,71.38,32477
2013-02-21 10:00:00,71.3776,71.42,70.87,70.96,39071
2013-02-21 10:40:10,70.95,71.19,70.88,71.08,46256
2013-02-21 11:46:27,71.08,71.14,70.972,71.07,45322
2013-02-21 13:02:21,71.07,71.1115,70.8893,71.01100000000001,40121
2013-02-21 14:32:10,71.01100000000001,71.0499,70.7999,70.874,70157
2013-02-21 15:22:23,70.8763,71.16,70.8716,71.1399,40834
2013-02-22 09:55:43,71.1669,71.75,71.0,71.3572,39012
2013-02-22 11:18:54,71.36,71.426,71.2399,71.2799,43266
2013-02-22 13:26:42,71.2999,71.618,71.28399999999999,71.5,33260
2013-02-22 14:17:01,71.4999,71.5699,71.47,71.48,53447
2013-02-22 15:19:41,71.47,71.5999,71.4601,71.5767,28360
2013-02-25 09:53:45,71.5745,72.4,71.5115,72.01,30338
2013-02-25 10:42:16,72.01,72.154,71.6701,71.73,41783
2013-02-25 11:43:11,71.7201,71.79,71.5,71.54,45602
2013-02-25 12:47:44,71.54,71.54,71.2601,71.4401,39621
2013-02-25 14:09:10,71.4431,71.512,70.95,70.9999,33985
2013-02-25 14:58:24,70.9999,71.1455,70.991,71.1101,57067
2013-02-25 15:40:32,71.101,71.149,70.6799,70.73,29586
2013-02-26 09:31:32,70.7128,70.7128,70.25,70.63,41514
2013-02-26 10:10:50,70.63,70.72,70.52,70.548,46046
2013-02-26 10:38:30,70.548,70.548,70.2,70.26,40324
2013-02-26 11:22:14,70.251,70.4701,70.19,70.19,34009
2013-02-26 11:46:00,70.21,70.31,70.09,70.09,35146
2013-02-26 12:52:27,70.12,70.53,70.1,70.52,27821
2013-02-26 14:05:48,70.5088,70.6199,70.4051,70.5882,38945
2013-02-26 15:44:59,70.5899,70.74,70.5412,70.74,30629
2013-02-27 10:00:00,70.71,70.92,70.58,70.89,44490
2013-02-27 11:15:14,70.89,71.24,70.87,71.2245,81742
2013-02-27 13:25:26,71.22,71.4676,71.18,71.39,45816
2013-02-27 14:40:43,71.396,71.6612,71.37,71.5905,51707
2013-02-27 15:59:15,71.5916,71.79,71.5701,71.66,42846
2013-02-28 10:04:43,71.6682,71.8526,71.57,71.6001,46547
2013-02-28 11:32:43,71.61,71.7845,71.54,71.7845,59782
2013-02-28 13:20:40,71.7745,71.96,71.71,71.96,35721
2013-02-28 14:39:06,71.95,72.07,71.9401,71.9745,40868
2013-02-28 15:33:03,71.9745,71.9799,71.808,71.87,54594
2013-02-28 16:00:00,71.8764,71.8837,71.48,71.48,83452
2013-03-01 09:57:46,71.5,71.56,70.9,71.185,53651
2013-03-01 10:35:09,71.12,71.4999,71.12,71.4745,37022
2013-03-01 11:29:50,71.4784,71.7284,71.4545,71.5,27487
2013-03-01 12:54:33,71.5055,71.78,71.3301,71.74,27822
2013-03-01 14:13:38,71.74,71.82,71.6177,71.738,34745
2013-03-01 15:47:02,71.7455,71.755,71.58,71.6606,37110
2013-03-04 10:19:13,71.678,71.75,71.458,71.49,71173
2013-03-04 11:28:38,71.48,71.7,71.4501,71.67,24517
2013-03-04 13:05:42,71.6901,71.71,71.405,71.515,33025
2013-03-04 14:10:46,71.515,71.7601,71.47,71.71,40612
2013-03-04 14:50:21,71.72,71.9899,71.684,71.9641,37105
2013-03-04 15:57:47,71.9501,71.995,71.87899999999999,71.97,38097
2013-03-05 09:38:22,71.98,72.55,71.98,72.55,26684
2013-03-05 10:05:12,72.55,72.67,72.47,72.57,27063
2013-03-05 10:28:25,72.58,72.68,72.53,72.68,30472
2013-03-05 10:55:23,72.68,72.81,72.6646,72.8,23813
2013-03-05 11:43:01,72.82,72.85,72.7,72.75,31329
2013-03-05 12:51:39,72.75,72.8,72.6823,72.74,30038
2013-03-05 13:34:42,72.735,72.86,72.7099,72.84899999999999,29922
2013-03-05 14:21:30,72.85,72.85,72.705,72.75,36239
2013-03-05 15:04:22,72.7599,72.76,72.64,72.74,43385
2013-03-05 15:49:54,72.735,72.76,72.62,72.62,78273
2013-03-06 09:48:31,72.62,72.959,72.57,72.8958,41681
2013-03-06 10:19:52,72.9,72.96,72.84,72.8674,22870
2013-03-06 10:56:08,72.86,72.91,72.78,72.7999,36014
2013-03-06 12:03:55,72.81,72.81,72.692,72.71,49877
2013-03-06 13:39:57,72.708,72.8384,72.67,72.8247,40129
2013-03-06 14:50:48,72.8223,73.01,72.79,73.0,30566
2013-03-06 15:30:27,72.98,73.0,72.8693,72.8799,31010
2013-03-07 09:33:38,72.87,73.02,72.7605,73.02,54747
2013-03-07 10:22:11,73.02,73.05,72.9,73.01,29058
2013-03-07 11:01:12,73.0183,73.08,72.9864,72.988,34941
2013-03-07 12:06:43,73.0,73.07,72.988,73.0299,28922
2013-03-07 13:52:56,73.0499,73.08,72.9701,73.01,32815
2013-03-07 14:58:31,73.01899999999999,73.0199,72.91,72.9901,47440
2013-03-07 15:53:29,72.9999,73.0799,72.9916,73.035,45449
2013-03-08 09:38:03,73.035,73.43,72.99,73.32,25359
2013-03-08 09:56:16,73.298,73.298,73.11,73.111,35752
2013-03-08 10:40:16,73.1122,73.178,73.0199,73.15,41313
2013-03-08 11:21:36,73.15,73.2245,73.1,73.21,39368
2013-03-08 12:07:42,73.21,73.28,73.1801,73.28,30426
2013-03-08 13:17:38,73.28,73.3,73.13,73.252,32389
2013-03-08 13:48:03,73.2699,73.3099,73.2373,73.29,32194
2013-03-08 14:19:25,73.29,73.32,73.255,73.27,38224
2013-03-08 14:54:24,73.27,73.35,73.26,73.3,40376
2013-03-08 15:22:19,73.3085,73.41,73.28,73.39,36806
2013-03-08 15:44:22,73.38,73.48,73.3799,73.47,46375
2013-03-08 15:56:42,73.46,73.48,73.41,73.42,54906
2013-03-08 15:59:47,73.41,73.42,73.36,73.36,91122
2013-03-11 10:03:17,73.36,73.39,73.22,73.35,45959
2013-03-11 11:15:42,73.34,73.44,73.27,73.44,28195
2013-03-11 12:14:03,73.4318,73.54,73.3835,73.54,25827
2013-03-11 12:56:58,73.54,73.56,73.51,73.548,155506
2013-03-11 13:36:31,73.56,73.65,73.56,73.64,59561
2013-03-11 14:16:59,73.6401,73.68,73.6001,73.6624,36110
2013-03-11 14:30:31,73.66,73.71,73.65,73.66,50717
2013-03-11 14:42:20,73.66,73.66,73.61,73.6399,70576
2013-03-11 14:44:35,73.6399,73.66,73.62899999999999,73.64,18676
2013-03-11 14:52:29,73.64,73.6799,73.6245,73.637,38960
2013-03-11 15:32:25,73.64,73.66,73.58,73.58,56156
2013-03-12 09:30:00,73.58,73.68,73.5301,73.59,74923
2013-03-12 10:22:55,73.58,73.7383,73.54,73.73,29596
2013-03-12 11:26:06,73.73,73.76,73.43,73.4413,37431
2013-03-12 12:02:23,73.45,73.57,73.39,73.5646,41706
2013-03-12 13:08:23,73.5601,73.5776,73.439,73.48,30829
2013-03-12 13:49:48,73.4999,73.52,73.44,73.44,55708
2013-03-12 14:24:30,73.44,73.455,73.33,73.3601,49762
2013-03-12 14:59:25,73.37,73.47,73.37,73.43,96355
2013-03-12 15:30:08,73.43,73.5899,73.43,73.5399,45786
2013-03-13 09:40:44,73.55,73.59,73.49,73.49,38079
2013-03-13 11:04:26,73.49,73.589,73.403,73.589,36166
2013-03-13 12:24:50,73.5894,73.6389,73.52,73.6205,78918
2013-03-13 13:57:02,73.65,73.75,73.6416,73.7299,35250
2013-03-13 14:25:50,73.7258,73.7299,73.656,73.69,215169
2013-03-13 15:24:28,73.6732,73.72800000000001,73.6,73.65,107188
2013-03-13 15:54:12,73.65,73.75,73.65,73.7478,73527
2013-03-14 09:53:52,73.7455,74.02,73.68,74.02,23255
2013-03-14 10:35:39,74.008,74.0361,73.9,73.9501,39595
2013-03-14 11:48:14,73.97,74.02,73.93,74.0145,28868
2013-03-14 12:24:14,74.01,74.06,74.0001,74.02,531528
2013-03-14 12:53:24,74.03,74.09,74.02,74.0445,29260
2013-03-14 13:40:28,74.0355,74.08,73.98,73.99,57466
2013-03-14 14:16:31,73.9887,74.02,73.9502,74.0,46079
2013-03-14 14:42:16,73.9955,74.0355,73.982,74.015,28476
2013-03-14 15:34:58,74.015,74.1,74.0116,74.0969,34891
2013-03-14 15:58:29,74.1,74.199,74.0945,74.1502,33578
2013-03-15 09:39:39,74.15,74.18,73.89,73.89,33680
2013-03-15 09:55:35,73.9,74.02,73.9,73.92,41947
2013-03-15 10:29:40,73.92,73.9799,73.8,73.94,29075
2013-03-15 11:46:41,73.96,74.11,73.96,74.0942,39335
2013-03-15 13:35:55,74.078,74.1598,74.06,74.065,35634
2013-03-15 14:46:29,74.055,74.08,73.94,73.9599,29083
2013-03-15 15:59:27,73.96,74.09,73.94,74.08,32659
2013-03-18 10:00:24,74.08,74.09,73.26,73.54,43245
2013-03-18 10:55:44,73.54,73.73,73.54,73.72,41657
2013-03-18 12:01:22,73.7165,73.85,73.6315,73.85,31746
2013-03-18 12:47:12,73.84,73.91,73.77,73.78,30869
2013-03-18 14:00:14,73.785,73.8382,73.72,73.72,30267
2013-03-18 14:44:36,73.7201,73.93,73.7201,73.9,38890
2013-03-18 15:44:31,73.9099,73.93,73.5,73.5,43294
2013-03-19 10:04:16,73.5091,73.8261,73.5091,73.78,44835
2013-03-19 11:10:46,73.78,73.78,73.49,73.571,51887
2013-03-19 11:59:22,73.571,73.65,73.125,73.16,41826
2013-03-19 12:39:40,73.1701,73.28,73.08,73.26100000000001,40827
2013-03-19 13:22:42,73.26100000000001,73.31,72.97,73.008,50126
2013-03-19 13:59:58,73.02,73.1,72.9301,73.0899,30953
2013-03-19 14:24:00,73.12,73.21,73.06,73.11,213845
2013-03-19 14:49:46,73.15,73.34,73.15,73.2199,52418
2013-03-19 15:20:05,73.218,73.51,73.104,73.3299,36222
2013-03-19 15:58:00,73.25,73.43,73.17,73.4299,48491
2013-03-20 09:57:16,73.43,74.18,73.38,73.8089,31573
2013-03-20 11:16:08,73.7801,73.84,73.69,73.79,33347
2013-03-20 13:02:07,73.78,73.8,73.72,73.7723,60695
2013-03-20 14:24:39,73.7576,73.91,73.6889,73.91,40924
2013-03-20 15:15:30,73.919,73.97,73.8199,73.861,45419
2013-03-20 15:58:32,73.86399999999999,73.9699,73.7524,73.7999,35877
2013-03-21 10:17:38,73.82,73.86,73.44,73.47,32605
2013-03-21 11:50:03,73.46,73.7101,73.3901,73.6855,36273
2013-03-21 13:33:57,73.6899,73.6963,73.3663,73.3663,27876
2013-03-21 14:27:46,73.31,73.44800000000001,73.17,73.3845,50368
2013-03-21 15:42:31,73.3899,73.461,73.3399,73.3935,56463
2013-03-22 10:11:07,73.36,73.6584,73.25,73.6473,43944
2013-03-22 11:40:55,73.69,73.76,73.5662,73.6961,38542
2013-03-22 13:06:33,73.67,73.6899,73.5672,73.6355,33387
2013-03-22 14:36:29,73.6355,73.75,73.58,73.6499,51743
2013-03-22 15:41:33,73.65,73.6799,73.5201,73.61,42309
2013-03-25 09:34:38,73.59,73.75,73.55,73.56,47801
2013-03-25 10:39:54,73.55,73.711,73.452,73.452,48520
2013-03-25 11:23:07,73.41,73.41,73.0301,73.0501,46492
2013-03-25 12:39:12,73.0501,73.26,73.05,73.0878,37498
2013-03-25 13:50:33,73.1099,73.15,72.8135,73.14,42477
2013-03-25 14:40:15,73.1565,73.281,73.0645,73.1099,38325
2013-03-25 15:27:27,73.1099,73.1499,72.9245,72.942,29813
2013-03-25 15:58:47,72.9662,73.17,72.9125,73.16,32228
2013-03-26 10:05:46,73.1568,73.5399,73.1,73.4401,31502
2013-03-26 11:12:09,73.44,73.56,73.31,73.45,28720
2013-03-26 12:16:46,73.42,73.4999,73.352,73.42,55123
2013-03-26 14:20:07,73.399,73.505,73.35,73.505,37861
2013-03-26 15:37:59,73.5075,73.6228,73.47,73.61,45405
2013-03-27 09:53:32,73.6399,73.65,73.104,73.16,44195
2013-03-27 10:33:54,73.1664,73.33,73.14,73.31,44734
2013-03-27 12:01:48,73.31,73.4979,73.29,73.4699,38014
2013-03-27 13:38:59,73.4662,73.4899,73.36,73.46,45142
2013-03-27 15:02:06,73.46,73.5915,73.4576,73.5855,34538
2013-03-27 15:59:21,73.59,73.64,73.53,73.59,39647
2013-03-28 10:06:48,73.59,73.71,73.5,73.57,40273
2013-03-28 11:28:38,73.58,73.8,73.5499,73.7985,39732
2013-03-28 12:42:57,73.7901,73.83,73.6456,73.6993,47171
2013-03-28 14:28:34,73.7499,73.81,73.6993,73.795,31772
2013-03-28 15:53:45,73.7954,73.91,73.7539,73.9042,36591
2013-04-01 09:51:25,73.9016,73.96,73.78,73.9101,77505
2013-04-01 10:00:19,73.919,73.93,73.67,73.73,31571
2013-04-01 10:20:50,73.72,73.8,73.645,73.749,52789
2013-04-01 10:53:41,73.742,73.7799,73.5001,73.52,50858
2013-04-01 12:08:14,73.5,73.585,73.4401,73.5387,93746
2013-04-01 13:48:05,73.5387,73.7,73.4813,73.635,34858
2013-04-01 14:12:29,73.6201,73.68,73.6201,73.6445,233130
2013-04-01 15:02:55,73.64,73.68,73.54,73.57,67132
2013-04-01 15:49:02,73.5945,73.6099,73.44,73.582,52630
2013-04-02 10:01:08,73.6,74.04,73.548,74.01,93515
2013-04-02 11:06:17,74.0199,74.11,73.93,74.09,33073
2013-04-02 12:12:47,74.08,74.102,74.01,74.0482,49330
2013-04-02 13:28:07,74.03,74.08,73.97,73.9881,73794
2013-04-02 14:40:23,73.99,74.05,73.88,73.908,32946
2013-04-02 15:47:08,73.9099,73.926,73.6928,73.75,38242
2013-04-03 10:19:58,73.748,73.992,73.52,73.5799,81879
2013-04-03 11:48:47,73.55,73.61,73.3199,73.3826,40441
2013-04-03 13:30:56,73.3795,73.44,73.212,73.2283,39836
2013-04-03 14:38:39,73.22,73.22,73.01,73.126,44164
2013-04-03 15:35:51,73.124,73.28,72.9701,72.99,52550
2013-04-04 09:38:38,72.99,73.22,72.88,73.2022,30058
2013-04-04 10:46:08,73.1799,73.53,73.15,73.362,33734
2013-04-04 12:35:27,73.388,73.4718,73.17,73.23,43216
2013-04-04 14:24:23,73.2735,73.41,73.086,73.41,44827
2013-04-04 15:28:23,73.41,73.44,73.3201,73.342,28618
2013-04-05 09:34:13,73.3459,73.49,72.52,72.6,28446
2013-04-05 10:18:25,72.6,72.8,72.5802,72.63,38450
2013-04-05 11:16:54,72.63,73.0399,72.63,73.0398,32709
2013-04-05 13:50:25,73.0368,73.08,72.8501,73.04,28808
2013-04-05 14:57:07,73.0394,73.1399,72.9602,73.13,28546
2013-04-05 15:48:12,73.124,73.32,73.0319,73.3099,33239
2013-04-08 09:50:20,73.3026,73.3874,73.17,73.17,35352
2013-04-08 11:14:36,73.15,73.28,73.0645,73.2583,39054
2013-04-08 14:06:04,73.27,73.4599,73.17399999999999,73.4401,37389
2013-04-08 15:18:41,73.4599,73.572,73.434,73.54,34998
2013-04-09 09:30:00,73.54,74.29,73.5201,73.91,46578
2013-04-09 10:42:31,73.91,73.95,73.7,73.85,40421
2013-04-09 12:50:18,73.843,74.0626,73.764,74.0199,53014
2013-04-09 14:02:01,74.0399,74.26,74.0001,74.22,27020
2013-04-09 14:38:12,74.22,74.2999,74.1801,74.29,25381
2013-04-09 15:13:55,74.2971,74.3599,74.2101,74.2498,24012
2013-04-09 15:59:09,74.2401,74.2783,74.08,74.08,38393
2013-04-10 10:07:43,74.08,74.57,74.07,74.5201,77286
2013-04-10 10:58:13,74.5399,74.72399999999999,74.501,74.72399999999999,31812
2013-04-10 11:52:42,74.73,74.86,74.702,74.86,26913
2013-04-10 12:26:27,74.86,74.86,74.76,74.8,27837
2013-04-10 13:11:52,74.8,74.9365,74.79,74.8688,33190
2013-04-10 14:19:39,74.863,74.94,74.84100000000001,74.93,32527
2013-04-10 14:59:56,74.94,74.95,74.811,74.8538,34439
2013-04-11 09:33:17,74.8501,74.93,74.7501,74.87,29609
2013-04-11 10:12:57,74.87,75.05199999999999,74.77,75.0299,30051
2013-04-11 10:49:58,75.014,75.15,74.9729,75.15,37117
2013-04-11 11:14:17,75.1364,75.27,75.1276,75.26,30489
2013-04-11 12:02:02,75.26,75.3227,75.13,75.17,27541
2013-04-11 13:23:06,75.17,75.29,75.071,75.2499,25655
2013-04-11 14:06:30,75.2437,75.2899,75.05,75.0805,45335
2013-04-11 14:45:41,75.09,75.1869,75.05,75.16,41870
2013-04-11 15:41:41,75.16,75.2,75.05,75.06,63541
2013-04-11 16:00:00,75.06,75.13600000000001,75.02,75.11,37076
2013-04-12 09:55:45,75.11,75.11,74.76,74.78,50047
2013-04-12 10:47:50,74.79,74.8299,74.58,74.59,25858
2013-04-12 11:32:26,74.56,74.61,74.43,74.571,22423
2013-04-12 12:25:05,74.589,74.6665,74.51,74.5724,25598
2013-04-12 13:36:02,74.584,74.801,74.58,74.6829,43422
2013-04-12 14:38:49,74.6708,74.75,74.61,74.6435,35688
2013-04-12 15:25:35,74.66,74.77,74.6353,74.74,52130
2013-04-12 15:46:11,74.74,74.8,74.71,74.796,36820
2013-04-15 09:35:13,74.8,74.82,74.31,74.32,37292
2013-04-15 10:05:47,74.33,74.4,74.15,74.16,23334
2013-04-15 11:00:03,74.16,74.3583,74.11,74.31,32079
2013-04-15 12:30:11,74.2967,74.31,73.93,73.9758,36471
2013-04-15 13:30:29,73.9799,73.9799,73.6336,73.77,42189
2013-04-15 14:33:08,73.7645,73.7799,73.48,73.5799,28793
2013-04-15 15:10:15,73.5705,73.7999,73.32,73.3656,34163
2013-04-15 15:44:29,73.38,73.5701,73.12,73.28,34339
2013-04-15 15:58:51,73.28,73.38,73.1546,73.1546,38358
2013-04-16 10:01:44,73.1699,73.6795,73.04,73.5947,43406
2013-04-16 11:19:37,73.5788,73.64,73.33,73.63,49734
2013-04-16 12:35:14,73.63,73.81,73.61,73.81,95561
2013-04-16 14:00:00,73.82,73.946,73.75,73.8356,54581
2013-04-16 14:57:25,73.834,73.89,73.7082,73.75,41415
2013-04-16 15:46:09,73.72,73.9599,73.678,73.9399,47627
2013-04-17 09:30:24,73.9399,74.05,73.47,73.47,66860
2013-04-17 10:37:53,73.44,73.53,73.08,73.09,40443
2013-04-17 11:26:52,73.08,73.0899,72.7,72.91,43288
2013-04-17 12:21:23,72.92,72.9528,72.65,72.65,39006
2013-04-17 13:20:05,72.649,72.788,72.555,72.70100000000001,52215
2013-04-17 14:41:36,72.7,73.01,72.7,72.84,40663
2013-04-17 15:37:33,72.8049,73.11399999999999,72.8049,72.96,36520
2013-04-17 15:59:14,72.96,73.081,72.86,72.99,44734
2013-04-18 09:39:24,72.99,73.13,72.79,72.79,54892
2013-04-18 10:00:43,72.77,72.98,72.6601,72.7,66321
2013-04-18 10:30:49,72.7002,72.74,72.47,72.69,34654
2013-04-18 11:44:59,72.69,73.0,72.6899,72.6899,34517
2013-04-18 13:11:54,72.66,72.9017,72.6482,72.8968,53812
2013-04-18 14:07:56,72.91,72.91,72.71,72.7545,36576
2013-04-18 14:47:12,72.757,72.76,72.51,72.51,37873
2013-04-18 15:20:11,72.51,72.65,72.37,72.62,25693
2013-04-18 15:58:03,72.62,72.75,72.5593,72.67,38844
2013-04-19 10:34:14,72.68,72.8799,72.5501,72.7751,34031
2013-04-19 12:51:05,72.816,73.0963,72.7398,72.86,47050
2013-04-19 14:54:19,72.8901,73.03,72.8438,72.9612,44927
2013-04-19 15:59:17,72.96,73.16,72.9099,73.14,31675
2013-04-22 10:59:03,73.14,73.3431,72.7201,72.88,32111
2013-04-22 13:10:44,72.9,73.23,72.7901,73.154,41874
2013-04-22 15:09:37,73.16,73.49,73.13,73.37,42604
2013-04-23 09:59:12,73.3699,73.8865,73.2956,73.76,41772
2013-04-23 11:54:15,73.76,74.08,73.7491,74.08,36526
2013-04-23 13:09:29,74.08,74.11,73.59,73.71,41723
2013-04-23 13:10:19,73.71,73.72,73.32,73.57,43095
2013-04-23 13:10:51,73.58,73.62,73.44,73.62,35354
2013-04-23 13:11:27,73.63,73.96,73.58,73.88,48986
2013-04-23 13:12:35,73.88,74.01,73.86,73.97,50810
2013-04-23 14:13:24,73.97,74.08,73.94,74.0016,55335
2013-04-23 15:29:29,74.006,74.0501,73.88,74.0501,43295
2013-04-24 10:07:02,74.06,74.3,74.0155,74.23,27560
2013-04-24 10:55:19,74.24,74.3495,74.07,74.33,34015
2013-04-24 12:21:36,74.32,74.33,74.1701,74.26899999999999,32386
2013-04-24 13:36:21,74.26,74.35,74.20100000000001,74.3399,48464
2013-04-24 14:27:16,74.33,74.41,74.311,74.38,43418
2013-04-24 15:09:43,74.39,74.47800000000001,74.3877,74.44,37381
2013-04-24 15:20:11,74.43,74.43,74.38,74.41,30918
2013-04-24 15:21:56,74.41,74.41,74.38,74.39,36295
2013-04-24 15:44:38,74.39,74.39,74.32,74.32,43724
2013-04-24 15:58:24,74.32,74.36,74.27,74.28,42108
2013-04-25 09:37:58,74.28,74.63,74.28,74.53,76053
2013-04-25 10:22:59,74.53,74.7199,74.45,74.718,31466
2013-04-25 11:18:07,74.72,74.91,74.72,74.84,46575
2013-04-25 13:07:16,74.84,74.9,74.7802,74.8798,38186
2013-04-25 14:06:01,74.875,75.02,74.8556,75.0,60586
2013-04-25 15:09:30,75.02,75.0399,74.6,74.65,42825
2013-04-25 15:54:39,74.65,74.702,74.55,74.57,52634
2013-04-26 10:15:57,74.58,74.69,74.44,74.44,36586
2013-04-26 11:19:31,74.44,74.53,74.37,74.495,49675
2013-04-26 13:21:00,74.49600000000001,74.49600000000001,74.2799,74.42,41068
2013-04-26 14:57:52,74.45,74.56,74.45,74.5,47109
2013-04-29 09:31:53,74.48,74.829,74.48,74.74,38836
2013-04-29 10:40:18,74.7,74.855,74.56,74.83,29540
2013-04-29 12:24:10,74.8401,74.98,74.82,74.98,35471
2013-04-29 14:09:53,74.9761,75.1332,74.9646,75.11,31195
2013-04-29 15:26:55,75.11,75.14,74.9505,74.99,39644
2013-04-29 15:52:09,74.9825,75.065,74.968,74.97,50118
2013-04-30 10:00:14,74.9601,75.01,74.72,74.74,33646
2013-04-30 10:27:09,74.74,74.75,74.63,74.7,54498
2013-04-30 12:17:28,74.69,75.064,74.68,74.9601,38748
2013-04-30 14:24:01,74.9838,75.1,74.9225,74.98100000000001,270667
2013-04-30 15:14:56,74.985,75.07,74.947,75.021,39007
2013-05-01 09:34:47,75.0288,75.15,74.928,74.98,51830
2013-05-01 10:24:54,74.98,74.98,74.7044,74.79,33641
2013-05-01 11:17:17,74.8,74.93,74.7501,74.8879,41035
2013-05-01 12:26:34,74.885,74.92,74.78,74.85,67205
2013-05-01 13:35:34,74.84,74.87,74.62,74.67,35250
2013-05-01 14:20:05,74.67,74.7599,74.5301,74.7199,42690
2013-05-01 15:01:28,74.75,74.81,74.6516,74.6516,52644
2013-05-01 15:40:07,74.6899,74.6899,74.4005,74.4005,34378
2013-05-02 09:36:12,74.4016,74.6501,74.36,74.6501,28256
2013-05-02 10:36:16,74.6601,74.7499,74.52600000000001,74.7101,51722
2013-05-02 12:31:03,74.6992,74.9335,74.642,74.87,36832
2013-05-02 14:28:13,74.88,75.0299,74.8663,74.9501,64920
2013-05-02 15:31:38,74.9515,75.0299,74.9301,75.0081,51909
2013-05-03 09:47:30,74.99,75.91,74.95,75.88,56368
2013-05-03 10:10:35,75.875,75.89,75.75,75.84,22590
2013-05-03 10:45:17,75.8362,76.04,75.8362,76.0,26880
2013-05-03 11:25:52,75.99,76.0014,75.8832,75.8832,26089
2013-05-03 12:41:57,75.882,75.923,75.84,75.923,35472
2013-05-03 13:56:11,75.92,75.96,75.8299,75.8299,131816
2013-05-03 14:38:29,75.83,75.86399999999999,75.81,75.814,51177
2013-05-03 15:15:43,75.811,75.8188,75.72,75.75,34033
2013-05-03 15:56:44,75.75,75.89,75.7101,75.8004,39078
2013-05-06 09:44:43,75.8001,75.8732,75.74,75.82,64206
2013-05-06 11:00:17,75.824,75.97,75.78,75.8099,40161
2013-05-06 12:42:42,75.8069,75.99,75.8,75.9399,40972
2013-05-06 14:14:08,75.9201,76.04,75.9201,76.014,35362
2013-05-06 15:24:17,76.03399999999999,76.05,75.922,75.93,39784
2013-05-07 09:38:35,75.9254,76.16,75.8575,76.15,30838
2013-05-07 10:12:52,76.15,76.24,76.04899999999999,76.04899999999999,22158
2013-05-07 11:07:47,76.04899999999999,76.1784,75.9223,76.15,25770
2013-05-07 12:41:55,76.17,76.2101,76.0617,76.2101,31488
2013-05-07 13:34:00,76.22,76.31,76.2164,76.29,22163
2013-05-07 14:19:42,76.2999,76.38,76.2999,76.35,30472
2013-05-07 15:11:51,76.3501,76.38,76.28,76.36,52076
2013-05-07 15:59:49,76.36,76.38,76.31,76.38,44943
2013-05-08 10:22:42,76.38,76.51,76.25,76.46,24671
2013-05-08 11:10:18,76.46,76.6,76.4476,76.6,29607
2013-05-08 12:30:36,76.6,76.6899,76.598,76.6,43765
2013-05-08 14:01:26,76.61,76.68,76.58,76.59899999999999,32409
2013-05-08 15:10:02,76.609,76.638,76.4662,76.584,57740
2013-05-08 15:58:30,76.589,76.7399,76.5801,76.73,115661
2013-05-09 10:08:47,76.73,76.7699,76.54,76.55,30353
2013-05-09 10:54:22,76.5799,76.5799,76.43,76.48,44334
2013-05-09 12:00:53,76.49,76.5677,76.462,76.5078,42572
2013-05-09 13:23:34,76.5001,76.67,76.45,76.668,42211
2013-05-09 14:55:32,76.658,76.76,76.4,76.4199,217599
2013-05-09 15:30:08,76.4,76.4643,76.19,76.432,44693
2013-05-10 09:30:51,76.432,76.4901,76.21,76.37,30983
2013-05-10 10:56:11,76.37,76.55,76.19,76.29,32413
2013-05-10 12:36:39,76.3,76.452,76.1507,76.2957,34252
2013-05-10 14:55:25,76.2877,76.4362,76.25,76.431,36643
2013-05-13 09:32:42,76.431,76.63,76.38,76.46,38736
2013-05-13 10:13:50,76.44,76.52,76.24,76.4768,45803
2013-05-13 12:08:06,76.46,76.66,76.3901,76.6499,30080
2013-05-13 14:34:30,76.6499,76.6577,76.507,76.59,33449
2013-05-13 15:58:41,76.5984,76.63,76.49,76.595,31536
2013-05-14 09:50:31,76.595,76.93,76.595,76.91,36107
2013-05-14 10:20:28,76.91,77.07,76.91,77.06,32011
2013-05-14 10:57:37,77.04,77.27,77.03,77.2599,23763
2013-05-14 11:48:57,77.25,77.36,77.2,77.3,38581
2013-05-14 12:47:41,77.3,77.41,77.26,77.3,27943
2013-05-14 14:16:37,77.31,77.37,77.22800000000001,77.2899,33542
2013-05-14 15:24:19,77.27,77.37,77.24,77.3599,31247
2013-05-14 15:53:47,77.35,77.5399,77.34,77.49,26775
2013-05-15 09:50:17,77.4999,77.53,77.2339,77.321,67147
2013-05-15 10:43:45,77.33,77.52,77.33,77.4412,43323
2013-05-15 11:15:27,77.4599,77.72,77.39,77.72,30851
2013-05-15 11:54:24,77.71,77.85,77.67,77.85,26470
2013-05-15 12:08:49,77.86,78.0,77.852,78.0,19412
2013-05-15 13:00:38,77.991,78.1496,77.99,78.05,27606
2013-05-15 13:34:54,78.0424,78.059,77.914,77.9615,35426
2013-05-15 14:03:50,77.98,78.0,77.8201,77.8566,43944
2013-05-15 14:48:47,77.8593,77.87,77.66,77.704,34181
2013-05-15 15:52:54,77.7395,77.97,77.64,77.942,26070
2013-05-16 09:58:36,77.94,78.06,77.77,77.99,50329
2013-05-16 10:10:48,78.0098,78.0098,77.7,77.75,42582
2013-05-16 11:15:23,77.7501,78.01,77.74,78.01,25784
2013-05-16 13:25:02,78.05,78.1,77.9001,77.9299,119778
2013-05-16 15:13:13,77.92,78.03,77.8124,77.85,36132
2013-05-16 15:50:12,77.82,77.82,77.5,77.52199999999999,29319
2013-05-17 09:55:00,77.542,78.01,77.5399,78.0,44394
2013-05-17 10:48:56,78.0,78.19,77.95,78.12,29242
2013-05-17 11:59:17,78.1153,78.1458,77.9899,78.0977,30244
2013-05-17 13:51:34,78.11,78.139,78.0419,78.0777,32555
2013-05-17 14:53:46,78.0765,78.3501,78.0765,78.3501,24816
2013-05-17 15:49:47,78.35,78.52,78.3377,78.49,30856
2013-05-20 09:51:15,78.49,78.55,78.38,78.38,28433
2013-05-20 10:41:12,78.3852,78.5868,78.36,78.55,29982
2013-05-20 11:30:21,78.548,78.71,78.541,78.71,29319
2013-05-20 12:31:35,78.72,78.85,78.7,78.7999,24896
2013-05-20 13:50:14,78.79,78.79,78.5,78.564,37346
2013-05-20 15:25:06,78.57,78.6499,78.459,78.57,28930
2013-05-21 09:51:04,78.57,78.83,78.5223,78.83,30882
2013-05-21 10:47:32,78.851,78.9299,78.431,78.48,31847
2013-05-21 12:02:17,78.48,78.7,78.45,78.7,37864
2013-05-21 13:16:20,78.7,78.96,78.7,78.86,36158
2013-05-21 14:29:31,78.8951,78.96,78.8101,78.8926,27407
2013-05-21 15:36:08,78.82,78.8784,78.75,78.77,38141
2013-05-22 09:45:00,78.7701,78.8499,78.66,78.83,59168
2013-05-22 10:04:55,78.83,79.11,78.78,79.11,31089
2013-05-22 10:30:58,79.12,79.5,79.11,79.37,27628
2013-05-22 10:43:17,79.34,79.34,78.85,79.15,33376
2013-05-22 11:05:00,79.16,79.16,78.81,78.9499,31585
2013-05-22 11:30:11,78.96,79.22,78.96,79.22,30768
2013-05-22 11:48:30,79.22,79.33,79.1201,79.33,36479
2013-05-22 12:36:03,79.35,79.35,79.01,79.01,33146
2013-05-22 13:42:23,79.0,79.2,78.7,78.7,34100
2013-05-22 14:03:17,78.7,78.77,78.45,78.46,47063
2013-05-22 14:09:39,78.52,78.52,78.25,78.36,31436
2013-05-22 14:21:18,78.37,78.39,78.16,78.29,35080
2013-05-22 14:37:03,78.31,78.3865,78.12,78.14,34822
2013-05-22 15:01:31,78.12,78.28,78.03,78.2,39902
2013-05-22 15:35:11,78.18,78.21,77.73,77.8001,26205
2013-05-23 09:30:05,77.8,78.04,77.16,77.17,28517
2013-05-23 09:51:26,77.16,77.38,77.1401,77.15,29097
2013-05-23 10:10:59,77.14,77.44,77.1,77.42,26251
2013-05-23 11:06:43,77.42,77.54,77.25,77.4979,30205
2013-05-23 12:18:11,77.499,77.9499,77.49,77.8999,26523
2013-05-23 14:00:01,77.89,77.92,77.5399,77.79,37521
2013-05-23 15:02:58,77.79,78.0236,77.7101,77.95,40265
2013-05-23 15:59:50,77.95,78.01,77.7201,77.85,30158
2013-05-24 10:42:53,77.85,77.86,77.1801,77.35,27117
2013-05-24 11:36:57,77.3699,77.49,77.29,77.4262,57987
2013-05-24 13:41:32,77.43,77.6899,77.43,77.6,43184
2013-05-24 15:16:25,77.5927,77.7799,77.59,77.7151,61541
2013-05-24 15:59:44,77.7499,77.77,77.554,77.77,60623
2013-05-28 10:09:10,77.77,78.89,77.7423,78.8511,63823
2013-05-28 11:01:19,78.8699,78.91,78.6301,78.6301,53064
2013-05-28 12:29:09,78.60600000000001,78.7,78.45,78.5201,35044
2013-05-28 14:04:01,78.48,78.58,78.0901,78.12,38745
2013-05-28 15:11:36,78.1484,78.2631,78.05,78.2063,41691
2013-05-28 15:58:37,78.2033,78.3999,78.15,78.3221,51288
2013-05-29 09:52:56,78.3268,78.348,77.6754,77.89,52453
2013-05-29 10:42:32,77.89,78.05,77.68,77.68,85950
2013-05-29 11:30:29,77.6701,77.6899,77.4515,77.66,34910
2013-05-29 12:55:00,77.6478,77.8273,77.6,77.6,32372
2013-05-29 14:25:44,77.6115,78.176,77.61,78.09899999999999,32236
2013-05-29 15:39:33,78.09899999999999,78.12899999999999,77.9324,78.0545,32797
2013-05-30 09:39:02,78.0599,78.06,77.88,78.01,45176
2013-05-30 10:15:08,78.07,78.4499,78.07,78.27,37083
2013-05-30 11:58:21,78.29,78.39,78.18,78.39,39313
2013-05-30 13:09:54,78.384,78.49,78.28,78.32,63755
2013-05-30 14:52:33,78.31,78.51899999999999,78.31,78.5148,49037
2013-05-30 15:46:12,78.5499,78.5499,78.31,78.33,57846
2013-05-31 09:53:19,78.3,78.3099,77.8901,78.1749,27137
2013-05-31 10:46:32,78.15,78.1521,77.8899,78.11,43558
2013-05-31 11:55:49,78.1241,78.41,77.9799,78.2,118789
2013-05-31 13:40:32,78.205,78.205,77.99,77.99,32472
2013-05-31 15:04:43,78.0,78.024,77.58,77.69,47507
2013-05-31 15:30:31,77.6999,77.8,77.58,77.58,72608
2013-05-31 15:57:57,77.58,77.6,77.15,77.15,53329
2013-05-31 15:59:57,77.14,77.19,77.05,77.05,78141
2013-06-03 09:49:18,77.04,77.23,76.96,77.05,34842
2013-06-03 10:02:46,77.07,77.2,76.85,76.89,25817
2013-06-03 10:35:34,76.92,77.3851,76.92,77.0,23704
2013-06-03 10:49:28,77.01,77.01,76.77,76.888,32514
2013-06-03 11:24:03,76.9,77.05,76.67,76.67,34519
2013-06-03 12:25:49,76.72,76.9602,76.66,76.89,29705
2013-06-03 13:35:44,76.8501,77.05,76.8008,76.8901,29605
2013-06-03 14:28:30,76.869,77.14,76.869,77.12,35075
2013-06-03 15:06:36,77.08,77.24,77.02,77.21,48757
2013-06-03 15:51:12,77.2299,77.459,77.133,77.3439,38016
2013-06-04 10:08:47,77.3401,77.778,77.34,77.551,56363
2013-06-04 10:55:23,77.57,77.74,77.44,77.45,56945
2013-06-04 12:26:49,77.465,77.5001,77.19,77.22,45194
2013-06-04 13:26:16,77.17,77.375,77.15,77.16,34241
2013-06-04 14:13:30,77.17,77.17,76.67,76.7544,41123
2013-06-04 15:00:21,76.77,77.06,76.77,76.94,37041
2013-06-04 15:32:04,76.9315,77.22,76.9,77.18,38324
2013-06-04 15:59:03,77.17,77.34,77.08,77.08,35640
2013-06-05 10:03:07,77.08,77.1,76.726,76.82,27848
2013-06-05 10:38:48,76.82,76.96,76.49,76.648,39521
2013-06-05 11:21:22,76.6288,76.65,76.33,76.39,34775
2013-06-05 12:16:44,76.39,76.5,76.19,76.23,53918
2013-06-05 13:20:46,76.2201,76.35,76.1,76.3148,40676
2013-06-05 14:29:53,76.2834,76.4446,75.99,75.99,32392
2013-06-05 15:06:16,75.99,76.27,75.9501,76.06,39952
2013-06-05 15:52:50,76.07,76.3418,76.00399999999999,76.164,40258
2013-06-06 10:00:23,76.13600000000001,76.36,75.86,76.36,31039
2013-06-06 11:31:55,76.3962,76.3962,75.9934,76.1201,33948
2013-06-06 12:32:12,76.1119,76.3255,75.61,75.7,34004
2013-06-06 12:54:21,75.7,75.86399999999999,75.67,75.7199,45555
2013-06-06 14:01:27,75.7299,76.19,75.69,76.1299,30600
2013-06-06 15:03:51,76.1299,76.51,76.02,76.406,50002
2013-06-06 15:56:41,76.4152,76.65,76.281,76.64399999999999,39483
2013-06-07 09:59:26,76.6457,77.28,76.6457,77.2142,54037
2013-06-07 10:43:10,77.22,77.6,77.22,77.5752,36015
2013-06-07 11:54:10,77.5565,77.7499,77.479,77.6,33522
2013-06-07 14:17:06,77.6,77.61,77.3901,77.46,37555
2013-06-07 15:36:44,77.46,77.6343,77.2703,77.62,62881
2013-06-10 09:54:51,77.62,78.0498,77.578,77.77,35702
2013-06-10 10:56:23,77.76,77.92,77.56,77.83,45610
2013-06-10 12:31:18,77.82,78.0099,77.81,77.92,66208
2013-06-10 13:43:27,77.9199,77.926,77.678,77.77,37741
2013-06-10 14:50:31,77.78,77.83,77.6867,77.8224,28378
2013-06-10 15:48:22,77.832,77.9199,77.78,77.8,29745
2013-06-11 10:02:31,77.801,77.82,76.85,77.1452,31292
2013-06-11 11:13:21,77.16,77.3555,76.9101,77.2914,29066
2013-06-11 11:53:46,77.34,77.64,77.3321,77.53,39576
2013-06-11 13:21:51,77.53,77.6,77.24,77.24,53373
2013-06-11 14:29:22,77.32,77.32,76.98,77.21,51112
2013-06-11 15:35:09,77.21,77.3799,77.08,77.12,36523
2013-06-11 15:56:16,77.12,77.1664,76.95,76.97,44276
2013-06-12 10:34:44,76.97,77.64,76.95,77.28,33133
2013-06-12 11:47:53,77.2618,77.2618,76.83,76.85,36068
2013-06-12 12:42:10,76.8,76.8499,76.5101,76.543,35423
2013-06-12 14:26:49,76.554,76.8599,76.47,76.538,49203
2013-06-12 15:28:37,76.51,76.5633,76.3301,76.49,34096
2013-06-13 10:02:25,76.4855,76.68,76.1,76.68,41496
2013-06-13 11:32:16,76.67,76.75,76.49,76.69,28569
2013-06-13 13:10:44,76.66,77.0745,76.65,76.9906,46330
2013-06-13 14:42:40,77.0,77.2499,76.9,77.1701,43769
2013-06-13 15:53:15,77.19,77.7699,77.1701,77.62,50870
2013-06-14 09:57:05,77.6307,77.7,77.4555,77.58,37974
2013-06-14 10:07:17,77.63,77.83,77.63,77.76,34016
2013-06-14 10:47:32,77.8199,77.8199,77.42,77.44,40956
2013-06-14 11:59:46,77.45,77.47,77.22,77.3499,49814
2013-06-14 13:32:32,77.36,77.36,76.9604,77.0,32390
2013-06-14 14:59:34,77.0,77.26,76.97,77.03399999999999,45482
2013-06-14 15:54:33,77.03,77.3051,77.002,77.11,41234
2013-06-17 10:09:26,77.1,77.93,77.05,77.87,33702
2013-06-17 11:34:00,77.8845,78.03,77.811,77.91,44114
2013-06-17 13:11:57,77.8943,77.91,77.809,77.83,43798
2013-06-17 14:12:40,77.83,77.98,77.69,77.81,54812
2013-06-17 14:48:11,77.82,77.82,77.41,77.42,65732
2013-06-17 15:22:17,77.36,77.47,77.27,77.42,38900
2013-06-17 15:51:58,77.42,77.76,77.34,77.63600000000001,51379
2013-06-18 10:01:49,77.6596,77.9276,77.59,77.8,40221
2013-06-18 11:26:49,77.89,78.11,77.8467,78.11,48691
2013-06-18 12:56:26,78.134,78.24,78.082,78.24,54443
2013-06-18 14:19:38,78.24,78.37,78.154,78.327,44545
2013-06-18 15:30:44,78.328,78.372,78.2499,78.336,48002
2013-06-19 09:43:29,78.3533,78.3667,78.01,78.0553,41471
2013-06-19 11:25:29,78.06,78.24,77.98,78.15,34548
2013-06-19 13:55:33,78.14,78.24,78.0637,78.24,37932
2013-06-19 14:04:27,78.24,78.35,77.94,77.98,59492
2013-06-19 14:24:16,77.99,78.199,77.83,77.88,64565
2013-06-19 14:38:13,77.88,78.2529,77.88,78.2299,52324
2013-06-19 14:42:03,78.2299,78.2299,77.92,78.1,59634
2013-06-19 14:53:32,78.1,78.21,77.75,77.81,66687
2013-06-19 14:57:58,77.81,77.88,77.5087,77.52,45115
2013-06-19 15:13:56,77.52,77.6399,77.37,77.441,51099
2013-06-19 15:27:28,77.43,77.7,77.42,77.7,46438
2013-06-19 15:58:21,77.71,77.7699,77.21,77.23,42598
2013-06-20 09:49:41,77.26,77.279,76.19,76.5099,48707
2013-06-20 10:00:05,76.49,76.51,76.32,76.36,43091
2013-06-20 10:17:09,76.36,76.4879,75.98,75.98,53908
2013-06-20 10:57:53,75.94,76.15,75.805,76.06,48565
2013-06-20 11:30:05,76.06,76.0763,75.79,75.9295,133325
2013-06-20 11:49:46,75.9399,76.06,75.86,75.99,35877
2013-06-20 12:20:28,75.99,76.21,75.99,76.15,37424
2013-06-20 13:11:07,76.13,76.25,75.969,76.0615,42554
2013-06-20 13:50:13,76.09,76.09,75.84,76.01,38859
2013-06-20 14:17:11,76.0099,76.0265,75.75,75.86,45454
2013-06-20 14:22:40,75.85,75.89,75.63,75.69,49491
2013-06-20 14:31:02,75.68,75.7599,75.53,75.53,47719
2013-06-20 14:51:31,75.53,75.6447,75.49,75.49,42818
2013-06-20 15:00:39,75.47,75.47,75.2401,75.26,49040
2013-06-20 15:10:19,75.24,75.53,75.23,75.52,41195
2013-06-20 15:26:59,75.51,75.54,75.23,75.33,39229
2013-06-20 15:44:52,75.3027,75.3599,75.17,75.24,48805
2013-06-20 15:56:25,75.24,75.49,75.1,75.48,42774
2013-06-21 09:41:27,75.4635,75.9599,75.25,75.682,36532
2013-06-21 10:30:44,75.7099,75.89,75.431,75.468,29431
2013-06-21 10:58:40,75.4403,75.55,75.24,75.465,39409
2013-06-21 11:04:30,75.45,75.52,75.39,75.395,36141
2013-06-21 11:22:15,75.385,75.45,75.14,75.14,76918
2013-06-21 11:47:57,75.18,75.19,74.84,75.0,46343
2013-06-21 12:33:23,74.9401,75.16,74.878,74.986,57177
2013-06-21 13:00:31,74.986,75.52,74.93,75.51,56893
2013-06-21 13:10:11,75.51,75.57,75.35,75.54,263993
2013-06-21 13:31:16,75.54,75.66,75.45,75.52,52030
2013-06-21 14:05:58,75.51,75.61,75.25,75.25,60000
2013-06-21 14:29:34,75.2501,75.52,75.23,75.51,54909
2013-06-21 14:58:13,75.5199,75.57,75.414,75.51,42619
2013-06-21 15:09:20,75.5,75.8,75.4738,75.75,35387
2013-06-21 15:35:19,75.764,75.868,75.7195,75.74,42275
2013-06-24 09:30:00,75.75,75.7901,74.26,74.81,42258
2013-06-24 09:46:52,74.765,74.78,74.4,74.6,35203
2013-06-24 10:18:11,74.6,74.6301,74.21,74.36,36859
2013-06-24 10:35:45,74.36,74.38,74.12,74.24,36956
2013-06-24 10:46:41,74.26,74.43,74.23,74.375,570828
2013-06-24 10:53:41,74.38,74.53,74.38,74.5043,63581
2013-06-24 11:23:31,74.47,74.55,74.09,74.1,55260
2013-06-24 11:56:59,74.1,74.27,74.0302,74.18,47813
2013-06-24 12:30:18,74.18,74.31,73.98,74.24,35881
2013-06-24 12:59:00,74.24,74.36,74.21,74.36,46848
2013-06-24 13:41:46,74.3501,74.6299,74.26,74.6299,53839
2013-06-24 14:13:35,74.62,75.0099,74.5575,74.94,62391
2013-06-24 14:56:38,74.91,75.2647,74.89,75.07,37032
2013-06-24 15:30:43,75.01,75.1499,74.8301,74.8901,44838
2013-06-24 15:46:13,74.8901,75.0552,74.83,74.83,53496
2013-06-24 15:58:09,74.81,74.9249,74.68,74.6998,37444
2013-06-24 16:00:00,74.7,74.7,74.62,74.67,112286
2013-06-25 09:47:40,74.67,75.39,74.67,75.22,59388
2013-06-25 10:14:31,75.22,75.24,74.9715,75.07,44764
2013-06-25 10:53:48,75.07,75.2899,74.8501,75.2899,38485
2013-06-25 11:43:56,75.365,75.4355,75.18,75.19,49113
2013-06-25 12:37:42,75.19,75.4799,75.14,75.41,50146
2013-06-25 12:56:27,75.41,75.4582,75.38,75.38,496024
2013-06-25 13:10:18,75.37,75.4399,75.3,75.31,84129
2013-06-25 14:17:05,75.3,75.44,75.18,75.4399,66318
2013-06-25 15:10:45,75.44,75.5598,75.3266,75.5,59412
2013-06-25 15:54:41,75.49,75.704,75.44,75.54,39116
2013-06-26 10:01:04,75.54,75.84,75.41,75.68,37432
2013-06-26 10:55:57,75.68,75.7273,75.3999,75.41,37873
2013-06-26 12:34:47,75.4299,75.5599,75.25,75.51,193002
2013-06-26 14:03:15,75.49,75.748,75.4704,75.7061,35592
2013-06-26 15:02:19,75.69,75.8967,75.64,75.8833,35587
2013-06-26 15:59:36,75.8967,75.8967,75.69,75.74,44980
2013-06-27 10:00:30,75.74,76.45,75.72,76.39,30659
2013-06-27 10:51:24,76.4,76.58,76.29,76.5008,48089
2013-06-27 12:06:14,76.49,76.55,76.3,76.35,52477
2013-06-27 13:13:21,76.355,76.4599,76.2,76.454,47953
2013-06-27 14:32:36,76.4,76.5299,76.29,76.43,58613
2013-06-27 15:35:52,76.4367,76.4367,76.27,76.3166,58719
2013-06-28 09:34:49,76.31,76.3699,76.01,76.05,53417
2013-06-28 10:44:22,76.023,76.12,75.71,76.09,41574
2013-06-28 11:42:30,76.071,76.36,76.021,76.1701,81660
2013-06-28 13:24:28,76.2099,76.278,75.96,76.223,72132
2013-06-28 14:57:39,76.22,76.35,76.1852,76.21,97126
2013-06-28 15:54:21,76.2,76.3101,76.036,76.1582,52919
2013-07-01 09:44:24,76.13,76.4753,75.77,76.35,69065
2013-07-01 10:16:31,76.3601,76.77,76.31,76.735,28877
2013-07-01 10:41:56,76.7355,76.76,76.59,76.63600000000001,39431
2013-07-01 11:10:59,76.6201,76.766,76.6201,76.758,51772
2013-07-01 11:21:26,76.759,76.788,76.7101,76.788,37213
2013-07-01 12:21:18,76.778,76.814,76.6686,76.75,30748
2013-07-01 13:21:44,76.75,76.75,76.62,76.641,45152
2013-07-01 14:24:25,76.6306,76.712,76.3804,76.3804,33412
2013-07-01 15:05:37,76.3768,76.58,76.37100000000001,76.577,46023
2013-07-01 15:39:06,76.55,76.5899,76.2,76.2,48493
2013-07-02 09:32:51,76.2,76.5281,76.14,76.22,119414
2013-07-02 10:19:09,76.26,76.62,76.26,76.5501,73550
2013-07-02 11:10:29,76.5969,76.6999,76.5301,76.5699,50888
2013-07-02 12:00:42,76.5952,76.6899,76.56,76.6399,79055
2013-07-02 13:18:49,76.6332,76.6499,76.411,76.411,34535
2013-07-02 14:15:07,76.43,76.4499,76.03,76.0398,52142
2013-07-02 15:05:15,76.0349,76.08,75.85,76.01,36848
2013-07-02 15:52:03,76.05,76.14,75.929,76.1221,39160
2013-07-03 10:00:15,76.1275,76.171,75.65,75.818,41777
2013-07-03 10:32:13,75.818,75.89,75.6407,75.8001,41605
2013-07-03 11:01:11,75.8,75.89,75.77,75.811,60114
2013-07-03 11:51:57,75.811,76.0262,75.811,75.9864,51928
2013-07-03 12:40:47,75.9701,76.256,75.9701,76.1445,92919
2013-07-03 12:59:26,76.15,76.1734,76.06,76.07,50765
2013-07-05 09:34:28,76.07,76.69,76.04,76.5,81190
2013-07-05 10:48:07,76.48,76.6498,76.0896,76.28,40601
2013-07-05 12:11:05,76.2702,76.63,76.2101,76.59,65420
2013-07-05 13:22:10,76.59,76.689,76.5305,76.64,50717
2013-07-05 14:35:26,76.631,76.8499,76.5801,76.8499,49700
2013-07-08 09:32:43,76.857,77.45,76.57,77.45,46129
2013-07-08 10:16:39,77.434,77.68,77.2898,77.53,46243
2013-07-08 11:20:45,77.5201,77.6699,77.52,77.53,42107
2013-07-08 13:32:21,77.53,77.53,77.33,77.42,42328
2013-07-08 14:48:22,77.4099,77.634,77.406,77.57,52049
2013-07-08 15:40:11,77.5602,77.6399,77.4247,77.48,49924
2013-07-09 09:47:05,77.48,78.06,77.41,77.9401,44032
2013-07-09 10:50:54,77.95,78.03,77.7139,77.9057,54338
2013-07-09 12:31:56,77.9077,78.0875,77.9077,78.0763,48366
2013-07-09 13:55:32,78.0852,78.1775,78.05,78.1202,51971
2013-07-09 14:43:20,78.1202,78.2,78.1,78.15,31760
2013-07-09 15:37:49,78.15,78.1899,78.0731,78.1427,41941
2013-07-10 10:15:33,78.1675,78.1799,77.98,78.0027,45462
2013-07-10 11:53:34,77.991,78.01,77.8583,77.91,53299
2013-07-10 14:02:38,77.9183,78.12,77.874,78.12,50049
2013-07-10 14:15:11,78.12,78.3199,78.0508,78.21,71352
2013-07-10 14:53:03,78.21,78.2902,77.8,77.88,62342
2013-07-10 15:13:03,77.88,77.97,77.813,77.888,68871
2013-07-10 15:58:00,77.91,78.05,77.83,78.01,60446
2013-07-11 10:06:18,78.009,78.9955,77.99,78.65,59746
2013-07-11 10:54:08,78.65,78.738,78.572,78.71,51801
2013-07-11 12:06:52,78.69,78.778,78.69,78.717,62172
2013-07-11 13:27:02,78.6701,78.73,78.6498,78.69,62598
2013-07-11 14:20:45,78.69,78.81,78.6523,78.81,57451
2013-07-11 15:02:24,78.8099,78.9763,78.8,78.9565,60242
2013-07-11 15:43:19,78.9321,79.0099,78.884,78.99,52678
2013-07-11 16:00:04,78.98,79.07,78.97,79.01,63929
2013-07-12 10:26:46,78.9,79.02,78.821,78.97399999999999,53563
2013-07-12 11:37:12,78.96,79.05,78.91,78.92,58690
2013-07-12 13:03:15,78.9001,78.96,78.8355,78.88,51050
2013-07-12 14:38:26,78.88,79.0183,78.8605,78.9263,51023
2013-07-12 15:54:11,78.9138,79.1399,78.8938,79.1399,39710
2013-07-15 10:02:06,79.12,79.26,79.07,79.19,53062
2013-07-15 11:14:02,79.2,79.3,79.1914,79.27,49853
2013-07-15 12:21:25,79.2699,79.3888,79.2699,79.365,48912
2013-07-15 13:23:56,79.3799,79.4099,79.33,79.35,64675
2013-07-15 14:25:12,79.35,79.47,79.33,79.4688,42987
2013-07-15 14:57:12,79.4651,79.505,79.4201,79.4484,43318
2013-07-15 15:39:49,79.46,79.4799,79.4,79.4,53200
2013-07-16 10:00:00,79.4,79.48,79.2799,79.31,57543
2013-07-16 10:43:55,79.32,79.4054,79.29,79.33,50271
2013-07-16 11:43:55,79.33,79.34,79.0216,79.0251,68349
2013-07-16 13:11:18,79.0101,79.0699,78.92,78.92,44584
2013-07-16 15:04:35,78.9157,79.1099,78.86,78.9947,32969
2013-07-16 15:58:45,78.98,79.09,78.93,79.0451,40816
2013-07-17 10:21:29,79.07,79.46,79.06,79.4599,48190
2013-07-17 11:29:14,79.4326,79.54,79.27,79.31,44712
2013-07-17 13:07:59,79.31,79.39,79.1901,79.36399999999999,53593
2013-07-17 14:16:20,79.361,79.426,79.3,79.35,59900
2013-07-17 15:32:53,79.35,79.372,79.2,79.23,46463
2013-07-18 09:31:47,79.2193,79.56,79.1581,79.55,43313
2013-07-18 09:39:19,79.53,79.63,79.53,79.61,65531
2013-07-18 10:07:03,79.61,79.7697,79.61,79.7425,44772
2013-07-18 10:40:09,79.7861,80.02,79.7702,79.95,53922
2013-07-18 11:25:37,79.95,80.07,79.95,80.00399999999999,23197
2013-07-18 12:40:07,80.00399999999999,80.08,79.9403,79.9494,32271
2013-07-18 12:44:26,79.9599,79.96,79.9,79.9,37549
2013-07-18 13:57:54,79.9,79.9697,79.842,79.9697,36106
2013-07-18 15:26:56,79.935,80.06,79.91,79.9451,35778
2013-07-18 15:59:49,79.965,79.97,79.86,79.97,39984
2013-07-19 09:43:25,79.96,79.99,79.75,79.85,43602
2013-07-19 10:07:34,79.85,79.96,79.85,79.93,57287
2013-07-19 11:02:58,79.9588,80.03,79.86,80.03,40394
2013-07-19 12:39:45,80.0422,80.0828,79.96,80.0113,48629
2013-07-19 14:24:34,79.993,80.15,79.9801,80.135,46592
2013-07-19 15:40:24,80.13,80.1699,80.1,80.1585,44068
2013-07-22 09:35:19,80.1799,80.33,80.171,80.2201,41610
2013-07-22 10:18:23,80.26,80.34,80.19,80.33,33400
2013-07-22 10:46:58,80.33,80.38,80.26,80.35,28576
2013-07-22 11:14:32,80.357,80.457,80.32,80.4485,35486
2013-07-22 12:05:59,80.446,80.51,80.39,80.4101,27700
2013-07-22 13:52:26,80.4267,80.44,80.31,80.33,29713
2013-07-22 14:59:09,80.33,80.44,80.3201,80.44,45868
2013-07-23 09:37:02,80.44,80.61,80.31,80.5599,45751
2013-07-23 10:03:29,80.5499,80.57,80.47399999999999,80.51,41540
2013-07-23 10:47:29,80.51,80.51,80.35,80.38,60228
2013-07-23 11:48:16,80.354,80.43,80.29,80.4299,53606
2013-07-23 13:59:04,80.43,80.5,80.36,80.431,35327
2013-07-23 15:13:39,80.4351,80.5564,80.43,80.5,37591
2013-07-24 09:32:11,80.5,80.59,80.37,80.5209,53831
2013-07-24 10:12:09,80.4999,80.4999,80.0586,80.0586,34112
2013-07-24 11:35:11,80.1,80.134,79.97,80.134,39953
2013-07-24 13:35:40,80.1,80.12,79.72,79.7299,31742
2013-07-24 15:05:46,79.72,79.9,79.7007,79.74,41503
2013-07-24 15:59:59,79.7301,79.91,79.72800000000001,79.9,23841
2013-07-25 10:19:16,79.77,79.899,79.54,79.86,28881
2013-07-25 12:04:19,79.8351,79.8351,79.55,79.6474,27142
2013-07-25 13:15:33,79.6213,79.97,79.6213,79.91,36577
2013-07-25 14:40:23,79.91,80.02,79.83,79.8526,58363
2013-07-25 15:15:04,79.8626,79.97,79.8096,79.95,57589
2013-07-25 15:59:14,79.95,80.1,79.938,80.07,36343
2013-07-26 10:08:42,80.07,80.09,79.66,79.714,51114
2013-07-26 10:58:02,79.7224,79.7397,79.3287,79.3623,38693
2013-07-26 12:26:35,79.3474,79.66,79.3102,79.6,38577
2013-07-26 14:10:51,79.63600000000001,79.83,79.63600000000001,79.83,31565
2013-07-26 15:13:03,79.84,79.906,79.7,79.87,29888
2013-07-29 09:31:40,79.88,80.06,79.79,79.84,32026
2013-07-29 10:17:13,79.84,79.94,79.72,79.7387,45304
2013-07-29 11:48:10,79.7603,79.84,79.56,79.5865,558715
2013-07-29 13:17:24,79.6251,79.75,79.61,79.7155,216625
2013-07-29 14:02:08,79.7187,79.75,79.63,79.74,797421
2013-07-29 14:54:33,79.76,79.86,79.7501,79.82,39177
2013-07-29 14:57:15,79.82,79.82,79.79,79.8,49264
2013-07-29 15:11:57,79.79,79.82,79.7701,79.8032,49825
2013-07-29 15:54:15,79.8001,79.82,79.725,79.73,43239
2013-07-30 10:32:22,79.7,80.13,79.68,79.949,31449
2013-07-30 11:59:53,79.92,79.9465,79.77,79.82,32901
2013-07-30 13:22:09,79.82,79.84,79.64,79.65,66155
2013-07-30 14:16:05,79.63,79.63,79.4701,79.51,43671
2013-07-30 15:11:24,79.5255,79.7126,79.5202,79.70100000000001,30897
2013-07-31 09:34:24,79.7075,79.9272,79.67,79.9222,40804
2013-07-31 11:06:12,79.93,80.2488,79.8201,80.23,32734
2013-07-31 12:23:14,80.2399,80.24,80.1,80.123,40156
2013-07-31 14:01:27,80.111,80.111,79.8752,80.02,42636
2013-07-31 14:37:17,80.03,80.29,79.8,80.26,45925
2013-07-31 15:40:37,80.26,80.366,79.97,79.986,40521
2013-08-01 09:31:00,79.96,80.4384,79.71,80.43,60956
2013-08-01 09:56:06,80.4248,80.58,80.42,80.56,36824
2013-08-01 10:35:41,80.56,80.6999,80.51,80.62,29743
2013-08-01 11:29:58,80.6374,80.6399,80.5108,80.56,64930
2013-08-01 11:52:06,80.56,80.62,80.56,80.57,45572
2013-08-01 12:33:31,80.54,80.68,80.5299,80.6205,39017
2013-08-01 13:26:36,80.6399,80.65,80.58,80.61,56027
2013-08-01 14:10:04,80.6,80.7501,80.58,80.7501,46086
2013-08-01 14:42:39,80.76,80.79,80.73,80.79,52731
2013-08-01 15:15:22,80.79,80.79,80.71,80.71,58684
2013-08-01 15:41:47,80.71,80.8,80.6101,80.7999,40137
2013-08-01 15:59:29,80.8,80.81,80.7232,80.73,61225
2013-08-02 10:09:52,80.72,80.74,80.44,80.57,43316
2013-08-02 11:27:36,80.58,80.69,80.4901,80.5838,35868
2013-08-02 12:59:54,80.596,80.74,80.5926,80.692,36533
2013-08-02 14:36:31,80.6931,80.7399,80.6301,80.632,80660
2013-08-02 15:49:17,80.6549,80.83,80.6549,80.81,39143
2013-08-05 09:55:55,80.81,81.04,80.52,80.6786,40091
2013-08-05 11:10:01,80.68,80.8137,80.6474,80.76,41922
2013-08-05 13:09:28,80.76899999999999,80.79,80.5867,80.5867,29465
2013-08-05 14:55:07,80.58,80.6799,80.574,80.6434,35062
2013-08-06 09:42:33,80.6413,80.7,80.4017,80.43,33392
2013-08-06 10:58:46,80.4499,80.4499,80.0226,80.0457,30698
2013-08-06 12:04:23,80.0374,80.1798,79.9801,80.1798,31422
2013-08-06 14:22:52,80.178,80.256,80.0725,80.0999,30938
2013-08-06 15:25:16,80.1202,80.1894,80.0708,80.16,42103
2013-08-07 09:54:11,80.14,80.1874,79.75,79.859,36593
2013-08-07 11:21:53,79.87,79.87,79.6,79.7601,29850
2013-08-07 12:59:13,79.7662,79.8901,79.6787,79.8901,40864
2013-08-07 15:10:13,79.9,79.95,79.80199999999999,79.92,35622
2013-08-08 09:57:03,79.92,80.33,79.86,80.2238,35963
2013-08-08 11:56:58,80.2299,80.27,79.79,79.96,35846
2013-08-08 13:05:57,79.9686,80.34,79.9609,80.33,42700
2013-08-08 14:32:20,80.2855,80.37899999999999,80.21600000000001,80.3419,47710
2013-08-08 15:34:06,80.34,80.34,80.23,80.2799,38853
2013-08-09 10:01:28,80.2794,80.3388,80.0401,80.253,35182
2013-08-09 11:20:32,80.27,80.2813,79.87,79.87,49674
2013-08-09 13:05:37,79.805,80.0599,79.6802,79.986,31042
2013-08-09 14:38:00,79.9801,80.14,79.9708,80.01,37386
2013-08-09 16:00:00,79.998,80.1,79.93,79.97,42510
2013-08-12 10:24:50,79.97,79.97,79.51,79.7575,55341
2013-08-12 10:27:23,79.757,79.79,79.75,79.75,37906
2013-08-12 10:32:22,79.75,79.77,79.7,79.765,38895
2013-08-12 10:37:34,79.77,79.81,79.74,79.81,57939
2013-08-12 11:50:04,79.82,79.9098,79.798,79.806,51547
2013-08-12 13:35:58,79.7848,79.8299,79.67,79.7844,38993
2013-08-12 14:42:53,79.7844,79.7844,79.65,79.69800000000001,50047
2013-08-12 15:23:35,79.6645,79.81,79.6645,79.81,91306
2013-08-12 15:58:29,79.8,79.86,79.7701,79.79,122172
2013-08-13 09:52:03,79.79,79.99,79.78,79.87,132928
2013-08-13 10:01:43,79.87,79.87,79.7414,79.7414,103930
2013-08-13 10:49:11,79.7674,79.7674,79.535,79.6739,52191
2013-08-13 11:55:42,79.67,79.8298,79.56,79.7752,51826
2013-08-13 13:12:23,79.7616,80.0962,79.7406,80.07,40803
2013-08-13 14:38:06,80.08,80.18,79.97,79.97,35916
2013-08-13 16:00:00,79.97,80.08,79.955,79.97,33209
2013-08-14 11:08:23,79.95,80.06,79.6113,79.72,26541
2013-08-14 13:18:38,79.71,79.77199999999999,79.6249,79.706,32929
2013-08-14 15:05:17,79.7299,79.7299,79.565,79.6301,29682
2013-08-15 09:30:22,79.66,79.798,78.8625,78.95,37221
2013-08-15 10:06:46,78.95,78.95,78.64,78.68,47269
2013-08-15 11:11:39,78.6761,78.6774,78.4426,78.6774,41124
2013-08-15 12:42:04,78.676,78.81,78.64399999999999,78.7019,33460
2013-08-15 14:15:53,78.661,78.694,78.3801,78.404,43531
2013-08-15 15:04:06,78.4253,78.6899,78.41,78.54,35118
2013-08-16 09:35:05,78.5768,78.61,78.3245,78.34,34827
2013-08-16 10:25:41,78.32,78.5961,78.3,78.3682,39236
2013-08-16 11:32:05,78.4316,78.63,78.41,78.472,42633
2013-08-16 13:00:40,78.465,78.5881,78.3126,78.3299,48112
2013-08-16 14:17:36,78.3,78.316,78.0502,78.0502,32459
2013-08-16 15:19:17,78.061,78.3802,78.06,78.32,45492
2013-08-19 09:44:44,78.31,78.4209,77.95,78.1161,41011
2013-08-19 11:47:37,78.0638,78.24,77.8801,77.96,52388
2013-08-19 14:19:21,77.9474,77.964,77.684,77.82,40948
2013-08-19 14:58:37,77.8324,77.8335,77.7001,77.74,33519
2013-08-19 15:15:27,77.74,77.7799,77.66,77.715,26585
2013-08-20 09:32:35,77.74,77.75,77.53,77.65,47035
2013-08-20 10:54:50,77.62,77.943,77.4901,77.895,37360
2013-08-20 12:42:02,77.891,78.1501,77.891,78.066,50267
2013-08-20 14:27:37,78.0501,78.2,78.05,78.15,42660
2013-08-20 15:58:41,78.1526,78.17,77.98100000000001,78.0068,67129
2013-08-21 10:40:57,77.99,78.0028,77.58,77.63,44469
2013-08-21 13:08:10,77.63,77.7,77.3696,77.5661,41733
2013-08-21 14:09:53,77.5636,77.6387,77.1963,77.36,46679
2013-08-21 15:02:51,77.376,78.01,77.33,77.8164,44656
2013-08-22 09:32:59,77.8274,77.9098,77.29,77.56,44907
2013-08-22 11:09:11,77.54,78.0299,77.54,77.932,38044
2013-08-22 13:10:59,77.97,77.99,77.75,77.8209,40550
2013-08-22 15:19:03,77.83,78.01,77.76,77.911,79456
2013-08-23 09:38:20,77.9,78.27,77.9,78.16,43921
2013-08-23 10:14:56,78.16,78.2074,77.92,78.08,53779
2013-08-23 11:52:25,78.08,78.3235,78.05,78.21,35591
2013-08-23 12:11:53,78.21,78.225,78.14,78.14,122967
2013-08-23 12:29:49,78.14,78.195,78.14,78.16,104516
2013-08-23 13:18:01,78.16,78.26,78.14,78.19,93088
2013-08-23 14:31:53,78.19,78.29,78.19,78.2699,57119
2013-08-23 14:34:40,78.2601,78.2601,78.23,78.2501,21449
2013-08-23 14:37:27,78.2501,78.2701,78.25,78.26,41148
2013-08-23 14:45:17,78.26,78.271,78.247,78.26,37106
2013-08-23 15:24:23,78.26,78.2955,78.248,78.29,66211
2013-08-23 15:40:28,78.29,78.355,78.28,78.3,54708
2013-08-23 15:49:19,78.3,78.45,78.3,78.445,54927
2013-08-26 09:35:28,78.43,78.5,78.33,78.33,57132
2013-08-26 10:46:30,78.39,78.5174,78.36,78.507,50737
2013-08-26 11:53:53,78.48,78.58,78.46,78.477,45388
2013-08-26 14:15:39,78.49,78.509,78.3575,78.3713,43589
2013-08-26 15:30:37,78.3792,78.4094,77.96,78.013,51727
2013-08-27 09:40:11,78.068,78.17,77.171,77.3,47510
2013-08-27 10:36:31,77.3,77.45,77.09,77.17399999999999,43475
2013-08-27 11:51:18,77.17,77.358,77.1,77.2339,37313
2013-08-27 13:23:00,77.2,77.2768,77.04,77.06,29923
2013-08-27 14:22:53,77.0114,77.16,76.87,76.87,45763
2013-08-27 15:02:35,76.88,76.954,76.8051,76.874,174302
2013-08-27 15:36:31,76.89,76.9517,76.6801,76.735,60699
2013-08-27 15:52:33,76.73,76.8569,76.73,76.807,193021
2013-08-28 10:06:28,76.795,77.01,76.6439,76.7601,40272
2013-08-28 10:33:38,76.8114,76.9899,76.79,76.957,43682
2013-08-28 11:29:15,76.958,77.12,76.9539,77.08,63917
2013-08-28 12:26:00,77.06,77.21,77.01,77.21,39819
2013-08-28 14:40:14,77.21,77.266,77.02199999999999,77.02199999999999,44620
2013-08-28 15:39:19,77.039,77.2028,76.976,77.1402,47875
2013-08-29 09:52:54,77.1398,77.1398,76.78,77.11,47878
2013-08-29 10:47:07,77.11,77.4022,77.1,77.4022,32805
2013-08-29 12:00:34,77.4074,77.4463,77.34,77.42,28836
2013-08-29 13:34:52,77.41,77.4342,77.1601,77.17,30677
2013-08-29 15:10:48,77.17,77.298,77.1426,77.22,43400
2013-08-30 09:36:18,77.2199,77.27,76.99,77.09,40485
2013-08-30 11:21:53,77.12,77.16,76.8,76.9273,51200
2013-08-30 12:30:15,76.9273,76.94,76.76,76.8949,45528
2013-08-30 15:03:30,76.8725,76.97800000000001,76.67,76.9186,42894
2013-09-03 09:31:38,76.9522,77.71,76.65,77.69,49124
2013-09-03 10:05:12,77.65,77.75,77.4818,77.55,37566
2013-09-03 10:53:25,77.55,77.61,77.425,77.47,57961
2013-09-03 11:39:24,77.46,77.51,77.07,77.15,96791
2013-09-03 12:31:57,77.19,77.19,77.04,77.08,55210
2013-09-03 12:53:20,77.08,77.095,76.91,76.9301,35349
2013-09-03 13:46:15,76.9301,76.9822,76.8362,76.9001,33807
2013-09-03 14:23:53,76.91,77.01,76.8201,76.89,52297
2013-09-03 14:28:44,76.89,76.91,76.83,76.83,35178
2013-09-03 15:15:21,76.83,77.13,76.8,77.13,65550
2013-09-04 09:39:37,77.1001,77.195,76.941,77.03,42654
2013-09-04 10:58:22,77.03,77.52,77.03,77.52,53354
2013-09-04 12:15:24,77.52,77.77,77.51,77.7366,46139
2013-09-04 13:59:46,77.733,77.8016,77.655,77.6787,37023
2013-09-04 15:25:00,77.675,77.763,77.59,77.6249,35507
2013-09-04 15:59:57,77.6299,77.71,77.58,77.68,92946
2013-09-05 11:10:14,77.69,78.0199,77.6584,77.905,135472
2013-09-05 13:43:22,77.91,77.96,77.84,77.96,39116
2013-09-05 15:09:04,77.97,77.98,77.8774,77.896,34184
2013-09-05 16:00:00,77.8963,77.91,77.79,77.82,62352
2013-09-06 10:09:06,78.1,78.1648,77.17,77.39,42304
2013-09-06 12:03:22,77.5,78.14,77.5,78.12,68645
2013-09-06 14:41:32,78.07,78.29,77.9401,78.2274,36870
2013-09-09 09:54:22,78.21,78.27600000000001,77.78,78.27600000000001,40310
2013-09-09 11:42:38,78.252,78.3299,78.1415,78.26,75196
2013-09-09 13:54:43,78.29,78.44800000000001,78.23,78.4367,43442
2013-09-09 14:50:04,78.4232,78.62,78.4232,78.545,72320
2013-09-09 16:00:00,78.54,78.5899,78.4826,78.54,48166
2013-09-10 10:48:09,78.54,79.25,78.54,79.22,36140
2013-09-10 11:54:49,79.2199,79.25,78.96,79.021,55760
2013-09-10 13:35:00,79.033,79.19,79.01,79.1799,46199
2013-09-10 14:29:36,79.15,79.18,79.13,79.1701,50914
2013-09-10 15:25:55,79.171,79.23,79.1201,79.23,46074
2013-09-10 15:47:30,79.23,79.27,79.18,79.2,172710
2013-09-11 09:56:00,79.21,79.37,79.19,79.24600000000001,46463
2013-09-11 11:23:49,79.1799,79.3,79.116,79.27,45454
2013-09-11 13:19:47,79.2951,79.5,79.29,79.4545,32796
2013-09-11 15:01:28,79.4499,79.5599,79.4314,79.4553,33472
2013-09-11 15:56:16,79.46,79.5,79.41,79.48,32930
2013-09-12 10:30:00,79.5,79.62,79.46,79.61,31927
2013-09-12 11:54:07,79.6199,79.63,79.3802,79.39,40435
2013-09-12 13:33:21,79.4355,79.4399,79.22,79.4,26082
2013-09-12 15:06:46,79.398,79.44,79.3001,79.35600000000001,30286
2013-09-12 15:54:10,79.3387,79.34,79.164,79.2086,42818
2013-09-13 10:02:50,79.1913,79.52,79.19,79.4,73237
2013-09-13 11:20:38,79.3961,79.47,79.27,79.45,35743
2013-09-13 12:36:21,79.46,79.536,79.45,79.497,36595
2013-09-13 13:49:04,79.488,79.5,79.4453,79.4864,46459
2013-09-13 15:04:50,79.492,79.54,79.44,79.4699,53828
2013-09-13 15:58:52,79.4699,79.4782,79.3736,79.46,61003
2013-09-16 09:37:56,79.45,80.42,79.45,80.21,77887
2013-09-16 10:26:17,80.2,80.26,80.0622,80.26,43085
2013-09-16 10:58:28,80.2551,80.3,80.19,80.19,53300
2013-09-16 11:59:55,80.18,80.36,80.18,80.36,52045
2013-09-16 13:37:47,80.36,80.43,80.24,80.2499,56478
2013-09-16 14:55:11,80.218,80.2322,80.0301,80.08,56646
2013-09-16 15:41:15,80.08,80.17,79.98,80.05,63660
2013-09-17 09:34:01,80.05,80.23,79.9439,80.19,68389
2013-09-17 11:11:16,80.1939,80.3644,80.17,80.32,34716
2013-09-17 13:21:38,80.3,80.4,80.2623,80.37,52191
2013-09-17 14:52:13,80.37,80.41,80.35,80.404,43694
2013-09-17 15:58:06,80.3949,80.4099,80.31,80.3899,56719
2013-09-18 10:48:10,80.4,80.41,80.16,80.16,38852
2013-09-18 12:21:29,80.1754,80.233,80.1,80.1,42227
2013-09-18 14:00:00,80.1218,80.2885,80.0956,80.22,50259
2013-09-18 14:01:14,80.31,81.279,80.21,81.0,39015
2013-09-18 14:23:00,80.92,81.21,80.75,81.21,24424
2013-09-18 14:47:43,81.21,81.222,80.986,81.16,28109
2013-09-18 15:12:21,81.178,81.49,81.178,81.39,43812
2013-09-18 15:45:03,81.354,81.36,81.1598,81.25,32906
2013-09-19 09:43:51,81.26,81.5,81.1498,81.24,29664
2013-09-19 10:19:57,81.23100000000001,81.319,81.1457,81.1647,45852
2013-09-19 11:09:33,81.17,81.26,81.155,81.164,39549
2013-09-19 12:04:23,81.1761,81.2,81.0374,81.145,35602
2013-09-19 12:59:58,81.1401,81.17,81.01,81.01,25598
2013-09-19 13:34:55,81.015,81.04,80.92,80.94,34122
2013-09-19 14:32:48,80.94,81.0,80.87,80.9374,35099
2013-09-19 15:34:45,80.9273,81.01,80.9,80.972,46095
2013-09-20 10:00:23,80.9701,81.1,80.8,80.87,47464
2013-09-20 11:28:17,80.8645,80.873,80.67,80.68,33095
2013-09-20 13:05:17,80.67,80.7201,80.46,80.5365,47084
2013-09-20 14:28:00,80.5178,80.5264,80.3365,80.44,38728
2013-09-20 15:59:41,80.4256,80.4547,80.211,80.24,43110
2013-09-23 10:38:58,80.24,80.24,79.78,79.82,32285
2013-09-23 11:00:54,79.82,79.85,79.65,79.66,63016
2013-09-23 11:19:23,79.66,79.72,79.61,79.68,52817
2013-09-23 11:50:42,79.68,79.809,79.67,79.7501,60076
2013-09-23 13:54:14,79.76,79.9399,79.76,79.9371,43623
2013-09-23 15:12:36,79.94,79.98899999999999,79.85600000000001,79.91,44185
2013-09-24 09:32:30,79.91,79.94,79.3,79.31,185043
2013-09-24 11:01:16,79.29,79.4598,79.086,79.4598,43503
2013-09-24 12:55:59,79.4513,79.61,79.4513,79.5836,36911
2013-09-24 14:24:11,79.5874,79.69,79.5708,79.5899,55177
2013-09-24 15:59:05,79.542,79.55,79.1398,79.1398,34572
2013-09-25 10:17:24,79.14,79.2874,79.04,79.14,51252
2013-09-25 11:54:14,79.13,79.49,79.09,79.48,37238
2013-09-25 13:53:02,79.487,79.487,79.07,79.08,40574
2013-09-25 15:10:32,79.08,79.2643,79.08,79.2643,52224
2013-09-26 09:37:35,79.2943,79.43,79.1,79.42,36782
2013-09-26 11:17:14,79.42,79.5769,79.06,79.06,37195
2013-09-26 13:54:59,79.06,79.26,79.05,79.1466,31301
2013-09-26 15:49:16,79.14,79.16,78.95,79.15,39320
2013-09-27 09:31:32,79.14,79.24,78.7807,78.85,97123
2013-09-27 10:37:49,78.79,78.93,78.7126,78.906,35488
2013-09-27 11:22:19,78.8901,78.9,78.73,78.79899999999999,54083
2013-09-27 12:55:46,78.79899999999999,78.942,78.77,78.88,35181
2013-09-27 14:48:09,78.87,78.9198,78.71,78.8096,62451
2013-09-30 09:30:05,78.8084,78.9,78.0,78.08,44684
2013-09-30 10:07:34,78.0801,78.28,77.9701,78.2322,32786
2013-09-30 11:17:49,78.214,78.4399,78.1701,78.29,41334
2013-09-30 12:59:53,78.288,78.44,78.288,78.36,42606
2013-09-30 14:37:23,78.3625,78.56,78.33,78.5,41027
2013-09-30 15:36:01,78.53,78.5391,78.193,78.193,34418
2013-09-30 15:59:39,78.2,78.35,78.15,78.31,97199
2013-10-01 09:38:56,78.32,78.615,78.29,78.6,96222
2013-10-01 09:40:43,78.59100000000001,78.6,78.55,78.58,37739
2013-10-01 09:40:50,78.58,78.59,78.57,78.57,34719
2013-10-01 09:41:01,78.57,78.58,78.56,78.56,27231
2013-10-01 09:44:21,78.56,78.6,78.54,78.58,40004
2013-10-01 10:12:00,78.57,78.59,78.44,78.59,46568
2013-10-01 10:48:18,78.584,78.82,78.4603,78.805,38521
2013-10-01 11:12:55,78.7926,78.8701,78.7526,78.8298,34208
2013-10-01 11:29:52,78.8201,78.852,78.76,78.78,34593
2013-10-01 11:54:44,78.79,78.93,78.7801,78.88,32396
2013-10-01 12:31:41,78.88,78.95,78.84,78.9047,123247
2013-10-01 13:51:45,78.91,78.91,78.76100000000001,78.824,39947
2013-10-01 14:37:34,78.8287,78.8287,78.615,78.63,41542
2013-10-01 14:55:32,78.63,78.699,78.62,78.69,40026
2013-10-01 15:16:15,78.69,78.73,78.6,78.665,39858
2013-10-01 15:44:39,78.6253,78.72,78.5907,78.68,40807
2013-10-02 09:29:34,78.68,78.86,78.32,78.32,44997
2013-10-02 09:43:42,78.38,78.51,78.34,78.38,49072
2013-10-02 10:51:51,78.36,78.4339,78.1999,78.26,39927
2013-10-02 11:39:14,78.2887,78.57,78.2601,78.5,33936
2013-10-02 12:47:25,78.49,78.73100000000001,78.46,78.7101,91710
2013-10-02 13:50:54,78.7,78.8198,78.68,78.79,40902
2013-10-02 14:59:38,78.7751,78.78,78.59,78.64,31087
2013-10-02 15:56:29,78.63,78.756,78.6,78.74,50939
2013-10-03 09:40:38,78.74,78.83,78.47,78.48,43970
2013-10-03 10:42:24,78.5,78.508,78.1,78.14,37465
2013-10-03 11:43:26,78.15,78.18,77.94,77.94,47498
2013-10-03 12:57:09,77.94,78.0976,77.7886,78.092,50240
2013-10-03 14:18:30,78.108,78.372,78.09,78.27,49675
2013-10-03 15:06:35,78.28,78.35,78.0,78.2738,45070
2013-10-03 15:58:34,78.2399,78.3251,78.11,78.11,42284
2013-10-04 10:41:11,78.12,78.57,78.08,78.5074,36661
2013-10-04 12:21:52,78.49,78.57,78.3,78.568,39889
2013-10-04 14:19:42,78.6101,78.7,78.5901,78.6845,33668
2013-10-04 15:45:44,78.6799,78.778,78.6045,78.67,31281
2013-10-07 10:01:39,78.67,78.747,77.9365,78.1,58734
2013-10-07 11:30:40,78.1251,78.413,78.1251,78.33,42981
2013-10-07 13:34:11,78.32,78.4626,78.25,78.3725,28283
2013-10-07 15:24:02,78.3725,78.52,78.31,78.3536,42366
2013-10-07 15:59:39,78.3216,78.33,78.1,78.1,52376
2013-10-08 10:02:10,78.1,78.21,77.94,78.0835,40800
2013-10-08 11:09:58,78.11,78.2,77.782,77.9142,42317
2013-10-08 12:26:30,77.9213,77.9226,77.62,77.62,50797
2013-10-08 13:36:54,77.6392,77.7887,77.56,77.6349,48433
2013-10-08 14:30:03,77.6372,77.65,77.43,77.5923,30756
2013-10-08 15:09:03,77.6061,77.6201,77.47,77.53,29075
2013-10-08 15:47:54,77.5,77.6721,77.45,77.45,41076
2013-10-09 09:44:41,77.442,77.51,77.27,77.4,75107
2013-10-09 10:53:48,77.4041,77.52,77.28,77.28,37231
2013-10-09 12:00:18,77.28,77.37,77.03,77.37,40602
2013-10-09 13:49:51,77.37,77.71,77.282,77.6058,31796
2013-10-09 14:27:54,77.62,77.74,77.56,77.58,33098
2013-10-09 15:23:03,77.59,77.79,77.59,77.696,33389
2013-10-09 15:52:30,77.6929,77.76,77.41,77.5,37926
2013-10-10 09:43:58,77.5,78.48,77.47,78.42,41253
2013-10-10 10:52:31,78.4213,78.6599,78.3899,78.64,31634
2013-10-10 11:47:12,78.65,78.78,78.4,78.7772,37382
2013-10-10 13:29:38,78.77,78.83,78.711,78.74,29553
2013-10-10 14:52:53,78.74,78.8399,78.691,78.76,33071
2013-10-10 15:12:40,78.76,79.1147,78.755,79.1147,28284
2013-10-10 15:52:26,79.15,79.19,79.0091,79.025,29724
2013-10-11 10:15:42,79.02199999999999,79.36,78.971,79.34,42312
2013-10-11 11:44:15,79.33,79.46,79.1,79.4499,27517
2013-10-11 13:03:42,79.44,79.7,79.44,79.62,27121
2013-10-11 14:48:20,79.62,79.71,79.53699999999999,79.63,29280
2013-10-11 15:59:22,79.63,79.67,79.4661,79.67,36887
2013-10-14 10:30:13,79.67,79.7,78.59,79.25,54331
2013-10-14 12:55:36,79.2301,79.54,79.15,79.5299,25950
2013-10-14 14:46:50,79.52,79.9051,79.509,79.76,44060
2013-10-14 16:00:00,79.77,79.95,79.75,79.93,46398
2013-10-15 10:04:21,79.93,79.93,79.46,79.65,32269
2013-10-15 11:12:41,79.65,79.9,79.61,79.868,36482
2013-10-15 12:40:58,79.847,80.01,79.68,79.7201,50830
2013-10-15 14:26:34,79.74,79.79,79.48,79.5,38116
2013-10-15 15:00:42,79.5,79.51,79.21,79.51,40277
2013-10-15 15:55:38,79.48,79.62,79.32,79.4036,27900
2013-10-16 10:15:07,79.39,80.32,79.29,80.24,40290
2013-10-16 11:23:27,80.27,80.45,80.14,80.3201,35330
2013-10-16 12:30:56,80.35,80.47,80.24,80.24,33824
2013-10-16 13:56:06,80.28,80.41,80.229,80.32600000000001,40422
2013-10-16 15:07:41,80.33,80.33,80.12,80.2,35557
2013-10-16 15:53:17,80.19,80.4,80.1801,80.3951,35050
2013-10-17 10:00:40,80.39699999999999,80.4601,80.105,80.2399,39324
2013-10-17 11:25:48,80.2399,80.5599,80.22,80.5099,35699
2013-10-17 13:29:36,80.53,80.8302,80.53,80.7001,33192
2013-10-17 15:13:16,80.7302,80.81,80.6501,80.8,37031
2013-10-17 15:30:53,80.81,80.828,80.765,80.795,267585
2013-10-17 15:58:59,80.82,81.01,80.82,80.99,41013
2013-10-18 10:11:03,80.99,81.33,80.945,81.1999,40399
2013-10-18 10:53:31,81.2098,81.2098,80.97800000000001,81.05,36814
2013-10-18 11:49:30,81.05,81.24,81.04,81.212,29209
2013-10-18 12:41:58,81.21,81.24,81.12100000000001,81.24,46623
2013-10-18 13:58:22,81.2401,81.37,81.19,81.36,32212
2013-10-18 14:59:19,81.35,81.41,81.29,81.33,37064
2013-10-21 09:30:50,81.33,81.3999,81.241,81.3999,33289
2013-10-21 10:17:01,81.4,81.5,81.3199,81.3999,37037
2013-10-21 11:54:57,81.37,81.4,81.21,81.26,24158
2013-10-21 14:15:44,81.2778,81.3826,81.2778,81.298,29978
2013-10-21 15:26:02,81.29899999999999,81.3055,81.1899,81.2955,42713
2013-10-22 09:51:17,81.29,81.69,81.24,81.69,34919
2013-10-22 10:14:57,81.7485,82.0,81.7485,81.9899,25473
2013-10-22 10:51:26,81.99,82.07,81.79,81.81,23941
2013-10-22 11:23:12,81.76,81.78,81.5802,81.685,25341
2013-10-22 12:15:45,81.685,81.82,81.6199,81.71,38410
2013-10-22 12:43:05,81.71,81.75,81.67,81.7,77459
2013-10-22 13:37:47,81.7,81.794,81.66,81.792,37278
2013-10-22 14:22:22,81.794,81.9,81.794,81.815,71482
2013-10-22 15:01:51,81.79,81.96,81.78,81.9451,47356
2013-10-22 15:47:45,81.93,82.01,81.88,81.88,43366
2013-10-23 09:37:26,81.87,81.9099,81.43,81.49,92736
2013-10-23 10:36:23,81.494,81.5056,81.22,81.314,42977
2013-10-23 12:08:21,81.3399,81.47,81.14,81.34,28364
2013-10-23 14:12:27,81.34,81.41,81.22,81.3599,37805
2013-10-23 15:21:53,81.37,81.5,81.308,81.331,29642
2013-10-24 09:34:30,81.3201,81.58,81.29,81.48,32889
2013-10-24 10:33:25,81.51,81.51,81.25,81.3,40855
2013-10-24 12:25:50,81.29,81.4902,81.29,81.4772,31648
2013-10-24 14:01:35,81.4701,81.53,81.3601,81.4899,40354
2013-10-24 15:13:58,81.484,81.65,81.4501,81.61,41771
2013-10-24 15:55:48,81.60300000000001,81.63,81.5147,81.568,31171
2013-10-25 10:27:02,81.59,81.87,81.54,81.61,40053
2013-10-25 11:31:09,81.6,81.76,81.55,81.74,32299
2013-10-25 13:37:02,81.7699,81.7699,81.6199,81.6601,38669
2013-10-25 15:02:32,81.6922,81.79,81.6601,81.74,44223
2013-10-28 09:39:32,81.74,81.95,81.7001,81.86,32729
2013-10-28 10:35:17,81.84,82.0352,81.82,81.95,35624
2013-10-28 11:55:22,81.95200000000001,82.01,81.83,82.01,38713
2013-10-28 13:27:52,82.01,82.08,81.977,82.0401,32218
2013-10-28 14:48:41,82.0599,82.13,81.9999,82.11,31419
2013-10-28 15:53:02,82.11,82.12,81.89,81.95,33944
2013-10-29 10:08:12,81.95,82.3,81.9101,82.21,48895
2013-10-29 10:44:55,82.2,82.33,82.19,82.26,29434
2013-10-29 11:47:02,82.26,82.3,82.2,82.23,32295
2013-10-29 13:02:57,82.23,82.4,82.23,82.3614,34808
2013-10-29 14:26:11,82.37700000000001,82.42,82.31,82.3701,28643
2013-10-29 15:43:58,82.38,82.4197,82.31,82.382,31357
2013-10-30 09:33:34,82.39,82.69,82.39,82.682,50616
2013-10-30 10:19:28,82.7,82.71,82.47,82.47,27462
2013-10-30 11:16:51,82.47,82.57,82.45,82.45,36890
2013-10-30 12:27:43,82.44,82.45,82.23,82.2701,31207
2013-10-30 14:05:12,82.3201,82.41,82.13,82.334,32172
2013-10-30 14:33:57,82.36,82.42,81.8,82.05,43327
2013-10-30 14:55:32,82.03,82.0699,81.89,81.98,42433
2013-10-30 15:43:28,82.04,82.21600000000001,82.031,82.16,31647
2013-10-31 09:47:55,82.154,82.2103,81.95,82.1699,29999
2013-10-31 10:49:23,82.13,82.14,81.68,81.844,46169
2013-10-31 11:44:41,81.8515,82.05,81.8,82.01,53641
2013-10-31 12:58:18,82.0299,82.1199,81.92,82.04,51785
2013-10-31 14:19:29,82.04,82.259,82.01899999999999,82.259,32070
2013-10-31 15:26:05,82.2501,82.3,81.9795,82.0663,40245
2013-10-31 15:56:12,82.0663,82.0663,81.86,81.87,51013
2013-11-01 10:17:30,81.86,82.14,81.75,81.84,46494
2013-11-01 11:04:09,81.8,81.9465,81.79,81.84,25768
2013-11-01 11:51:15,81.84,81.84,81.5801,81.714,38748
2013-11-01 13:13:15,81.72,81.73,81.54,81.6101,29282
2013-11-01 14:11:17,81.63,81.9299,81.595,81.87100000000001,39185
2013-11-01 15:39:35,81.86,81.985,81.8101,81.955,36282
2013-11-04 09:35:29,81.97399999999999,82.37,81.97399999999999,82.25,144145
2013-11-04 10:28:49,82.1821,82.21,82.06,82.14,45877
2013-11-04 11:11:04,82.1499,82.23899999999999,82.0,82.0,73935
2013-11-04 13:04:58,82.0416,82.176,82.0186,82.116,41258
2013-11-04 15:12:41,82.1499,82.31,82.1301,82.2399,38515
2013-11-04 15:59:53,82.2399,82.3886,82.2201,82.35,29291
2013-11-05 10:21:19,82.35,82.36,81.8,81.93,43510
2013-11-05 11:45:30,81.93,82.1863,81.9207,82.17,31854
2013-11-05 14:06:52,82.17,82.3199,82.1401,82.1699,35354
2013-11-05 15:39:17,82.1399,82.2601,82.126,82.17,36991
2013-11-06 09:41:38,82.17,82.4999,82.04,82.41,48196
2013-11-06 10:29:25,82.41,82.64,82.4,82.5099,36464
2013-11-06 11:20:45,82.5099,82.5099,82.29,82.37,51527
2013-11-06 12:38:24,82.38,82.5352,82.38,82.5352,42190
2013-11-06 14:52:21,82.53,82.5799,82.46,82.55,33400
2013-11-06 15:59:30,82.5569,82.5799,82.45,82.56,43270
2013-11-07 09:46:55,82.56,82.8099,82.5,82.77,46109
2013-11-07 11:03:27,82.75,82.78,82.23,82.23,46371
2013-11-07 12:34:20,82.336,82.4535,82.0399,82.3799,38576
2013-11-07 14:04:26,82.36,82.3899,81.7701,81.8,37192
2013-11-07 15:29:20,81.8097,81.9499,81.69,81.69,42533
2013-11-08 09:33:29,81.641,81.7699,81.57,81.73,50765
2013-11-08 10:08:28,81.7499,81.96,81.68,81.8299,38470
2013-11-08 10:55:14,81.857,82.3,81.8524,82.3,57617
2013-11-08 12:27:55,82.3,82.34,82.2,82.325,45680
2013-11-08 14:02:28,82.3299,82.4899,82.266,82.4198,45815
2013-11-08 14:47:12,82.415,82.5,82.4,82.49,30661
2013-11-08 15:27:07,82.4951,82.51,82.3701,82.46,39536
2013-11-08 15:50:00,82.46,82.65,82.45,82.64,33920
2013-11-08 15:59:06,82.64,82.73,82.62,82.73,30216
2013-11-11 10:31:59,82.7,82.88,82.6601,82.8,30218
2013-11-11 11:37:47,82.8075,82.8802,82.77,82.81,25650
2013-11-11 13:44:15,82.81,82.86,82.7701,82.8288,44877
2013-11-11 15:49:41,82.8599,82.87,82.81,82.82,30592
2013-11-12 10:48:08,82.818,82.88,82.57,82.7,41599
2013-11-12 12:06:39,82.67200000000001,82.694,82.4155,82.4155,42117
2013-11-12 13:03:35,82.41,82.46,82.3501,82.405,43168
2013-11-12 14:33:14,82.4099,82.47,82.259,82.29,48004
2013-11-12 15:59:19,82.324,82.5499,82.324,82.51,46777
2013-11-13 10:24:14,82.53,82.53,82.07,82.3499,32003
2013-11-13 11:31:35,82.3398,82.48,82.3368,82.4201,39259
2013-11-13 13:22:46,82.4201,82.71,82.36399999999999,82.6933,52322
2013-11-13 14:50:02,82.6986,82.89,82.6901,82.75,40540
2013-11-13 15:46:57,82.73,83.02,82.73,83.02,31209
2013-11-14 09:33:59,83.02,83.171,83.02,83.17,31119
2013-11-14 10:39:47,83.1799,83.2299,82.9803,83.22,34435
2013-11-14 11:07:04,83.22,83.33,83.19,83.33,29911
2013-11-14 11:57:38,83.33,83.46,83.28,83.39,25071
2013-11-14 13:30:35,83.39,83.426,83.3139,83.39,33603
2013-11-14 14:25:37,83.4099,83.47,83.36,83.47,48090
2013-11-14 14:53:50,83.47,83.48,83.39,83.39,38347
2013-11-14 15:21:43,83.41,83.53,83.41,83.49,43690
2013-11-15 09:34:30,83.46,83.66,83.4501,83.57,31623
2013-11-15 10:16:09,83.57,83.65,83.52,83.6,28733
2013-11-15 11:25:04,83.6068,83.69,83.56,83.65899999999999,23464
2013-11-15 12:08:20,83.67,83.69,83.51,83.561,127830
2013-11-15 13:54:54,83.57,83.7,83.54,83.66,36057
2013-11-15 15:12:17,83.6699,83.7799,83.64200000000001,83.7799,35313
2013-11-15 15:59:45,83.76,83.8451,83.75,83.83,28948
2013-11-18 10:18:39,83.83,84.0499,83.7701,83.8799,32625
2013-11-18 11:02:08,83.8799,84.0,83.8799,83.99,24829
2013-11-18 11:40:18,83.99,84.07,83.9368,83.9368,28499
2013-11-18 12:50:57,83.91,84.00299999999999,83.88,83.8801,35679
2013-11-18 14:19:26,83.88,84.01,83.88,83.99,32380
2013-11-18 15:12:32,83.9927,84.024,83.6499,83.65,33292
2013-11-18 15:42:15,83.64,83.661,83.47,83.6098,36519
2013-11-19 09:42:56,83.61,83.69,83.48,83.48,29997
2013-11-19 11:06:04,83.49,83.89,83.44,83.78,37420
2013-11-19 12:24:52,83.79,83.8,83.539,83.78,34603
2013-11-19 13:48:13,83.78,83.78,83.4,83.4548,38342
2013-11-19 14:53:00,83.46,83.6301,83.39,83.5501,37651
2013-11-19 15:47:39,83.566,83.7,83.4726,83.4726,54303
2013-11-20 10:10:27,83.4813,83.74,83.47,83.6801,40495
2013-11-20 10:58:46,83.6999,83.93,83.61,83.68,33286
2013-11-20 12:14:53,83.68,83.74,83.6335,83.71,36782
2013-11-20 14:00:05,83.73,83.757,83.52,83.54,30738
2013-11-20 14:21:55,83.54,83.64,83.3201,83.47,42119
2013-11-20 15:06:13,83.47,83.53,83.15,83.21,32405
2013-11-20 15:30:47,83.21,83.2468,83.06,83.2,32430
2013-11-20 15:51:46,83.2,83.29700000000001,83.1101,83.22,28111
2013-11-21 10:04:19,83.22,83.699,83.185,83.6,34918
2013-11-21 11:43:32,83.605,83.9115,83.6,83.85,31928
2013-11-21 12:58:37,83.84,83.91,83.7901,83.7901,39106
2013-11-21 14:40:51,83.7801,84.0399,83.7801,83.9199,47731
2013-11-21 15:39:10,83.92,84.01,83.92,83.9699,44906
2013-11-22 09:50:54,83.958,84.38,83.66,83.91,31923
2013-11-22 11:35:05,83.91,84.1,83.88,84.1,31816
2013-11-22 12:30:21,84.06,84.21,84.06,84.17,42949
2013-11-22 13:09:32,84.17,84.22,84.15,84.2,48268
2013-11-22 13:57:48,84.21,84.22,84.1214,84.1214,24671
2013-11-22 14:43:46,84.12,84.28,84.12,84.25,33199
2013-11-22 15:19:34,84.2697,84.35,84.25,84.34,27889
2013-11-22 15:59:45,84.35,84.38,84.29,84.37,28369
2013-11-25 10:36:26,84.36,84.54,84.34,84.38799999999999,33441
2013-11-25 11:59:36,84.41,84.44200000000001,84.35,84.42,33279
2013-11-25 13:52:55,84.42,84.42,84.3199,84.39,34037
2013-11-25 15:19:27,84.3859,84.4301,84.1601,84.176,31063
2013-11-26 09:31:31,84.18,84.27,84.0854,84.2001,36867
2013-11-26 11:17:19,84.26,84.307,84.08,84.24,42252
2013-11-26 13:01:46,84.2473,84.25,84.1148,84.23,39806
2013-11-26 14:48:27,84.2101,84.3199,84.2001,84.2604,37863
2013-11-26 15:45:22,84.28,84.3099,84.2,84.2,56096
2013-11-27 10:02:28,84.16,84.3,84.05,84.1999,32317
2013-11-27 11:20:45,84.2,84.27,84.17,84.258,39167
2013-11-27 12:59:14,84.2625,84.2699,84.03,84.03,43160
2013-11-27 14:32:42,84.02,84.15,83.9845,84.14,38251
2013-11-29 09:45:31,84.14,84.39,84.14,84.31,24287
2013-11-29 10:41:00,84.2893,84.48,84.28,84.44,22975
2013-11-29 11:28:21,84.4299,84.435,84.37,84.4,672389
2013-11-29 12:42:12,84.39,84.39,84.25,84.28,254296
2013-11-29 13:00:00,84.28,84.29,83.98,84.05,64998
2013-12-02 09:53:43,84.05,84.1,83.83,83.93,55907
2013-12-02 10:27:56,83.92,84.08,83.89,84.05,39584
2013-12-02 11:37:39,84.0401,84.15,84.03,84.1001,24770
2013-12-02 12:56:32,84.1,84.2799,84.08,84.27,39880
2013-12-02 14:06:25,84.2699,84.2699,84.09,84.1,29669
2013-12-02 15:03:35,84.1,84.1099,83.969,84.035,38394
2013-12-02 15:50:51,84.0301,84.05799999999999,83.795,83.81,36274
2013-12-03 09:30:04,83.79899999999999,83.83,83.53,83.54,37510
2013-12-03 10:24:55,83.54,83.765,83.5,83.7199,33755
2013-12-03 11:31:27,83.7199,83.7656,83.45,83.4601,52919
2013-12-03 12:54:49,83.4808,83.52,83.3401,83.4799,48862
2013-12-03 14:07:17,83.4662,83.4699,83.2601,83.27,42182
2013-12-03 15:11:59,83.27,83.4476,83.178,83.3513,35550
2013-12-04 09:33:56,83.3899,83.5501,83.13,83.17,47085
2013-12-04 10:30:17,83.11,83.82,83.11,83.785,32379
2013-12-04 11:42:22,83.7901,83.7901,83.59,83.616,36995
2013-12-04 12:32:07,83.62,83.64,83.28,83.32,45273
2013-12-04 13:25:09,83.3399,83.42,83.0,83.04,32946
2013-12-04 13:33:01,83.02,83.02,82.82,82.9,33262
2013-12-04 14:01:16,82.9,83.03,82.9,83.02,47769
2013-12-04 14:31:50,83.02,83.24,83.02,83.23,31853
2013-12-04 15:24:14,83.241,83.439,83.19,83.38,30144
2013-12-04 16:00:00,83.38,83.6,83.3754,83.45,28615
2013-12-05 10:28:00,83.45,83.45,83.03,83.0877,31506
2013-12-05 11:07:23,83.1,83.15,82.9,83.02,38151
2013-12-05 12:03:28,83.0199,83.11,82.89200000000001,83.11,34917
2013-12-05 13:38:37,83.1099,83.1768,82.956,83.0,42727
2013-12-05 14:44:47,83.0,83.035,82.8201,82.95,30086
2013-12-05 15:38:43,82.95,82.98,82.81200000000001,82.95,43215
2013-12-06 09:36:09,82.95,83.78,82.79,83.71,33568
2013-12-06 10:22:38,83.72,83.75,83.5501,83.6801,33636
2013-12-06 11:36:04,83.711,83.711,83.5001,83.678,45151
2013-12-06 13:14:19,83.69,83.829,83.63600000000001,83.78,43784
2013-12-06 14:50:42,83.8001,83.9,83.7701,83.84,41264
2013-12-06 15:32:06,83.845,83.845,83.73,83.77,38279
2013-12-09 09:38:38,83.77,84.13,83.67,84.1,32044
2013-12-09 11:19:22,84.1,84.21,84.0,84.1102,39145
2013-12-09 13:24:29,84.13600000000001,84.2299,84.109,84.219,38878
2013-12-09 15:22:38,84.2437,84.25,84.05,84.1088,39648
2013-12-09 15:59:57,84.0826,84.11,84.0201,84.11,63288
2013-12-10 10:29:50,84.11,84.12,83.88,84.0101,50971
2013-12-10 11:49:05,84.03,84.095,83.9,83.916,39100
2013-12-10 13:55:39,83.93,83.96600000000001,83.795,83.795,31095
2013-12-10 15:39:12,83.8158,83.9699,83.81200000000001,83.8608,40041
2013-12-11 10:25:08,83.89,83.8999,83.266,83.27,28880
2013-12-11 12:07:49,83.21,83.271,83.05,83.05,38209
2013-12-11 13:49:18,83.0468,83.18,82.94,83.175,34916
2013-12-11 15:19:22,83.18,83.211,82.85,82.8579,38155
2013-12-11 15:55:13,82.8532,82.88,82.64,82.64,41073
2013-12-12 10:00:00,82.67,82.80799999999999,82.5901,82.63,36903
2013-12-12 10:53:08,82.63,82.678,82.46,82.58,39077
2013-12-12 12:16:14,82.6,82.7299,82.49,82.5,30167
2013-12-12 13:36:08,82.5,82.5826,82.32,82.5499,834826
2013-12-12 14:41:12,82.55,82.79,82.54,82.7,41749
2013-12-12 15:44:20,82.7,82.8398,82.63,82.65,39416
2013-12-13 10:17:07,82.63,82.7199,82.4675,82.4932,36148
2013-12-13 11:33:42,82.49,82.5299,82.33,82.44,54998
2013-12-13 13:56:40,82.44,82.7002,82.42,82.63,34625
2013-12-13 15:42:06,82.6,82.69,82.383,82.5862,31383
2013-12-16 09:35:14,82.63799999999999,83.2,82.5,83.2,41169
2013-12-16 10:40:01,83.24600000000001,83.28,83.06,83.069,32692
2013-12-16 12:37:03,83.0676,83.13,83.01,83.08,25305
2013-12-16 14:39:42,83.09,83.191,82.94200000000001,83.1372,28977
2013-12-16 15:46:27,83.13,83.17,83.0632,83.1301,40753
2013-12-17 10:10:54,83.1366,83.15,82.81,82.93299999999999,50797
2013-12-17 11:03:19,82.87,82.9599,82.6499,82.6502,47337
2013-12-17 12:55:25,82.65,82.81,82.61,82.78,34527
2013-12-17 14:48:13,82.785,82.9249,82.7001,82.8301,31379
2013-12-18 09:30:00,82.84,82.8799,82.73,82.86,35786
2013-12-18 10:51:43,82.84,82.93,82.76,82.76,35763
2013-12-18 12:39:29,82.73,82.84,82.65,82.71,34502
2013-12-18 13:59:09,82.7,82.8,82.46,82.8,46595
2013-12-18 14:01:28,82.8,82.81,82.17,82.45,41138
2013-12-18 14:05:49,82.44,83.19,82.42,83.16,31918
2013-12-18 14:19:51,83.16,83.44,83.11,83.17,33814
2013-12-18 14:37:49,83.17,83.62899999999999,83.17,83.62,36627
2013-12-18 15:11:17,83.61,83.82,83.52,83.81,49254
2013-12-18 15:33:29,83.81,83.99,83.77,83.8,58777
2013-12-19 09:30:04,83.81,84.16,83.802,83.85,48631
2013-12-19 10:18:17,83.85,83.92,83.67200000000001,83.67200000000001,30698
2013-12-19 11:43:52,83.6818,83.98,83.6818,83.96,35171
2013-12-19 13:28:10,83.9599,84.1,83.94,84.0961,49257
2013-12-19 15:12:24,84.08,84.11,83.96,84.0501,34690
2013-12-19 15:59:45,84.0899,84.1243,83.98,84.09,50732
2013-12-20 10:12:58,84.09,84.405,84.06,84.34,38165
2013-12-20 11:30:53,84.3397,84.439,84.2601,84.43,37043
2013-12-20 12:28:52,84.44,84.59,84.44,84.5799,30871
2013-12-20 13:30:57,84.57,84.6199,84.5501,84.5963,68259
2013-12-20 14:20:13,84.5845,84.68,84.565,84.67,48778
2013-12-20 15:05:41,84.68,84.68,84.5545,84.56,43558
2013-12-20 15:25:19,84.56,84.63,84.55,84.5699,55734
2013-12-20 15:49:03,84.5534,84.58,84.4801,84.53,56474
2013-12-20 15:56:44,84.53,84.545,84.46,84.505,34073
2013-12-20 15:59:58,84.5,84.5199,84.45,84.51,60719
2013-12-23 10:16:49,84.49,84.51,84.256,84.3299,157219
2013-12-23 12:02:32,84.3297,84.46,84.28,84.4073,33565
2013-12-23 13:58:22,84.41,84.4752,84.2801,84.32,42630
2013-12-23 15:38:59,84.32,84.4,84.28,84.38600000000001,43362
2013-12-24 09:38:51,84.3851,84.46,84.31,84.45,47805
2013-12-24 10:48:15,84.4447,84.61,84.42,84.6,35995
2013-12-24 12:27:04,84.59899999999999,84.67,84.5801,84.64,43852
2013-12-26 09:49:51,84.65,84.9,84.6101,84.86,33437
2013-12-26 10:40:46,84.86,84.92,84.83,84.9,26791
2013-12-26 11:54:18,84.9,84.9451,84.85,84.93,33125
2013-12-26 13:24:15,84.93,85.03,84.88,85.01899999999999,26827
2013-12-26 14:19:46,85.01,85.09,85.0,85.0699,23904
2013-12-26 15:20:20,85.05,85.102,85.038,85.084,25394
2013-12-27 09:45:53,85.09,85.2599,85.05,85.2,28907
2013-12-27 10:34:58,85.2099,85.28,85.15,85.15,26895
2013-12-27 11:37:38,85.16,85.19,85.0601,85.14,54775
2013-12-27 14:04:07,85.16,85.1992,85.12,85.1701,35350
2013-12-30 09:41:13,85.1601,85.296,85.16,85.23,30273
2013-12-30 11:05:45,85.25,85.255,85.14,85.1639,39204
2013-12-30 12:29:19,85.17,85.22,85.105,85.1074,44597
2013-12-30 13:56:36,85.1199,85.1499,85.08,85.1299,40293
2013-12-30 15:01:18,85.1284,85.19,85.1155,85.1701,30788
2013-12-31 09:40:10,85.17,85.31,85.11,85.25,49007
2013-12-31 10:20:17,85.25,85.3999,85.22,85.35,28724
2013-12-31 11:12:09,85.38,85.47,85.32,85.47,29829
2013-12-31 12:14:30,85.47,85.48,85.4,85.4199,34545
2013-12-31 13:32:45,85.42,85.44,85.3404,85.38,28637
2013-12-31 15:07:27,85.39,85.3901,85.2,85.22,27795
2013-12-31 15:48:02,85.2099,85.54,85.1901,85.51,34313
2013-12-31 15:59:57,85.51,85.52,85.36,85.46,25244
2014-01-02 10:00:42,85.44,85.46,84.96,85.12,191340
2014-01-02 10:33:06,85.1199,85.13,84.9399,84.99,25527
2014-01-02 11:31:22,84.99,85.0716,84.9301,84.94,40710
2014-01-02 12:17:45,84.94,84.9598,84.72,84.79,26793
2014-01-02 13:02:17,84.789,84.805,84.67,84.805,26909
2014-01-02 13:42:53,84.805,84.815,84.71,84.7288,34617
2014-01-02 14:36:30,84.75399999999999,84.84,84.5951,84.694,37172
2014-01-02 15:42:48,84.7,84.87,84.679,84.7401,26608
2014-01-03 10:01:00,84.7502,85.0342,84.72,85.02,47322
2014-01-03 10:57:36,85.02,85.06,84.9601,85.0,75316
2014-01-03 12:11:46,84.9924,85.035,84.7,84.77,36365
2014-01-03 13:30:25,84.76899999999999,84.866,84.74799999999999,84.7768,30153
2014-01-03 15:06:51,84.74600000000001,85.03,84.7398,84.9784,36436
2014-01-03 15:58:03,84.97,85.0999,84.855,84.8784,35762
2014-01-06 10:45:46,84.87,85.19,84.81,84.916,34027
2014-01-06 11:33:02,84.8901,84.95,84.61,84.69,96420
2014-01-06 12:29:39,84.697,84.736,84.637,84.67,28760
2014-01-06 13:50:25,84.67,84.75,84.6,84.71,40381
2014-01-06 14:37:16,84.7299,84.89,84.7267,84.8601,36049
2014-01-06 15:40:29,84.8605,84.91,84.74,84.77,36009
2014-01-07 10:06:14,84.7399,85.1699,84.68,85.12,43768
2014-01-07 11:39:13,85.115,85.24,85.0966,85.1138,34552
2014-01-07 13:41:41,85.1101,85.1351,85.0501,85.13,46285
2014-01-07 14:39:32,85.14,85.15,84.9474,85.09,36353
2014-01-07 15:40:10,85.086,85.1699,85.0432,85.11,42811
2014-01-08 09:50:04,85.12,85.16,84.792,84.82,39244
2014-01-08 10:44:37,84.8299,85.07,84.7701,84.9656,35121
2014-01-08 12:00:57,84.965,85.0123,84.88,84.9801,36148
2014-01-08 13:40:19,84.99,84.99,84.83,84.9163,32446
2014-01-08 14:20:40,84.9301,85.01,84.7801,84.939,43256
2014-01-08 15:53:47,84.95,84.97,84.704,84.92,40732
2014-01-09 10:43:05,84.92,85.23,84.91,84.94,39514
2014-01-09 12:02:21,84.9,84.9,84.66,84.8099,52453
2014-01-09 13:40:36,84.8,84.99,84.8,84.89,43882
2014-01-09 15:29:59,84.89,85.08,84.7501,85.07799999999999,34026
2014-01-10 10:10:01,85.085,85.2499,84.83,84.88,37079
2014-01-10 11:32:54,84.88,84.99,84.8,84.84100000000001,36929
2014-01-10 12:41:59,84.83,84.9845,84.7601,84.9845,46806
2014-01-10 14:24:21,85.01,85.052,84.9301,84.9894,38876
2014-01-10 15:42:32,84.9888,85.22,84.98,85.22,39323
2014-01-13 10:36:21,85.22,85.22,85.01,85.22,45436
2014-01-13 12:10:49,85.22,85.22,84.95,84.9601,40132
2014-01-13 13:21:38,84.96,85.0162,84.5,84.56,34278
2014-01-13 14:21:41,84.56,84.65,84.48,84.536,37737
2014-01-13 14:54:34,84.5375,84.5375,84.3,84.36,39902
2014-01-13 15:45:18,84.36,84.3801,84.0901,84.11,42042
2014-01-14 09:36:36,84.11,84.59,84.0826,84.52,45607
2014-01-14 11:02:58,84.53,84.6401,84.31,84.631,41613
2014-01-14 12:48:06,84.6399,84.82,84.6201,84.79,37565
2014-01-14 14:26:26,84.8,84.84,84.7101,84.7799,41701
2014-01-15 09:30:39,84.78,85.0865,84.7501,85.0865,36812
2014-01-15 10:55:01,85.0999,85.38,85.0999,85.28,32184
2014-01-15 12:11:39,85.28,85.47,85.27,85.44,37033
2014-01-15 14:03:02,85.4201,85.4201,85.2301,85.26,36575
2014-01-15 15:26:17,85.26,85.4288,85.25,85.33,32139
2014-01-16 10:12:23,85.33,85.41,85.06,85.13,46625
2014-01-16 12:33:28,85.13,85.16,84.9368,85.0701,35959
2014-01-16 14:17:01,85.0764,85.1728,85.05,85.149,40377
2014-01-16 15:08:28,85.15,85.16,85.0601,85.1199,64474
2014-01-17 09:56:23,85.1293,85.2,84.852,84.9199,37696
2014-01-17 11:50:12,84.93,85.14,84.88,85.05,34766
2014-01-17 14:45:55,85.0799,85.14,84.9101,84.9101,67773
2014-01-21 09:31:57,84.9101,85.21,84.6799,85.1301,70235
2014-01-21 10:59:02,85.13,85.18,84.7701,84.81,50156
2014-01-21 12:24:15,84.82600000000001,84.8398,84.4,84.58,35736
2014-01-21 14:35:57,84.61,84.88,84.61,84.8599,44421
2014-01-22 09:50:21,84.9,85.0,84.772,84.86,56579
2014-01-22 11:53:03,84.84,84.9199,84.67,84.7252,52438
2014-01-22 14:26:45,84.7399,84.8899,84.71,84.8633,45906
2014-01-22 15:59:40,84.851,84.935,84.79,84.8399,43079
2014-01-23 10:17:10,84.81,84.815,84.0,84.0499,170071
2014-01-23 11:47:28,84.04,84.12,83.9099,84.0633,54393
2014-01-23 13:31:36,84.04,84.061,83.77,83.77,38919
2014-01-23 15:02:08,83.76,83.8999,83.6599,83.87,37176
2014-01-24 09:30:14,83.88,84.05,83.42,83.51,35760
2014-01-24 10:32:21,83.43,83.49,83.16,83.19,45869
2014-01-24 11:10:01,83.19,83.249,82.93,82.95,33726
2014-01-24 12:04:40,82.93,83.08,82.8301,82.97,48506
2014-01-24 12:59:31,82.97,83.0299,82.86,82.9699,39884
2014-01-24 14:03:43,82.9302,83.02,82.75,82.75,41631
2014-01-24 14:59:43,82.71,82.79,82.64,82.67,40803
2014-01-24 15:34:55,82.6999,82.7086,82.514,82.62,56546
2014-01-24 15:53:42,82.63799999999999,82.63799999999999,82.4301,82.51,28383
2014-01-27 10:13:50,82.51,82.95,82.27,82.515,61471
2014-01-27 11:03:31,82.48,82.499,82.236,82.32,69256
2014-01-27 11:49:03,82.3,82.3799,82.1,82.1822,32254
2014-01-27 12:16:27,82.196,82.196,81.9301,81.9738,34469
2014-01-27 12:52:03,81.97,82.09,81.8,82.06,32836
2014-01-27 13:36:24,81.99,82.211,81.96,82.13,39803
2014-01-27 14:29:19,82.1699,82.478,82.165,82.405,41577
2014-01-27 15:37:10,82.47,82.64,82.3999,82.4101,32846
2014-01-28 09:30:05,82.4501,82.51,82.12,82.4799,40478
2014-01-28 10:34:06,82.49,82.7699,82.3301,82.72,42681
2014-01-28 11:57:28,82.7112,82.83,82.49,82.5408,53096
2014-01-28 13:48:22,82.5554,82.7699,82.5412,82.7399,32595
2014-01-28 15:13:06,82.7171,82.786,82.684,82.76,40489
2014-01-29 09:33:41,82.76,82.8599,82.06,82.15,41026
2014-01-29 10:26:17,82.15,82.4499,82.0,82.26,35926
2014-01-29 11:39:48,82.26,82.61,82.2,82.55,30926
2014-01-29 13:30:00,82.53,82.5601,82.3,82.32,60054
2014-01-29 14:01:08,82.32,82.6,82.21,82.21,49803
2014-01-29 14:06:43,82.2,82.45,82.18,82.29,34113
2014-01-29 14:25:41,82.29,82.3085,81.88,82.19,34310
2014-01-29 14:56:02,82.19,82.4699,82.19,82.2,42588
2014-01-29 15:22:31,82.2199,82.22,81.92,81.97,37763
2014-01-29 15:46:42,81.9699,82.23,81.92,82.2,50532
2014-01-30 09:42:54,82.22,82.56,82.045,82.4143,42781
2014-01-30 11:11:21,82.38,82.48,82.23100000000001,82.42,45860
2014-01-30 13:02:29,82.38,82.9,82.38,82.824,48711
2014-01-30 14:48:18,82.8132,82.8299,82.625,82.7099,46097
2014-01-30 15:57:23,82.682,82.84,82.655,82.655,44681
2014-01-31 09:59:03,82.66,82.76,81.5406,81.78,43172
2014-01-31 11:04:37,81.87,82.12,81.71,82.12,45541
2014-01-31 12:19:13,82.12,82.4199,82.12,82.3201,40004
2014-01-31 13:49:17,82.3,82.36,82.124,82.36,46819
2014-01-31 15:06:00,82.36,82.5718,82.31,82.31,42253
2014-01-31 15:59:00,82.3,82.3,81.93,81.98,55792
2014-02-03 10:06:24,82.01,82.042,81.48,81.56,40132
2014-02-03 10:56:31,81.5601,81.65,81.2001,81.2904,28961
2014-02-03 11:26:19,81.308,81.308,80.9,81.03,45616
2014-02-03 11:59:08,81.0168,81.0501,80.78,80.78,32268
2014-02-03 12:39:29,80.8,80.8899,80.6244,80.78,163872
2014-02-03 13:37:49,80.7807,80.89,80.54,80.5599,32565
2014-02-03 14:05:14,80.5799,80.5899,80.4,80.5101,38509
2014-02-03 14:53:36,80.5166,80.6299,80.314,80.314,38494
2014-02-03 15:34:55,80.33,80.42,80.24,80.35,36099
2014-02-04 09:31:22,80.35,80.58,80.0,80.5301,37116
2014-02-04 09:44:35,80.53,80.62,80.3,80.31,82820
2014-02-04 10:22:10,80.26,80.6301,80.26,80.43,42104
2014-02-04 11:01:02,80.41,80.6399,80.39,80.428,70895
2014-02-04 11:59:06,80.438,80.683,80.438,80.683,43536
2014-02-04 13:00:18,80.682,80.789,80.65,80.75,90377
2014-02-04 14:19:07,80.751,80.81,80.42399999999999,80.5399,56775
2014-02-04 15:04:23,80.5299,80.72,80.51,80.7099,83337
2014-02-04 15:38:31,80.6701,80.726,80.42,80.6299,63122
2014-02-05 09:32:00,80.62,80.76,80.26,80.4203,66281
2014-02-05 10:24:58,80.5,80.6664,80.0301,80.04,46481
2014-02-05 11:12:22,80.04,80.3799,80.04,80.161,56268
2014-02-05 12:07:20,80.2201,80.5899,80.2201,80.57,66281
2014-02-05 13:36:22,80.57,80.696,80.41,80.63,64125
2014-02-05 15:08:20,80.63,80.6999,80.43,80.5233,49393
2014-02-06 09:43:09,80.52600000000001,80.97,80.51,80.93,34081
2014-02-06 10:58:22,80.91,81.3699,80.89,81.2699,36698
2014-02-06 12:21:14,81.25,81.41,81.23,81.39,43934
2014-02-06 14:30:02,81.39,81.514,81.24,81.51,42200
2014-02-06 15:45:21,81.51,81.53,81.4202,81.527,41750
2014-02-07 09:44:57,81.5201,82.1299,81.43,82.06,49062
2014-02-07 11:09:43,82.04,82.06,81.63,81.7591,38985
2014-02-07 12:59:57,81.76,82.0498,81.74,82.03,41919
2014-02-07 14:30:09,82.03,82.26,82.01,82.22399999999999,48451
2014-02-07 15:42:47,82.23100000000001,82.3995,82.1765,82.3701,38022
2014-02-10 10:33:35,82.38,82.46,82.1672,82.1999,39857
2014-02-10 12:21:13,82.19200000000001,82.249,82.0937,82.18,34799
2014-02-10 14:54:56,82.20700000000001,82.39,82.14,82.37700000000001,33863
2014-02-11 09:32:38,82.369,82.52,82.28,82.47,54489
2014-02-11 11:04:06,82.45,82.87,82.45,82.86,34244
2014-02-11 13:00:33,82.86,83.17,82.7803,83.17,45736
2014-02-11 14:38:23,83.2,83.33,83.2,83.2901,45020
2014-02-11 15:14:14,83.294,83.5,83.294,83.499,33011
2014-02-12 09:48:33,83.5,83.6299,83.29,83.59,48651
2014-02-12 11:09:17,83.57,83.71,83.311,83.41,38427
2014-02-12 12:55:23,83.45,83.45,83.175,83.4099,45840
2014-02-12 15:20:11,83.41,83.4584,83.17200000000001,83.29,40084
2014-02-13 10:08:01,83.27,83.32,82.69,83.08,46591
2014-02-13 11:45:50,83.10600000000001,83.45,83.0601,83.441,48295
2014-02-13 13:59:48,83.44200000000001,83.654,83.36,83.654,59405
2014-02-13 15:58:31,83.7,83.73,83.58,83.69,40979
2014-02-14 10:15:28,83.69,83.9499,83.52799999999999,83.9495,52116
2014-02-14 12:30:06,83.96700000000001,84.1,83.9501,84.0732,41503
2014-02-14 14:13:35,84.0738,84.3199,84.072,84.2814,59593
2014-02-14 15:26:38,84.2814,84.41799999999999,84.28,84.33,52153
2014-02-18 09:48:29,84.331,84.42,84.23,84.41,52177
2014-02-18 10:38:23,84.41,84.43,84.111,84.2301,44621
2014-02-18 12:28:21,84.2499,84.428,84.23299999999999,84.37,42706
2014-02-18 14:27:28,84.35,84.38,84.23,84.3035,51339
2014-02-18 15:59:58,84.3199,84.37,84.26,84.28,44693
2014-02-19 11:00:31,84.29,84.6899,84.03,84.54,28967
2014-02-19 13:13:38,84.55,84.5699,84.0901,84.2799,81713
2014-02-19 14:49:40,84.3,84.4363,84.13,84.161,39786
2014-02-19 15:33:14,84.152,84.23,83.884,83.92,41677
2014-02-20 10:00:00,83.93,84.04,83.73,83.76,31199
2014-02-20 11:32:20,83.75,84.2359,83.68,84.139,41091
2014-02-20 13:22:45,84.1599,84.3999,84.1528,84.3299,49237
2014-02-20 15:22:36,84.3101,84.4268,84.234,84.3912,46266
2014-02-21 10:04:45,84.4099,84.5,84.2,84.4801,35663
2014-02-21 12:00:59,84.4685,84.506,84.2401,84.44,35354
2014-02-21 14:31:08,84.4699,84.4699,84.17,84.17,41417
2014-02-21 15:59:48,84.17,84.35,84.07,84.12,55869
2014-02-24 11:03:48,84.12,84.9399,84.07,84.84100000000001,36660
2014-02-24 13:03:41,84.84,85.1699,84.84,85.0699,31014
2014-02-24 15:32:51,85.069,85.075,84.74,84.8099,43789
2014-02-25 09:41:44,84.80799999999999,84.85,84.45,84.45,70497
2014-02-25 11:14:53,84.41,84.71,84.29,84.71,42006
2014-02-25 13:09:41,84.6901,84.8199,84.59,84.7442,41117
2014-02-25 14:56:35,84.7227,84.77,84.4999,84.55,39610
2014-02-25 15:59:22,84.552,84.56,84.3599,84.42,45209
2014-02-26 10:02:21,84.42,84.69,84.3101,84.45,66590
2014-02-26 11:34:07,84.425,84.7598,84.375,84.6898,52237
2014-02-26 13:02:23,84.6702,84.77,84.588,84.6799,62249
2014-02-26 14:52:40,84.6798,84.794,84.3899,84.4624,72039
2014-02-26 15:55:27,84.4434,84.58200000000001,84.354,84.55,53468
2014-02-27 11:07:34,84.5599,84.6,84.28,84.56,52194
2014-02-27 13:44:06,84.5599,84.8218,84.5599,84.79,35003
2014-02-27 15:37:00,84.7874,84.83,84.63,84.8,36131
2014-02-28 09:44:46,84.8,85.13,84.6626,85.07,55279
2014-02-28 10:46:02,85.06,85.3699,85.02,85.29,59263
2014-02-28 11:58:48,85.296,85.47,85.22,85.45,43393
2014-02-28 13:07:16,85.45,85.49,85.4001,85.441,38221
2014-02-28 13:34:44,85.441,85.51100000000001,85.44,85.4901,26841
2014-02-28 15:11:36,85.4901,85.52,84.719,84.76,42326
2014-02-28 15:53:28,84.84,85.2,84.79,85.0401,33051
2014-03-03 09:47:43,85.12,85.206,84.41,84.67,42373
2014-03-03 10:26:43,84.68,84.82,84.47,84.5799,33873
2014-03-03 11:58:38,84.5686,84.6554,84.25,84.27,34152
2014-03-03 12:15:22,84.2426,84.43,84.13,84.32,50160
2014-03-03 13:25:18,84.32,84.5572,84.29,84.5507,31499
2014-03-03 14:42:35,84.555,84.65,84.432,84.59,36142
2014-03-03 15:40:25,84.59,84.6964,84.33,84.445,42337
2014-03-04 09:51:02,84.44,85.53,84.44,85.52,35098
2014-03-04 10:37:54,85.5,85.59,85.4,85.54,40436
2014-03-04 11:23:01,85.54,85.65,85.54,85.6201,41703
2014-03-04 12:37:02,85.6299,85.723,85.52,85.67,36276
2014-03-04 13:51:11,85.67,85.73,85.54,85.58,32166
2014-03-04 14:33:28,85.5999,85.648,85.5,85.645,34803
2014-03-04 15:07:27,85.645,85.77,85.58,85.74,35117
2014-03-04 15:39:08,85.74,85.87,85.7293,85.76,45409
2014-03-05 09:43:34,85.744,85.851,85.5701,85.73,51042
2014-03-05 10:23:12,85.82,85.8399,85.66,85.82,31568
2014-03-05 11:05:04,85.81,85.93,85.726,85.92,25291
2014-03-05 12:45:22,85.92,85.92,85.7,85.74,40470
2014-03-05 14:32:19,85.75,85.8599,85.694,85.755,37789
2014-03-05 15:22:26,85.759,85.8,85.69,85.77,59327
2014-03-06 09:39:15,85.765,86.06,85.712,86.06,41455
2014-03-06 10:12:44,86.06,86.24,86.05,86.13,24526
2014-03-06 10:53:16,86.11,86.17,86.03,86.16,21723
2014-03-06 13:10:56,86.18,86.21,86.09,86.2,23891
2014-03-06 14:27:45,86.1901,86.1901,86.0101,86.12,45827
2014-03-06 15:46:05,86.12,86.21,86.09,86.0901,36758
2014-03-07 09:38:57,86.09,86.47,86.02,86.3,30470
2014-03-07 10:01:25,86.32,86.43,86.14,86.25,20494
2014-03-07 10:45:04,86.25,86.45,86.22,86.34,27507
2014-03-07 11:16:32,86.3499,86.35,85.92,85.97,29312
2014-03-07 13:02:49,85.97,86.3,85.9601,86.17,35116
2014-03-07 14:49:28,86.1699,86.22,85.9871,86.14,28419
2014-03-07 15:47:26,86.14,86.25,86.06,86.1301,33268
2014-03-10 09:58:54,86.13,86.27,86.0272,86.19,31650
2014-03-10 10:55:12,86.15,86.18,85.77,85.86,30270
2014-03-10 12:28:46,85.84,86.12,85.78299999999999,86.02,36095
2014-03-10 14:49:44,86.02,86.16,85.98,86.09,44747
2014-03-10 15:59:37,86.1,86.2898,86.06,86.23,32221
2014-03-11 11:03:15,86.23,86.41,85.99,86.33,35546
2014-03-11 12:15:41,86.32,86.32,85.84,85.86399999999999,42874
2014-03-11 13:55:00,85.81,85.93,85.712,85.93,45817
2014-03-11 15:08:44,85.9201,85.96,85.5901,85.5901,135638
2014-03-12 09:30:18,85.6,85.78,85.32,85.4499,35759
2014-03-12 10:08:14,85.4499,85.54,85.3,85.5,30891
2014-03-12 10:56:38,85.5,85.63,85.45,85.63,36004
2014-03-12 12:01:30,85.63,85.82,85.6101,85.61399999999999,29916
2014-03-12 14:02:31,85.611,85.75,85.575,85.7,28172
2014-03-12 15:23:28,85.7,85.7398,85.586,85.60799999999999,27956
2014-03-13 10:02:45,85.60799999999999,86.1,85.56,85.93,34581
2014-03-13 11:28:26,85.92,85.96,85.57,85.58,36669
2014-03-13 12:39:55,85.55,85.62,85.19,85.19,37619
2014-03-13 13:41:44,85.1948,85.3051,84.95,85.084,40468
2014-03-13 15:22:12,85.166,85.2299,84.83,84.91,33057
2014-03-13 15:59:55,84.92,85.11,84.87,85.0,38558
2014-03-14 10:06:36,85.0,85.27,84.85,85.2,32503
2014-03-14 11:28:30,85.22,85.33,84.77,84.78,35391
2014-03-14 12:00:00,84.77,85.25,84.77,85.19,73520
2014-03-14 12:54:41,85.19,85.19,84.89,85.031,64945
2014-03-14 14:07:30,85.03200000000001,85.085,84.9,84.9763,29269
2014-03-14 15:39:31,84.975,85.0213,84.75,84.81,33951
2014-03-17 10:10:53,84.8299,85.6808,84.71,85.6399,39818
2014-03-17 11:36:42,85.6001,85.6098,85.33,85.33,40558
2014-03-17 13:46:55,85.32,85.5768,85.31,85.531,30497
2014-03-17 14:54:51,85.53200000000001,85.62,85.46,85.568,40436
2014-03-17 15:53:10,85.5517,85.65,85.46,85.5063,36810
2014-03-18 10:22:08,85.505,86.03,85.5,86.025,33121
2014-03-18 11:17:07,86.02,86.1199,85.87,85.94,37702
2014-03-18 12:44:51,85.94,86.0609,85.89,85.92,33835
2014-03-18 14:09:53,85.92,86.14,85.92,86.09299999999999,31767
2014-03-18 15:49:34,86.1099,86.16,86.01,86.03,43465
2014-03-19 10:30:48,86.0301,86.1699,85.96,86.1699,27742
2014-03-19 12:27:15,86.14,86.1901,86.0824,86.09,48066
2014-03-19 14:02:36,86.11,86.23,85.89,85.97,43937
2014-03-19 14:09:27,85.98,86.15,85.71,85.74,46382
2014-03-19 14:59:55,85.75,86.13,85.75,85.98,50007
2014-03-19 15:11:29,85.97,86.0,85.31,85.31,54580
2014-03-19 15:34:55,85.3,85.641,85.17,85.641,46116
2014-03-20 09:46:45,85.64399999999999,85.8199,85.48,85.55,43547
2014-03-20 10:32:51,85.54,86.09,85.49,86.09,36721
2014-03-20 12:19:17,86.09,86.2,85.8899,86.1972,34358
2014-03-20 13:35:00,86.21,86.40799999999999,86.21,86.3001,32285
2014-03-20 15:14:18,86.32,86.4101,86.21,86.2301,38197
2014-03-21 09:30:09,86.27,86.9,86.18,86.78,37632
2014-03-21 09:40:33,86.77,87.0,86.74,86.86,34736
2014-03-21 10:06:04,86.86,86.96,86.82,86.95,30385
2014-03-21 11:09:29,86.9288,87.0019,86.83,86.96,23831
2014-03-21 11:25:12,86.95,87.05,86.95,87.05,33115
2014-03-21 11:57:48,87.04,87.09,86.976,87.0099,26791
2014-03-21 13:12:06,87.0099,87.0399,86.79,86.79,31099
2014-03-21 13:44:00,86.79,86.79,86.59,86.64,21232
2014-03-21 14:24:03,86.64,86.68,86.5,86.52,23153
2014-03-21 15:03:11,86.53,86.58,86.34,86.48,32528
2014-03-21 15:34:25,86.48,86.59,86.4,86.45,28738
2014-03-21 15:59:39,86.42,86.427,86.27,86.35,64120
2014-03-24 09:35:05,86.36,86.73,86.23,86.64,114909
2014-03-24 10:28:45,86.63,86.69,86.2,86.24,25927
2014-03-24 11:40:56,86.25,86.2599,86.0,86.0799,32591
2014-03-24 13:39:36,86.08,86.17,85.89,86.11,34304
2014-03-24 14:59:43,86.115,86.27,86.1,86.1699,35994
2014-03-24 15:53:00,86.18,86.382,86.09,86.3,43761
2014-03-25 10:16:01,86.3,86.3,86.0182,86.1599,30531
2014-03-25 11:40:25,86.1349,86.14,85.83,85.9,38408
2014-03-25 13:40:52,85.95,86.25,85.79,86.22,35100
2014-03-25 15:05:12,86.2208,86.27,86.1062,86.15,40761
2014-03-26 09:31:23,86.1434,86.64,86.1249,86.59,36798
2014-03-26 09:57:16,86.58,86.65,86.41,86.49,24616
2014-03-26 10:28:48,86.491,86.55,86.39,86.39,37078
2014-03-26 11:34:32,86.41,86.5,86.33,86.455,31127
2014-03-26 12:40:02,86.45,86.48,86.33,86.4529,31807
2014-03-26 13:21:52,86.44,86.47,86.363,86.3997,36024
2014-03-26 13:48:41,86.39,86.39,85.99,85.99,45340
2014-03-26 14:30:09,85.99,86.115,85.94,86.01,55245
2014-03-26 15:29:49,86.01,86.14,85.91,85.91,34842
2014-03-26 15:59:46,85.91,85.98299999999999,85.78,85.78,36168
2014-03-27 09:41:28,85.75,85.79,85.51,85.51,46107
2014-03-27 10:15:05,85.58,85.9,85.53,85.82,47539
2014-03-27 11:23:20,85.83,85.98,85.7375,85.78,29930
2014-03-27 12:18:24,85.7751,85.82,85.48,85.59,25156
2014-03-27 13:49:19,85.5917,85.787,85.58,85.63,53120
2014-03-27 15:08:29,85.62,85.71,85.56299999999999,85.6,35593
2014-03-27 15:58:33,85.6258,85.8498,85.61,85.75,66860
2014-03-28 10:05:26,85.75,86.4,85.71,86.37,71259
2014-03-28 11:41:05,86.3778,86.47,86.27600000000001,86.305,47336
2014-03-28 13:49:49,86.3043,86.3999,86.16,86.2599,27281
2014-03-28 15:32:48,86.25,86.2543,86.01,86.16,36758
2014-03-31 09:37:55,86.17,86.99,86.1,86.755,38034
2014-03-31 09:47:39,86.765,86.859,86.72,86.77600000000001,31747
2014-03-31 10:16:57,86.74,86.89,86.72,86.77,32974
2014-03-31 11:10:29,86.7679,86.855,86.69,86.7256,31538
2014-03-31 11:47:08,86.7,86.73,86.6,86.65,67415
2014-03-31 12:14:59,86.65,86.81,86.65,86.81,69313
2014-03-31 13:21:13,86.84,86.94,86.83,86.89,35260
2014-03-31 14:03:29,86.89,86.89200000000001,86.74,86.81,23175
2014-03-31 14:35:43,86.8099,86.9051,86.79,86.86,36343
2014-03-31 15:18:32,86.86,86.91,86.82,86.838,39830
2014-03-31 15:46:16,86.84,86.9662,86.835,86.92,46291
2014-03-31 15:59:00,86.92,86.92,86.84,86.87,58535
2014-04-01 09:44:04,86.89,87.171,86.88,87.11,35946
2014-04-01 10:00:31,87.1346,87.21,87.07,87.19,32655
2014-04-01 10:06:08,87.19,87.24,87.15,87.22,37616
2014-04-01 10:22:59,87.22,87.26,87.13,87.1501,27142
2014-04-01 10:40:09,87.1551,87.19,87.1,87.1,49389
2014-04-01 11:02:14,87.1001,87.135,86.98,87.0,36722
2014-04-01 11:30:10,87.005,87.0099,86.94,86.99,56067
2014-04-01 11:51:16,86.99,87.059,86.96,87.01,50223
2014-04-01 12:07:34,87.01,87.04,86.89,86.9046,45858
2014-04-01 12:25:16,86.91,87.01,86.91,87.0,50618
2014-04-01 12:37:40,87.0,87.04,86.99,87.03,192647
2014-04-01 12:54:58,87.01,87.06,87.01,87.03,72613
2014-04-01 13:13:15,87.03,87.0492,86.96,87.015,51136
2014-04-01 13:37:58,87.01,87.04,86.99,87.0054,64823
2014-04-01 13:58:36,87.01,87.1,87.0048,87.085,39883
2014-04-01 14:20:26,87.085,87.14,87.08,87.1098,46202
2014-04-01 14:42:30,87.105,87.14,87.09,87.119,54345
2014-04-01 14:59:59,87.115,87.15,87.11,87.15,49866
2014-04-01 15:09:16,87.15,87.15,87.1,87.118,48514
2014-04-01 15:23:23,87.118,87.1863,87.11,87.18,42574
2014-04-01 15:41:04,87.18,87.208,87.1401,87.18,54193
2014-04-01 15:52:49,87.18,87.2499,87.17,87.24,49150
2014-04-01 15:59:57,87.25,87.265,87.21,87.23,54708
2014-04-02 09:42:49,87.22,87.29,87.05,87.11,48558
2014-04-02 10:05:24,87.1,87.2299,87.08,87.19,32086
2014-04-02 10:31:01,87.19,87.34,87.18,87.3399,52310
2014-04-02 10:51:32,87.34,87.4,87.32,87.37899999999999,30122
2014-04-02 11:12:50,87.3601,87.42,87.34,87.35,38098
2014-04-02 11:30:27,87.35,87.41,87.32,87.38,63498
2014-04-02 12:06:50,87.38,87.4299,87.32,87.4,50475
2014-04-02 12:45:52,87.4,87.48,87.3849,87.41,34549
2014-04-02 13:28:18,87.4045,87.4099,87.3,87.3,44878
2014-04-02 14:02:46,87.3,87.3299,87.242,87.31,33682
2014-04-02 14:37:04,87.31,87.36,87.28,87.31,31159
2014-04-02 15:11:19,87.32,87.4,87.3001,87.38,25828
2014-04-02 15:27:33,87.38,87.45,87.38,87.4499,52150
2014-04-02 15:32:26,87.4599,87.55,87.4599,87.5249,29420
2014-04-02 15:36:35,87.5251,87.53,87.5,87.53,32810
2014-04-02 15:42:02,87.53,87.57,87.53,87.57,25646
2014-04-02 15:52:31,87.57,87.59,87.5,87.5,36230
2014-04-03 09:38:45,87.5,87.66,87.47,87.59,35300
2014-04-03 10:11:10,87.588,87.61,87.45,87.48,32822
2014-04-03 11:23:10,87.508,87.59,87.4,87.445,27595
2014-04-03 12:35:05,87.4386,87.53,87.42,87.42,32869
2014-04-03 14:07:23,87.44,87.61,87.42,87.53,62344
2014-04-03 15:03:05,87.53,87.5699,87.3801,87.492,31037
2014-04-03 15:41:01,87.492,87.65,87.49,87.65,24406
2014-04-03 15:51:24,87.655,87.68,87.62,87.6797,36085
2014-04-03 16:00:00,87.68,87.68,87.58,87.59,48393
2014-04-04 09:49:12,87.59,88.05,87.59,87.81,20678
2014-04-04 10:12:26,87.82,88.07,87.82,88.05,18415
2014-04-04 10:37:17,88.05,88.13,87.97,88.07,21508
2014-04-04 11:09:32,88.07,88.08,87.83,87.83,27797
2014-04-04 11:26:18,87.82,87.87,87.76,87.8,23762
2014-04-04 12:03:02,87.79,87.87,87.5599,87.6099,37902
2014-04-04 13:16:29,87.55,87.572,87.2584,87.38,37964
2014-04-04 14:10:44,87.3853,87.4217,87.1,87.1,28947
2014-04-04 14:45:47,87.14,87.264,86.91,86.925,42741
2014-04-04 15:07:20,86.925,87.037,86.87,86.89,45508
2014-04-04 15:41:16,86.9244,87.14,86.9,87.0199,41396
2014-04-07 09:45:54,87.0,87.04,86.57,86.57,33034
2014-04-07 10:40:56,86.59,86.8075,86.53,86.53,70267
2014-04-07 11:12:42,86.52,86.649,86.4901,86.5701,47888
2014-04-07 12:31:36,86.57,86.5999,86.244,86.27,45311
2014-04-07 13:13:01,86.26,86.3736,86.1801,86.1817,43744
2014-04-07 13:58:23,86.1899,86.28,86.14,86.1899,31248
2014-04-07 14:50:25,86.1889,86.28,86.0999,86.279,39627
2014-04-07 15:12:07,86.279,86.39,86.26899999999999,86.3017,27527
2014-04-07 15:45:05,86.33,86.44,86.23,86.23,60561
2014-04-07 15:49:36,86.23,86.244,86.2,86.22,34135
2014-04-08 09:42:02,86.22,86.22,85.95,86.2,37765
2014-04-08 10:54:02,86.19,86.2465,85.9,86.2132,67102
2014-04-08 12:05:31,86.21,86.47,86.19,86.46,36828
2014-04-08 13:21:28,86.4499,86.52,86.31,86.52,34678
2014-04-08 14:19:14,86.52,86.6,86.32,86.32,39252
2014-04-08 15:18:16,86.3612,86.4,86.27,86.35,41612
2014-04-08 15:51:14,86.35,86.53,86.35,86.5,47025
2014-04-09 09:40:52,86.47,86.74,86.44,86.6,264329
2014-04-09 10:48:10,86.56,86.61,86.39,86.48,32186
2014-04-09 12:13:14,86.46,86.59,86.4031,86.5561,33096
2014-04-09 13:46:25,86.5542,86.65,86.53,86.625,23524
2014-04-09 14:31:14,86.62,87.036,86.5862,86.99,36681
2014-04-09 15:11:50,87.0,87.01,86.8501,86.96600000000001,49469
2014-04-09 15:42:55,86.9699,87.06,86.9131,87.04,64548
2014-04-10 09:31:59,87.05,87.12,86.97,86.99,72596
2014-04-10 10:11:34,86.96,87.15,86.9,87.15,36268
2014-04-10 11:24:34,87.1496,87.1899,86.73,86.76,34344
2014-04-10 12:24:25,86.76,86.76,86.318,86.4,42323
2014-04-10 13:16:48,86.37,86.429,86.1751,86.2,42898
2014-04-10 14:15:16,86.2,86.32,86.0,86.32,36215
2014-04-10 14:58:45,86.32,86.325,85.91,85.9696,44722
2014-04-10 15:20:17,85.9696,85.9696,85.58,85.7779,38512
2014-04-10 15:44:50,85.7799,85.8884,85.67,85.8884,40074
2014-04-11 09:33:50,85.88,85.946,85.18,85.28,33912
2014-04-11 09:56:29,85.24,85.55,85.19,85.47,44163
2014-04-11 10:18:53,85.46,85.49600000000001,85.199,85.21,33178
2014-04-11 10:58:33,85.2,85.63,85.2,85.61,151631
2014-04-11 11:22:01,85.61,85.725,85.51,85.6,41073
2014-04-11 12:07:30,85.58,85.58,85.31,85.4563,40734
2014-04-11 13:01:38,85.4425,85.4563,85.31,85.368,61886
2014-04-11 13:42:32,85.35,85.3517,85.17,85.31,35777
2014-04-11 14:21:09,85.32,85.35,85.12,85.1349,29159
2014-04-11 14:51:51,85.14,85.19,84.958,85.01100000000001,38009
2014-04-11 15:30:21,84.96,85.318,84.96,85.23,29843
2014-04-11 15:57:02,85.21,85.26,85.01,85.08,30794
2014-04-14 10:21:09,85.087,85.72,84.99,85.4299,30890
2014-04-14 11:16:16,85.42,85.69,85.37,85.585,33886
2014-04-14 12:58:19,85.565,85.7535,85.55,85.72,28964
2014-04-14 14:05:26,85.7189,85.7189,85.48,85.51,44979
2014-04-14 15:05:10,85.536,85.5701,85.26,85.26,43692
2014-04-14 15:50:00,85.26,85.58,85.04799999999999,85.56,37037
2014-04-15 09:50:46,85.59,86.15899999999999,85.59,86.1101,50666
2014-04-15 10:43:03,86.1547,86.1774,85.58,85.84,53292
2014-04-15 11:31:37,85.8301,85.8799,85.48,85.7,29563
2014-04-15 12:29:53,85.7,85.84,85.3268,85.5,45223
2014-04-15 13:28:11,85.47,85.495,85.2625,85.41,40942
2014-04-15 14:22:21,85.4,85.95,85.4,85.7601,41580
2014-04-15 15:27:07,85.76,86.26,85.76,86.1351,31190
2014-04-16 09:30:30,86.18,86.82,86.118,86.77,38193
2014-04-16 10:27:32,86.72,86.82,86.4504,86.57,29234
2014-04-16 11:20:48,86.579,86.6499,86.4601,86.61,54036
2014-04-16 12:06:28,86.6,86.75,86.6,86.728,294518
2014-04-16 13:34:54,86.7299,86.7999,86.58,86.61,38786
2014-04-16 14:48:30,86.625,86.82,86.59,86.81,35841
2014-04-16 15:37:40,86.81,86.89,86.8,86.8865,32460
2014-04-16 15:52:02,86.895,86.935,86.885,86.93,46539
2014-04-16 15:59:59,86.93,86.99,86.93,86.98,94662
2014-04-17 10:08:03,86.98,87.02,86.8451,86.9254,40564
2014-04-17 11:01:50,86.97,87.11,86.83,87.0749,49528
2014-04-17 13:06:04,87.07,87.1739,86.9949,87.16,30494
2014-04-17 13:57:12,87.1528,87.31,87.15,87.285,37092
2014-04-17 14:57:13,87.27,87.28,87.15,87.1531,77927
2014-04-17 15:59:28,87.1569,87.2799,87.12,87.15,70414
2014-04-21 09:33:35,87.13,87.184,86.94,87.09,121240
2014-04-21 10:18:51,87.1,87.3,87.09,87.29,40758
2014-04-21 11:41:41,87.2299,87.27,87.06,87.2183,33984
2014-04-21 13:42:07,87.2399,87.26,87.17,87.186,54584
2014-04-21 15:17:02,87.2001,87.26,87.18,87.19,44583
2014-04-22 09:31:18,87.19,87.41,87.1699,87.22,45531
2014-04-22 10:03:14,87.22,87.4,87.17,87.38,30371
2014-04-22 10:43:24,87.38,87.5,87.36,87.44,41086
2014-04-22 11:53:24,87.43,87.5897,87.43,87.5175,31399
2014-04-22 13:35:08,87.525,87.6759,87.515,87.6425,38607
2014-04-22 14:59:04,87.6401,87.71,87.61,87.6874,32206
2014-04-22 15:52:10,87.6549,87.655,87.5236,87.5636,44494
2014-04-23 09:57:45,87.57,87.57,87.39,87.485,33615
2014-04-23 12:00:39,87.49,87.611,87.4,87.557,29767
2014-04-23 14:11:24,87.5451,87.59,87.49,87.5201,32582
2014-04-23 15:59:39,87.505,87.529,87.4344,87.46,31452
2014-04-24 10:05:24,87.47,87.74,87.31,87.45,28285
2014-04-24 10:55:53,87.43,87.5951,87.29,87.46,36479
2014-04-24 11:58:47,87.47,87.78,87.4636,87.6882,26656
2014-04-24 13:18:23,87.6899,87.7282,87.61,87.66,40355
2014-04-24 14:14:43,87.685,87.69,87.39,87.42,247817
2014-04-24 15:00:10,87.4468,87.54799999999999,87.41,87.53,75630
2014-04-24 15:55:36,87.52,87.58,87.46,87.51,46926
2014-04-24 16:00:00,87.51,87.58,87.49,87.58,133294
2014-04-25 09:58:06,87.58,87.59,87.15,87.209,99076
2014-04-25 11:25:28,87.20200000000001,87.3605,86.98,87.066,43884
2014-04-25 12:36:35,87.066,87.24,87.06,87.186,128847
2014-04-25 14:07:53,87.14,87.17,87.0099,87.04,51468
2014-04-25 15:13:25,87.035,87.0698,86.9,86.98,32530
2014-04-25 15:59:42,86.985,87.2199,86.96,87.07,55054
2014-04-28 10:15:58,87.08,87.44,87.08,87.4398,36422
2014-04-28 11:23:31,87.4398,87.5679,87.238,87.238,343248
2014-04-28 12:42:22,87.23,87.31,87.07,87.17,427691
2014-04-28 13:38:21,87.17,87.1977,86.63,86.72,1011297
2014-04-28 14:12:48,86.71,86.8798,86.67,86.86,67615
2014-04-28 15:13:34,86.8763,87.29,86.87,87.29,38117
2014-04-28 15:23:03,87.27,87.43,87.27,87.385,47740
2014-04-28 15:36:14,87.3896,87.47,87.37,87.4637,42612
2014-04-29 09:33:52,87.46,87.7299,87.34,87.7299,34799
2014-04-29 10:31:32,87.73,87.83,87.5616,87.6151,28669
2014-04-29 11:16:51,87.6,87.74,87.5958,87.6201,408828
2014-04-29 12:30:44,87.615,87.78,87.615,87.7299,35925
2014-04-29 13:14:09,87.71,87.7799,87.685,87.685,40048
2014-04-29 14:29:33,87.685,87.7401,87.635,87.6742,31422
2014-04-29 15:42:24,87.68,87.7299,87.6599,87.69,28946
2014-04-30 09:41:13,87.6699,87.71,87.5,87.6,55109
2014-04-30 10:52:56,87.59,87.75,87.516,87.75,253122
2014-04-30 12:09:25,87.75,87.77,87.5901,87.73,42567
2014-04-30 13:58:12,87.7338,87.788,87.71,87.73,33833
2014-04-30 14:17:33,87.73,87.87,87.6,87.74,49656
2014-04-30 14:45:48,87.74,87.8699,87.725,87.8699,45985
2014-04-30 15:30:01,87.87,87.97,87.73,87.88,32280
2014-04-30 15:46:41,87.8737,87.948,87.86,87.86,45974
2014-04-30 15:59:54,87.86,87.94,87.79,87.87899999999999,55690
2014-05-01 09:44:44,87.88,88.09,87.73,87.88,71540
2014-05-01 10:38:53,87.88,87.91,87.55,87.67,33794
2014-05-01 11:39:19,87.6937,87.90899999999999,87.6937,87.9,32024
2014-05-01 12:35:48,87.905,87.91,87.81,87.905,1174957
2014-05-01 13:23:00,87.89,87.89,87.78,87.78,101051
2014-05-01 14:27:44,87.785,87.822,87.61,87.7301,41849
2014-05-01 14:32:21,87.7337,87.7857,87.73,87.775,26755
2014-05-01 14:47:43,87.7797,87.79,87.63,87.63,44333
2014-05-01 15:24:22,87.63,87.76,87.62,87.69,61543
2014-05-01 15:59:45,87.699,87.76,87.62100000000001,87.76,70211
2014-05-02 09:47:55,87.755,88.005,87.62,88.005,89133
2014-05-02 10:11:50,88.02,88.14,87.902,88.12,52601
2014-05-02 10:35:01,88.11,88.17,88.06,88.1,49230
2014-05-02 10:54:23,88.0962,88.1201,87.71,87.8151,51085
2014-05-02 12:21:32,87.82,87.8738,87.7031,87.8297,35912
2014-05-02 14:09:37,87.825,87.835,87.57,87.57,32333
2014-05-02 15:44:09,87.57,87.7399,87.55,87.58,41132
2014-05-02 15:59:59,87.58,87.67,87.58,87.61,90615
2014-05-05 10:06:29,87.62,87.62,86.935,87.18,176834
2014-05-05 10:36:44,87.1767,87.4,87.155,87.385,47748
2014-05-05 11:08:28,87.37,87.59,87.37,87.5,35241
2014-05-05 12:28:04,87.5001,87.65,87.46,87.55799999999999,52028
2014-05-05 14:47:19,87.554,87.57,87.45,87.57,34684
2014-05-05 15:44:53,87.5775,87.62,87.525,87.5295,41134
2014-05-05 16:00:00,87.525,87.6,87.525,87.54,104265
2014-05-06 09:45:02,87.54,87.54,87.193,87.193,135314
2014-05-06 11:48:21,87.2836,87.3999,87.1799,87.295,42612
2014-05-06 13:55:00,87.2999,87.3099,86.9901,87.06,49515
2014-05-06 15:13:51,87.05,87.05,86.89,87.01,52107
2014-05-07 09:45:30,87.01,87.33,86.86,87.33,37398
2014-05-07 11:11:39,87.29,87.42,86.91,87.29,32686
2014-05-07 13:08:10,87.31,87.6199,87.21,87.49,26771
2014-05-07 14:29:21,87.49,87.5699,87.3419,87.565,39962
2014-05-07 15:11:48,87.565,87.6055,87.465,87.515,21543
2014-05-07 15:59:49,87.515,87.7195,87.44200000000001,87.7,52845
2014-05-08 10:09:58,87.69,88.04,87.53,87.99,45308
2014-05-08 11:31:28,87.97,87.98,87.81,87.96,39634
2014-05-08 12:43:37,87.96,88.07,87.96,88.0036,61013
2014-05-08 14:01:35,87.9936,87.9936,87.77,87.8,35290
2014-05-08 15:12:10,87.805,87.80799999999999,87.38,87.41,34623
2014-05-08 15:59:58,87.445,87.6458,87.445,87.61,39959
2014-05-09 10:48:52,87.61,87.62899999999999,87.26,87.375,40142
2014-05-09 12:40:50,87.39,87.66,87.31,87.62,38532
2014-05-09 15:01:18,87.6199,87.71,87.41,87.53,39418
2014-05-12 09:34:28,87.56,88.06,87.48,88.0,63799
2014-05-12 10:18:09,88.0,88.21,88.0,88.2,26985
2014-05-12 11:15:53,88.2,88.2065,88.06,88.1201,55964
2014-05-12 12:59:23,88.1257,88.23,88.0738,88.15,51009
2014-05-12 14:09:16,88.15,88.28,88.1441,88.28,43481
2014-05-12 15:00:56,88.28,88.3,88.219,88.3,29686
2014-05-12 15:46:36,88.3,88.32,88.24,88.3,50396
2014-05-13 09:34:42,88.289,88.42,88.28,88.41,38386
2014-05-13 10:13:11,88.41,88.43,88.31,88.384,31802
2014-05-13 10:45:13,88.3999,88.5,88.37,88.46,35409
2014-05-13 11:34:06,88.46,88.46,88.3384,88.41,31737
2014-05-13 12:24:35,88.4061,88.4061,88.32,88.3644,41360
2014-05-13 13:43:02,88.3599,88.44,88.34200000000001,88.36,29375
2014-05-13 14:59:59,88.36,88.42,88.352,88.39200000000001,32201
2014-05-13 15:46:42,88.3901,88.4199,88.3351,88.4099,46974
2014-05-14 09:31:22,88.4049,88.42,88.25,88.385,47428
2014-05-14 10:20:52,88.35,88.405,88.12,88.12,29143
2014-05-14 11:23:19,88.16,88.27,88.1399,88.2199,29623
2014-05-14 13:22:36,88.209,88.28,88.185,88.272,29168
2014-05-14 14:54:48,88.2401,88.26,88.08,88.1199,46624
2014-05-14 15:49:43,88.12,88.12,87.93,88.0165,46766
2014-05-15 09:56:17,88.0209,88.1632,87.512,87.512,104757
2014-05-15 10:58:19,87.5499,87.59,87.22,87.2766,41369
2014-05-15 12:11:39,87.29,87.29,86.96,87.0186,39376
2014-05-15 14:18:32,87.0269,87.23,86.99,87.12,32463
2014-05-15 14:57:44,87.12,87.29899999999999,87.07,87.21,59597
2014-05-15 15:53:45,87.2025,87.35,87.17,87.25,35210
2014-05-16 10:07:49,87.28,87.45,87.0899,87.0899,51339
2014-05-16 11:15:24,87.0549,87.33,87.03,87.3191,422385
2014-05-16 12:15:20,87.339,87.41,87.26,87.3398,1372088
2014-05-16 14:11:57,87.309,87.3303,87.12,87.13,72181
2014-05-16 14:33:35,87.13,87.169,87.11,87.165,27023
2014-05-16 15:27:08,87.1601,87.47,87.14399999999999,87.3649,65536
2014-05-19 09:53:41,87.37,87.51,87.2301,87.4563,53282
2014-05-19 10:47:54,87.47,87.52,87.4,87.45,1000493
2014-05-19 12:51:33,87.42,87.6542,87.4,87.52,47836
2014-05-19 15:10:19,87.5362,87.68,87.531,87.6359,38870
2014-05-20 09:45:09,87.63,87.71,87.42,87.4299,49790
2014-05-20 11:50:16,87.43,87.5399,87.2873,87.48899999999999,39533
2014-05-20 13:24:44,87.46,87.46,86.99,87.05,46960
2014-05-20 14:43:41,87.04,87.07,86.9,86.95,38508
2014-05-20 15:48:52,86.95,87.2,86.944,87.1135,35089
2014-05-21 10:22:27,87.1142,87.6151,87.05,87.56,51333
2014-05-21 11:58:40,87.55,87.64,87.3901,87.405,30435
2014-05-21 13:12:24,87.41,87.5699,87.41,87.5699,34629
2014-05-21 15:22:09,87.5556,87.7399,87.46,87.6741,37646
2014-05-22 10:02:40,87.68,87.84,87.6191,87.79799999999999,47330
2014-05-22 12:52:13,87.7949,87.96,87.7255,87.87899999999999,27989
2014-05-22 15:00:25,87.88799999999999,87.96,87.87,87.9455,37760
2014-05-23 09:49:27,87.9491,87.95,87.81,87.9365,35918
2014-05-23 11:15:55,87.906,88.125,87.906,88.11,35130
2014-05-23 12:45:00,88.11,88.1199,88.02,88.07,55548
2014-05-23 14:38:18,88.0799,88.09,87.99,88.0265,44026
2014-05-23 15:54:14,88.0265,88.1175,88.02,88.1,46684
2014-05-23 16:00:00,88.1,88.11,88.05,88.08,118588
2014-05-27 09:49:56,88.08,88.45,88.08,88.4401,77917
2014-05-27 10:48:28,88.4399,88.515,88.39,88.5,36736
2014-05-27 12:20:36,88.5,88.52,88.3739,88.4,38107
2014-05-27 13:52:38,88.3905,88.3905,88.29,88.335,34136
2014-05-27 15:44:42,88.34899999999999,88.4699,88.32,88.4699,44039
2014-05-28 09:52:57,88.45,88.59,88.385,88.59,43876
2014-05-28 11:08:12,88.57,88.57,88.34,88.46,39522
2014-05-28 12:59:03,88.47,88.55,88.45,88.5,59556
2014-05-28 14:09:36,88.4898,88.63,88.4898,88.58,43206
2014-05-28 15:16:22,88.58,88.65,88.53,88.6453,30371
2014-05-28 15:59:56,88.64,88.649,88.44,88.44,42593
2014-05-29 10:02:15,88.44,88.685,88.35,88.60799999999999,28942
2014-05-29 11:07:34,88.625,88.6299,88.4098,88.57,84489
2014-05-29 12:58:07,88.569,88.6351,88.5562,88.6099,333703
2014-05-29 14:15:46,88.6099,88.6199,88.56,88.6199,37892
2014-05-29 15:01:45,88.61,88.75,88.61,88.75,36142
2014-05-29 15:36:57,88.7689,88.8,88.72,88.78,31638
2014-05-29 15:59:59,88.7831,88.825,88.74,88.82,58036
2014-05-30 10:02:05,88.82,88.82,88.65,88.79,66147
2014-05-30 10:53:15,88.79,88.8736,88.79,88.86,62133
2014-05-30 11:31:25,88.86200000000001,88.89,88.816,88.84100000000001,68920
2014-05-30 12:41:38,88.845,88.88,88.76,88.76,59001
2014-05-30 14:12:13,88.76,88.94,88.76,88.93,43602
2014-05-30 14:53:00,88.9269,88.96,88.9126,88.96,39623
2014-05-30 15:40:20,88.95100000000001,88.97,88.85,88.902,112025
2014-05-30 15:59:51,88.9397,89.04,88.93,89.0,48511
2014-06-02 10:01:31,89.0,89.15,88.92,88.97,67164
2014-06-02 10:51:44,88.98,89.0,88.79,88.79,56410
2014-06-02 11:39:07,88.7937,89.09,88.7937,89.0301,37237
2014-06-02 12:58:18,89.02,89.06,88.97,89.0401,49757
2014-06-02 14:43:58,89.05,89.1499,88.9935,89.11,45833
2014-06-02 15:48:56,89.11,89.13,89.0277,89.1063,49110
2014-06-03 10:26:52,89.1063,89.11,88.86,88.99,52534
2014-06-03 11:34:13,88.97,89.005,88.87,88.9797,36267
2014-06-03 13:18:13,88.9797,89.08,88.8651,89.0401,36441
2014-06-03 13:27:16,89.0501,89.06,89.03,89.0557,40039
2014-06-03 14:13:17,89.051,89.1299,89.0499,89.08,37724
2014-06-03 15:32:41,89.0924,89.1699,89.04,89.12700000000001,35893
2014-06-04 09:49:19,89.1199,89.1299,88.92,89.0251,33555
2014-06-04 11:04:49,89.03200000000001,89.2,89.01,89.2,36930
2014-06-04 11:51:30,89.2,89.26,89.18,89.2,46286
2014-06-04 12:56:48,89.19,89.2699,89.1845,89.26299999999999,40250
2014-06-04 14:13:42,89.27,89.2701,89.2001,89.2299,61235
2014-06-04 15:05:25,89.2151,89.2399,89.14,89.18,54214
2014-06-04 15:55:21,89.19,89.25,89.18,89.24,35947
2014-06-04 16:00:00,89.2444,89.2501,89.16,89.16,174072
2014-06-05 09:40:37,89.16,89.41,89.16,89.25,75638
2014-06-05 10:03:13,89.27,89.37,89.21,89.24,27660
2014-06-05 10:46:35,89.24,89.36,89.0501,89.33,28105
2014-06-05 11:12:22,89.32,89.45,89.28,89.44,30555
2014-06-05 11:40:50,89.45,89.58,89.43,89.57,27890
2014-06-05 12:05:06,89.57,89.75,89.57,89.75,28418
2014-06-05 12:59:38,89.75,89.83,89.69,89.7546,24607
2014-06-05 14:21:14,89.7551,89.8,89.72,89.8,54165
2014-06-05 15:09:19,89.79,89.85,89.7469,89.7767,26093
2014-06-05 15:59:04,89.77,89.81,89.72,89.78,45360
2014-06-06 09:55:53,89.78,90.11,89.77,90.06,30184
2014-06-06 10:28:29,90.06,90.1999,90.06,90.15,28869
2014-06-06 11:12:32,90.1597,90.27,90.15,90.25,30973
2014-06-06 12:49:06,90.231,90.27,90.1765,90.2499,24040
2014-06-06 14:00:54,90.2539,90.2825,90.2218,90.26,31771
2014-06-06 15:23:43,90.2582,90.26,90.16,90.1899,40074
2014-06-09 09:30:00,90.18,90.23,90.1,90.22,35046
2014-06-09 10:11:28,90.2153,90.44,90.2153,90.3901,22397
2014-06-09 11:21:05,90.39,90.48,90.37,90.48,37728
2014-06-09 12:18:49,90.48,90.55,90.47,90.47,22332
2014-06-09 13:54:02,90.47,90.47,90.3501,90.385,29329
2014-06-09 14:37:19,90.3899,90.4067,90.19,90.24,29704
2014-06-09 15:33:29,90.2496,90.38,90.21,90.329,29461
2014-06-09 16:00:00,90.3294,90.35,90.29,90.32,49404
2014-06-10 10:37:27,90.32,90.32,90.1,90.24,29336
2014-06-10 12:41:05,90.2299,90.3173,90.1653,90.21,44847
2014-06-10 14:37:33,90.2101,90.29,90.15,90.2599,39278
2014-06-10 15:48:02,90.2401,90.34,90.24,90.2951,30569
2014-06-11 09:46:32,90.301,90.38,89.97,90.09,44493
2014-06-11 10:32:18,90.09,90.112,89.89,89.89,32840
2014-06-11 11:17:11,89.89,89.9874,89.89,89.92,51928
2014-06-11 12:32:54,89.928,90.055,89.9173,90.02,46991
2014-06-11 13:58:05,90.01,90.025,89.9,89.9,39153
2014-06-11 15:03:24,89.9,89.96,89.8251,89.96,32230
2014-06-11 15:55:44,89.96,90.06,89.94,89.965,32026
2014-06-12 09:54:12,89.96,89.98,89.82,89.82,132569
2014-06-12 10:47:57,89.8075,89.89,89.6199,89.62,40601
2014-06-12 12:16:54,89.62,89.7899,89.61,89.7,37182
2014-06-12 13:30:14,89.7,89.7701,89.58,89.59,44395
2014-06-12 14:00:02,89.56,89.5899,89.37899999999999,89.42,29071
2014-06-12 15:05:44,89.415,89.55,89.415,89.43,40998
2014-06-12 15:51:26,89.4299,89.51,89.3151,89.4749,32185
2014-06-13 09:48:09,89.49,89.6899,89.46,89.6,39053
2014-06-13 11:06:56,89.5801,89.92,89.545,89.8951,28801
2014-06-13 12:44:48,89.9,89.91,89.7399,89.7399,33882
2014-06-13 15:18:19,89.74,89.93,89.7,89.85,37520
2014-06-16 09:48:49,89.76,89.94,89.66,89.93799999999999,43891
2014-06-16 11:18:21,89.93,90.1199,89.84,89.84,39837
2014-06-16 14:13:04,89.8701,90.09,89.7301,89.9799,37739
2014-06-16 15:59:11,89.9899,90.0,89.83,89.96,34993
2014-06-17 10:44:32,89.96,90.05,89.72,89.94,34233
2014-06-17 12:48:01,89.94,90.15,89.81,90.15,37870
2014-06-17 14:45:46,90.15,90.22,90.07,90.2,29906
2014-06-17 16:00:00,90.192,90.27,90.1365,90.22,40438
2014-06-18 11:32:34,90.22,90.35,90.08,90.1999,27751
2014-06-18 14:00:00,90.2,90.28,90.15,90.19,29207
2014-06-18 14:05:34,90.19,90.44,90.13,90.22,38449
2014-06-18 14:33:40,90.22,90.63,90.15,90.58,39310
2014-06-18 15:03:34,90.57,90.68,90.48,90.67,36963
2014-06-18 15:32:55,90.67,90.76,90.64,90.73,25014
2014-06-18 15:51:38,90.7365,90.92,90.7301,90.86,29090
2014-06-19 10:11:24,90.867,91.02,90.855,90.9464,44319
2014-06-19 11:20:54,90.9441,90.98,90.83,90.8674,32433
2014-06-19 13:08:40,90.86,90.93,90.8499,90.88,34707
2014-06-19 14:37:03,90.88,90.98,90.771,90.9199,27115
2014-06-19 15:39:37,90.9171,91.05,90.91,91.05,41679
2014-06-19 15:59:15,91.05,91.09,91.02,91.07,40938
2014-06-20 10:15:29,91.07,91.34,91.06,91.28,35662
2014-06-20 11:34:38,91.28,91.34,91.21,91.27,27076
2014-06-20 14:00:32,91.2701,91.33,91.18,91.214,25642
2014-06-20 15:32:16,91.216,91.2699,91.18,91.2699,37591
2014-06-20 16:00:00,91.2677,91.31,91.25,91.3,76283
2014-06-23 10:34:44,91.3,91.39,91.18,91.35,30544
2014-06-23 12:29:19,91.34,91.349,91.155,91.235,35256
2014-06-23 15:06:46,91.245,91.2748,91.182,91.25,32530
2014-06-23 15:59:21,91.24,91.365,91.237,91.365,49525
2014-06-24 10:15:04,91.365,91.37,90.63,90.85,32213
2014-06-24 11:30:42,90.858,91.039,90.823,90.9976,33944
2014-06-24 12:58:49,90.9899,90.9952,90.87,90.87,41178
2014-06-24 14:03:24,90.8531,90.8531,90.62,90.65,32557
2014-06-24 15:04:35,90.645,90.7199,90.38,90.42,42981
2014-06-24 15:56:17,90.41,90.42,90.19,90.31,36164
2014-06-25 10:32:52,90.36,90.36,90.04,90.2101,25036
2014-06-25 12:05:07,90.15,90.41,90.13,90.2295,29527
2014-06-25 14:34:41,90.24,90.438,90.2101,90.4197,32950
2014-06-25 15:59:50,90.4101,90.49,90.32,90.47,39017
2014-06-26 10:37:31,90.46,90.46,89.7546,89.98,49764
2014-06-26 12:41:30,89.9262,90.11,89.91,90.068,30751
2014-06-26 15:16:06,90.0736,90.346,90.0136,90.3195,37247
2014-06-27 09:57:57,90.3195,90.34,90.05,90.19,43709
2014-06-27 11:55:58,90.15,90.2801,90.085,90.248,35424
2014-06-27 13:32:05,90.247,90.25,89.99,90.0328,46207
2014-06-27 15:06:14,90.0562,90.198,90.05,90.1,49687
2014-06-27 16:00:00,90.1,90.4299,90.1,90.38,41376
2014-06-30 10:42:27,90.38,90.52,90.25,90.431,28949
2014-06-30 11:48:00,90.431,90.4701,90.2801,90.43,41430
2014-06-30 13:56:08,90.4,90.4566,90.36,90.452,41749
2014-06-30 15:13:04,90.451,90.5,90.34,90.4,59563
2014-06-30 15:52:58,90.4,90.42,90.26,90.295,29518
2014-07-01 09:37:24,90.31,90.68,90.28,90.65,39675
2014-07-01 10:12:23,90.67,90.7898,90.56,90.75,44988
2014-07-01 11:23:05,90.75,90.81,90.6301,90.785,53411
2014-07-01 11:49:52,90.785,90.85,90.785,90.8199,55819
2014-07-01 13:14:05,90.81,90.9899,90.7749,90.9899,48575
2014-07-01 14:22:54,90.9873,91.03,90.92,90.955,58702
2014-07-01 15:16:13,90.958,90.958,90.8,90.81,57941
2014-07-01 15:50:40,90.81,90.92,90.808,90.87,41285
2014-07-02 09:51:44,90.8699,90.9074,90.69,90.84,88211
2014-07-02 11:12:26,90.83,90.95,90.7555,90.83,54492
2014-07-02 12:54:35,90.82,90.8701,90.75,90.75,37961
2014-07-02 14:49:22,90.74,90.8362,90.74,90.7799,36372
2014-07-02 15:58:37,90.78,90.8099,90.76,90.79,34179
2014-07-03 10:23:46,90.79,91.2199,90.79,91.15,61397
2014-07-03 11:48:24,91.15,91.2399,91.12,91.2252,32048
2014-07-03 12:55:11,91.225,91.3073,91.225,91.2699,38584
2014-07-07 10:20:33,91.27,91.3,90.94,91.085,57935
2014-07-07 12:05:18,91.075,91.0832,90.8499,90.9516,37506
2014-07-07 14:27:12,90.9401,90.997,90.84,90.925,32592
2014-07-07 15:36:11,90.93,90.93,90.8109,90.9016,32128
2014-07-08 09:47:00,90.9055,90.96,90.6401,90.67,69957
2014-07-08 10:37:27,90.64,90.688,90.52,90.57,59559
2014-07-08 11:01:31,90.5701,90.68,90.5701,90.5898,64290
2014-07-08 12:11:34,90.5898,90.6199,90.4345,90.4666,72055
2014-07-08 14:09:35,90.48,90.72,90.422,90.62,36382
2014-07-08 15:39:22,90.638,90.6565,90.4986,90.54,39966
2014-07-09 10:19:48,90.54,90.83,90.49,90.65,50452
2014-07-09 11:55:49,90.62,90.8351,90.62,90.6999,38718
2014-07-09 14:05:59,90.6943,90.757,90.6455,90.67,56479
2014-07-09 15:10:47,90.66,90.94,90.6,90.94,36546
2014-07-10 09:37:28,90.96,90.96,90.04,90.194,61588
2014-07-10 10:59:14,90.24,90.484,90.14,90.4699,41168
2014-07-10 11:51:29,90.46,90.5201,90.38,90.4299,33211
2014-07-10 13:20:26,90.42,90.565,90.375,90.5099,28267
2014-07-10 14:45:59,90.51,90.73,90.51,90.5301,33222
2014-07-10 15:42:50,90.5501,90.6399,90.443,90.6399,36539
2014-07-11 10:17:06,90.63,90.64,90.24,90.38,39009
2014-07-11 11:57:59,90.4399,90.47,90.304,90.33,32512
2014-07-11 14:33:20,90.3199,90.5101,90.3,90.501,38629
2014-07-11 15:55:46,90.5244,90.61,90.46,90.531,37692
2014-07-14 10:44:17,90.52,91.08,90.52,90.97,42961
2014-07-14 12:25:55,90.97,91.01,90.9344,90.9699,35292
2014-07-14 13:35:09,90.96,90.9701,90.88,90.89,48969
2014-07-14 14:56:40,90.89,90.94,90.8663,90.8845,46555
2014-07-15 09:32:14,90.889,91.1,90.84,91.1,58513
2014-07-15 10:00:44,91.11,91.1999,91.0,91.1053,39621
2014-07-15 10:36:50,91.09,91.165,90.95,91.03,34249
2014-07-15 11:31:22,91.03,91.03,90.7,90.85,30727
2014-07-15 12:59:05,90.8401,90.8899,90.61,90.8,37723
2014-07-15 14:32:24,90.81,91.03,90.78,90.985,47804
2014-07-15 15:46:49,90.985,91.03,90.9,90.9475,34067
2014-07-16 09:53:35,90.94,91.42,90.92,91.2144,50683
2014-07-16 10:51:13,91.23,91.3599,91.17,91.17,40469
2014-07-16 12:40:50,91.17,91.37,91.146,91.34,35369
2014-07-16 14:01:09,91.345,91.41,91.32,91.4,37300
2014-07-16 15:01:51,91.41,91.45,91.3401,91.3401,35766
2014-07-16 15:59:58,91.3416,91.47,91.3416,91.44,45455
2014-07-17 10:11:47,91.46,91.46,91.12,91.3399,38170
2014-07-17 11:02:29,91.35,91.52,91.35,91.3799,28954
2014-07-17 11:35:18,91.3734,91.3734,90.95,91.15,50248
2014-07-17 12:31:44,91.15,91.15,90.85,91.01,39581
2014-07-17 14:11:59,91.0301,91.27,90.949,90.9801,48073
2014-07-17 15:15:32,91.0163,91.04,90.79,90.79,36218
2014-07-17 15:43:03,90.79,90.79,90.4799,90.4799,48983
2014-07-18 09:35:18,90.46,90.8099,90.4044,90.78,74327
2014-07-18 10:47:56,90.78,90.8232,90.65,90.755,33896
2014-07-18 12:54:05,90.804,91.12,90.8026,91.08,63144
2014-07-18 15:01:15,91.0962,91.19,90.945,91.154,40266
2014-07-21 09:31:49,91.15,91.28,90.87,90.87,66236
2014-07-21 11:01:15,90.8899,90.98,90.6401,90.6401,38162
2014-07-21 13:10:35,90.68,90.9068,90.68,90.9,38447
2014-07-21 14:30:54,90.905,91.08,90.905,91.03,54930
2014-07-21 15:59:42,91.0337,91.135,90.9954,91.04,31934
2014-07-22 11:04:00,91.04,91.4899,91.04,91.485,42505
2014-07-22 12:05:15,91.52,91.56,91.46,91.513,35073
2014-07-22 12:11:31,91.53,91.54,91.5,91.53,35465
2014-07-22 12:27:10,91.5399,91.5399,91.5,91.51,31363
2014-07-22 13:32:27,91.51,91.56,91.48,91.49,51952
2014-07-22 14:50:56,91.49,91.54,91.38,91.38,45703
2014-07-23 09:30:36,91.377,91.5199,90.71,91.47,54278
2014-07-23 10:30:18,91.48,91.5,91.31,91.46,41308
2014-07-23 11:37:50,91.465,91.57,91.465,91.535,39545
2014-07-23 12:47:04,91.535,91.577,91.4069,91.4299,52651
2014-07-23 13:54:22,91.405,91.55,91.38,91.5488,39876
2014-07-23 15:00:39,91.545,91.567,91.5,91.53,43582
2014-07-24 09:51:38,91.53,91.7,91.505,91.652,31420
2014-07-24 10:20:02,91.6301,91.64,91.5,91.6022,21996
2014-07-24 11:53:40,91.61,91.74,91.567,91.7169,28289
2014-07-24 13:25:15,91.7,91.72,91.6,91.66,34639
2014-07-24 15:15:16,91.66,91.696,91.5348,91.56,39135
2014-07-25 09:38:22,91.5699,91.67,91.28,91.36,51562
2014-07-25 11:16:00,91.35,91.425,91.14,91.15,30748
2014-07-25 13:19:31,91.14,91.29,91.05,91.2243,59161
2014-07-25 15:19:21,91.21,91.289,91.1135,91.185,38387
2014-07-28 10:00:14,91.1747,91.21,90.8701,90.94,38272
2014-07-28 11:33:07,90.9425,91.16,90.75,91.16,35751
2014-07-28 13:35:31,91.16,91.29,91.0401,91.265,44282
2014-07-28 15:04:06,91.265,91.39,91.2252,91.3099,43022
2014-07-29 10:01:00,91.3353,91.54,91.25,91.54,68917
2014-07-29 11:18:03,91.54,91.57,91.14,91.2599,30358
2014-07-29 12:44:44,91.2363,91.36,91.05,91.35,34340
2014-07-29 14:57:29,91.34,91.4,91.117,91.16,41119
2014-07-29 15:56:11,91.16,91.16,90.89,90.91,30332
2014-07-30 10:13:07,90.92,91.2396,90.73,90.82,60377
2014-07-30 11:15:07,90.82,90.9,90.43,90.59,30959
2014-07-30 12:11:47,90.6,90.68,90.37,90.48,43470
2014-07-30 13:34:09,90.51,90.64,90.4699,90.56,36096
2014-07-30 14:15:10,90.57,91.02,90.47,91.02,43855
2014-07-30 15:12:57,91.02,91.067,90.59,90.63,29160
2014-07-31 09:31:51,90.6099,90.84,89.95,89.9501,58150
2014-07-31 10:00:06,89.95,90.19,89.94,90.04,40459
2014-07-31 10:59:58,90.0,90.12,89.59,89.61,32444
2014-07-31 11:56:15,89.61,89.76,89.49,89.49,61321
2014-07-31 12:56:18,89.4866,89.5999,89.35,89.5699,32374
2014-07-31 14:16:56,89.5599,89.6,89.35,89.52,47993
2014-07-31 14:53:52,89.52,89.6232,89.28,89.305,41312
2014-07-31 15:21:43,89.305,89.35,89.08,89.08,43083
2014-07-31 15:52:31,89.11,89.225,89.0,89.02,38376
2014-08-01 09:35:17,89.0299,89.086,88.6812,88.86,54006
2014-08-01 10:04:24,88.87,89.22,88.8132,89.16,50945
2014-08-01 10:55:18,89.1699,89.1799,88.86,88.899,36690
2014-08-01 11:29:48,88.8703,88.8703,88.5901,88.755,31567
2014-08-01 12:18:49,88.7364,88.7587,88.3101,88.5541,54344
2014-08-01 13:16:26,88.5202,88.6,88.36,88.51,58808
2014-08-01 13:42:52,88.509,88.87,88.509,88.83,41144
2014-08-01 14:34:11,88.7867,89.04,88.7801,88.92,49013
2014-08-01 15:29:49,88.9117,88.9899,88.8,88.89,35134
2014-08-04 09:31:50,88.88,88.8899,88.65,88.84,76236
2014-08-04 10:56:40,88.81,88.87,88.59,88.595,42178
2014-08-04 11:28:37,88.58,88.76,88.47,88.7401,42612
2014-08-04 12:46:25,88.75,88.804,88.59,88.77,45845
2014-08-04 14:43:00,88.7599,89.1399,88.7566,89.11,81556
2014-08-04 15:45:08,89.125,89.43799999999999,89.12,89.3967,42122
2014-08-05 10:04:03,89.38,89.39,88.72,88.72,46352
2014-08-05 11:20:14,88.729,89.13,88.729,89.035,27777
2014-08-05 13:17:08,89.0699,89.09,88.665,88.75,33513
2014-08-05 13:59:12,88.7498,88.82,88.15,88.3899,40319
2014-08-05 14:45:03,88.32,88.3745,88.06,88.3001,57119
2014-08-05 15:35:26,88.3286,88.37,88.08,88.37,53548
2014-08-05 15:58:59,88.37,88.48,88.3399,88.36,101431
2014-08-06 09:35:19,88.35,88.37,87.88,88.17,127806
2014-08-06 10:25:11,88.205,88.55,88.1501,88.49,25276
2014-08-06 11:12:20,88.5,88.81,88.4799,88.71,56709
2014-08-06 12:16:12,88.713,88.7999,88.5701,88.65,60029
2014-08-06 13:06:02,88.64,88.7602,88.5251,88.545,43315
2014-08-06 14:01:45,88.54,88.64,88.3701,88.3899,35755
2014-08-06 15:05:46,88.39399999999999,88.56,88.361,88.5598,49269
2014-08-06 15:51:10,88.5696,88.5696,88.415,88.49,46988
2014-08-07 10:11:28,88.5066,88.92,88.45,88.69,49519
2014-08-07 11:09:09,88.66,88.78,88.28,88.34,54301
2014-08-07 11:36:02,88.34,88.4,88.19,88.37100000000001,35488
2014-08-07 12:26:49,88.375,88.4,88.0,88.131,70264
2014-08-07 13:38:59,88.14399999999999,88.285,87.927,88.255,30931
2014-08-07 14:50:31,88.32,88.335,88.04,88.0866,71436
2014-08-07 15:49:22,88.0649,88.104,87.78,87.9249,37559
2014-08-08 10:12:57,87.92200000000001,88.28,87.92200000000001,88.145,57947
2014-08-08 11:34:37,88.1251,88.4565,88.0039,88.4393,41387
2014-08-08 13:26:15,88.463,88.76,88.315,88.74,57480
2014-08-08 14:13:49,88.75,88.89,88.7201,88.789,70375
2014-08-08 15:20:50,88.789,88.89,88.77,88.8,55992
2014-08-11 09:59:05,88.8301,89.46,88.8301,89.4499,55654
2014-08-11 10:46:27,89.42,89.4806,89.35,89.475,283851
2014-08-11 11:54:00,89.46799999999999,89.61,89.3953,89.52,38372
2014-08-11 13:38:59,89.52,89.55,89.39,89.43,71976
2014-08-11 15:26:07,89.4101,89.4345,89.2,89.3055,51132
2014-08-12 10:10:11,89.3075,89.3798,89.04,89.18,49395
2014-08-12 11:43:06,89.16,89.3213,88.9599,89.045,40205
2014-08-12 13:35:56,89.0256,89.25,88.98,89.07,29084
2014-08-12 15:01:05,89.0762,89.1276,88.94,89.03,50811
2014-08-12 15:59:11,89.0299,89.22,89.02,89.195,57312
2014-08-13 10:47:09,89.19,89.59,89.14,89.4074,40841
2014-08-13 11:57:18,89.41,89.71700000000001,89.385,89.6035,30004
2014-08-13 12:36:11,89.61,89.62,89.54,89.61,39187
2014-08-13 14:15:39,89.61,89.66,89.5435,89.57,64047
2014-08-13 15:50:00,89.57,89.65,89.5,89.65,59908
2014-08-14 10:35:12,89.65,89.8358,89.6035,89.83,32087
2014-08-14 13:17:50,89.8301,89.97,89.73700000000001,89.97,41166
2014-08-14 15:23:01,89.97,89.99,89.84,89.9299,49901
2014-08-15 10:05:23,89.93,90.31,89.913,90.229,293626
2014-08-15 10:51:28,90.2298,90.3066,89.88,89.94,43192
2014-08-15 11:00:07,89.9,89.91,89.445,89.72,48714
2014-08-15 11:15:16,89.68,89.89,89.58,89.8355,30400
2014-08-15 12:05:49,89.83,89.8799,89.27,89.48,40116
2014-08-15 13:22:36,89.5,89.7,89.4,89.6051,24515
2014-08-15 14:20:25,89.61,89.618,89.43,89.586,39980
2014-08-15 15:50:13,89.58,89.8482,89.58,89.811,40938
2014-08-18 10:27:50,89.82,90.43,89.81,90.4,46491
2014-08-18 12:03:03,90.3852,90.4949,90.3498,90.47,33521
2014-08-18 14:05:48,90.4837,90.5166,90.4299,90.4538,56353
2014-08-18 15:19:55,90.44,90.44,90.3734,90.4302,71024
2014-08-19 09:35:27,90.435,90.75,90.38,90.73,43396
2014-08-19 11:03:33,90.75,90.88,90.62,90.8699,40244
2014-08-19 13:08:47,90.8751,90.9299,90.803,90.9,40349
2014-08-19 14:39:29,90.9,90.94,90.845,90.94,83892
2014-08-20 09:31:03,90.937,90.9499,90.73,90.78,46486
2014-08-20 12:13:47,90.76,91.0,90.74,90.9299,44542
2014-08-20 14:16:01,90.9202,91.07,90.76,90.7937,42423
2014-08-20 15:33:33,90.81,91.1902,90.81,91.16,58520
2014-08-21 10:00:00,91.16,91.46,91.11,91.45,55497
2014-08-21 11:13:42,91.45,91.5301,91.2999,91.5301,31900
2014-08-21 13:41:15,91.532,91.63,91.461,91.62,42210
2014-08-21 15:22:39,91.62,91.701,91.5901,91.68,50588
2014-08-22 09:59:40,91.67,91.6899,91.36,91.4499,49730
2014-08-22 11:08:30,91.47,91.6,91.11,91.24,31436
2014-08-22 13:45:34,91.28,91.45,91.2347,91.4334,31054
2014-08-22 15:33:33,91.4499,91.4499,91.2248,91.319,34830
2014-08-25 10:00:01,91.34,91.78,91.21,91.75,40140
2014-08-25 10:37:35,91.75,91.8,91.69,91.76,30581
2014-08-25 11:25:05,91.76,91.91,91.7566,91.84,29277
2014-08-25 12:56:51,91.8301,91.9,91.67,91.674,28554
2014-08-25 14:26:47,91.6899,91.76,91.63,91.68,37198
2014-08-25 15:57:50,91.6877,91.75,91.6799,91.71,46037
2014-08-26 10:03:00,91.71,92.0,91.71,91.9263,49476
2014-08-26 11:14:25,91.94,92.099,91.88,92.0889,24002
2014-08-26 12:01:28,92.09,92.09,91.93,91.94,34192
2014-08-26 13:57:26,91.94,91.98,91.8234,91.889,35440
2014-08-26 14:59:25,91.9,91.919,91.875,91.909,30619
2014-08-26 15:38:28,91.91,91.91,91.82,91.837,40457
2014-08-27 10:06:30,91.838,91.97,91.8,91.85,57569
2014-08-27 12:03:56,91.8499,91.98,91.7801,91.9,47359
2014-08-27 14:38:56,91.9,91.93,91.8463,91.906,33969
2014-08-27 15:59:06,91.895,91.9,91.74,91.9,39705
2014-08-28 10:19:17,91.9,92.64,91.51,91.57,105194
2014-08-28 11:50:51,91.57,91.78,91.57,91.7238,44007
2014-08-28 12:02:51,91.7252,91.78,91.71,91.77,61108
2014-08-28 12:30:38,91.75,91.87,91.75,91.86,45808
2014-08-28 14:48:08,91.85,91.88,91.812,91.84,53888
2014-08-28 15:59:38,91.84,91.88,91.76,91.82,56525
2014-08-29 10:32:17,91.82,92.0,91.75,91.7863,54227
2014-08-29 11:54:03,91.8365,92.1,91.81,92.08,35985
2014-08-29 14:00:13,92.09,92.14,91.995,92.0261,26267
2014-08-29 15:42:25,92.0499,92.07,91.95,92.06,48488
2014-08-29 16:00:00,92.07,92.17,92.07,92.15,50067
2014-09-02 10:11:26,92.2,92.23,91.96,92.0141,39523
2014-09-02 11:47:25,92.08,92.125,91.84,91.84,41202
2014-09-02 13:40:21,91.85,91.861,91.6,91.655,36620
2014-09-02 15:33:26,91.66,91.908,91.63,91.835,45211
2014-09-03 09:45:20,91.8342,92.42,91.8342,92.42,39072
2014-09-03 10:54:43,92.39,92.42,92.27,92.3675,31117
2014-09-03 11:53:37,92.3699,92.3699,92.1586,92.2151,39910
2014-09-03 13:08:55,92.2101,92.32,92.12,92.2799,35392
2014-09-03 14:49:40,92.275,92.323,92.1422,92.1422,43563
2014-09-03 15:59:46,92.1325,92.17,92.05,92.16,40094
2014-09-04 09:44:24,92.15,92.41,92.14,92.4,27563
2014-09-04 10:12:03,92.42,92.53,92.41,92.53,22553
2014-09-04 11:07:02,92.54,92.59,92.461,92.53,27529
2014-09-04 12:34:11,92.54,92.55,92.3,92.3,37721
2014-09-04 13:22:15,92.305,92.37,92.3,92.3,44210
2014-09-04 14:50:07,92.3,92.33,92.01,92.01,47425
2014-09-04 15:35:34,92.01,92.09,91.75,91.8625,35645
2014-09-05 10:17:43,91.8801,92.0599,91.8,91.8,49785
2014-09-05 12:00:08,91.8,92.1434,91.69,92.12,34903
2014-09-05 14:28:10,92.104,92.37,92.104,92.33,56663
2014-09-05 15:53:00,92.3401,92.431,92.26,92.431,31681
2014-09-08 10:23:28,92.431,92.45,92.1364,92.1364,45097
2014-09-08 12:35:26,92.1496,92.2802,92.0799,92.13,41695
2014-09-08 13:26:19,92.1402,92.17,91.9251,91.975,55299
2014-09-08 14:00:07,91.995,91.995,91.85,91.8766,54700
2014-09-08 15:23:10,91.9101,92.08,91.9,92.0575,47627
2014-09-08 15:56:19,92.06,92.15,92.05,92.105,71759
2014-09-09 09:49:16,92.1,92.1,91.67,91.77,53234
2014-09-09 10:19:31,91.77,91.77,91.57,91.6,75058
2014-09-09 11:45:23,91.6,91.8,91.5,91.72,57577
2014-09-09 12:35:23,91.715,91.76,91.645,91.74,73941
2014-09-09 13:53:46,91.75,91.8545,91.5701,91.82,57482
2014-09-09 15:09:54,91.82,91.82,91.4356,91.44,49153
2014-09-10 09:43:44,91.44,91.56,91.2799,91.29,46818
2014-09-10 11:31:18,91.3,91.36,91.1201,91.3499,43010
2014-09-10 13:07:36,91.3498,91.5144,91.34,91.5,48938
2014-09-10 14:45:12,91.49,91.6055,91.44,91.4901,59838
2014-09-10 15:55:14,91.4901,91.66,91.45,91.59,40763
2014-09-11 10:26:42,91.6,91.62,91.23,91.42,44789
2014-09-11 13:07:13,91.43,91.73,91.2466,91.67,33290
2014-09-11 15:32:20,91.6736,91.81,91.5499,91.71,41894
2014-09-12 10:04:57,91.7199,91.82,91.39,91.39,46980
2014-09-12 11:57:43,91.35,91.6373,91.34,91.416,37867
2014-09-12 14:41:58,91.4258,91.448,91.01,91.0238,37397
2014-09-15 09:37:07,91.0,91.27,90.981,91.17,45629
2014-09-15 12:05:05,91.14,91.4052,91.04,91.194,27137
2014-09-15 14:30:06,91.229,91.5,91.19,91.5,54290
2014-09-15 15:41:19,91.5,91.57,91.42,91.43,41233
2014-09-16 10:30:21,91.42,91.74,91.25,91.6738,43180
2014-09-16 12:18:07,91.65,92.14,91.59,92.091,37649
2014-09-16 14:22:07,92.1005,92.31,92.1005,92.25,27907
2014-09-16 15:56:18,92.25,92.2699,92.0701,92.0938,49649
2014-09-17 09:59:57,92.0999,92.33,92.073,92.3199,46494
2014-09-17 11:00:33,92.315,92.3201,92.18,92.195,32880
2014-09-17 12:26:53,92.195,92.2299,92.04,92.05,35723
2014-09-17 14:00:10,92.0549,92.325,92.01,92.325,39173
2014-09-17 14:03:25,92.325,92.39,91.84,91.84,41370
2014-09-17 14:07:45,91.84,92.11,91.78,92.09,29878
2014-09-17 14:13:42,92.1,92.38,92.06,92.38,27941
2014-09-17 14:25:59,92.38,92.45,92.25,92.4299,31699
2014-09-17 14:57:49,92.41,92.49,92.2,92.43,50567
2014-09-17 15:22:33,92.42,92.61,92.37,92.38,58511
2014-09-18 09:35:13,92.37,92.506,92.12,92.39,45915
2014-09-18 10:38:53,92.39,92.57,92.3201,92.56,22632
2014-09-18 12:19:39,92.5527,92.63,92.437,92.5,32307
2014-09-18 14:43:01,92.51,92.54,92.4363,92.475,40047
2014-09-18 15:33:28,92.4756,92.58,92.4433,92.58,46162
2014-09-18 15:54:25,92.5699,92.65,92.5699,92.609,44079
2014-09-19 09:58:04,92.599,92.96,92.54,92.87,101796
2014-09-19 10:37:54,92.8801,92.9164,92.73,92.76,22524
2014-09-19 11:25:51,92.76,92.844,92.71,92.8,27216
2014-09-19 12:06:19,92.7947,92.809,92.64,92.64,32034
2014-09-19 13:39:15,92.64,92.7434,92.41,92.5327,32221
2014-09-19 14:51:09,92.5037,92.6853,92.485,92.68,42376
2014-09-19 15:23:29,92.68,92.7,92.63,92.63,50582
2014-09-22 09:31:55,92.63,92.71,92.33,92.35,81838
2014-09-22 10:50:41,92.34,92.3625,92.02,92.0399,36299
2014-09-22 12:40:41,92.0202,92.0899,91.8799,91.93,27443
2014-09-22 14:09:50,91.93,92.0855,91.89,91.94,38245
2014-09-22 15:03:21,91.9149,91.95,91.78,91.92,46417
2014-09-22 15:59:03,91.92,91.9567,91.78,91.89,64674
2014-09-23 11:08:46,91.89,91.9,91.55,91.63,56701
2014-09-23 12:43:23,91.66,91.78,91.58,91.65,46103
2014-09-23 14:42:38,91.655,91.655,91.33,91.3301,38170
2014-09-23 15:55:39,91.3334,91.5099,91.32,91.35,58569
2014-09-24 10:07:40,91.35,91.35,90.555,90.59,40924
2014-09-24 11:33:42,90.58,91.1,90.52,91.076,28963
2014-09-24 13:49:15,91.07,91.0864,90.9133,91.07,36253
2014-09-24 15:53:31,91.075,91.38,91.075,91.29,45214
2014-09-25 10:18:47,91.29,91.33,90.54,90.59,47166
2014-09-25 11:16:27,90.586,90.5901,90.14,90.28,28336
2014-09-25 12:26:04,90.31,90.4299,90.09,90.09,29505
2014-09-25 13:53:53,90.09,90.2266,90.01,90.015,32230
2014-09-25 14:55:41,89.99,90.239,89.95,90.1755,33685
2014-09-25 15:48:32,90.1701,90.257,90.04,90.2,45551
2014-09-26 10:17:37,90.1941,90.2496,89.86,90.1,45516
2014-09-26 11:45:09,90.1,90.2039,89.94,89.979,46597
2014-09-26 14:24:19,89.9841,90.62,89.93,90.6099,39347
2014-09-26 15:59:24,90.61,90.7599,90.4999,90.56,55710
2014-09-29 10:17:02,90.55,90.56,89.762,89.9701,62241
2014-09-29 11:30:00,90.01,90.41,90.01,90.34,24813
2014-09-29 13:01:37,90.34,90.37,90.091,90.21,38042
2014-09-29 14:34:19,90.16,90.37,89.99,90.08,46305
2014-09-29 15:38:59,90.1066,90.47,90.04,90.38,36957
2014-09-30 09:48:00,90.39,90.42,90.13,90.19,44508
2014-09-30 11:13:32,90.2,90.5825,89.96799999999999,90.52,29458
2014-09-30 12:18:48,90.5275,90.5999,90.3466,90.3466,36632
2014-09-30 14:01:33,90.3818,90.3999,89.855,89.96,29269
2014-09-30 15:12:00,89.9646,90.15,89.9,90.05,28729
2014-09-30 15:59:45,90.05,90.28,90.05,90.08,65307
2014-10-01 09:48:35,90.09,90.09,89.4828,89.55,64645
2014-10-01 10:01:30,89.55,89.63,89.47,89.5,81013
2014-10-01 10:32:18,89.52,89.6499,89.366,89.5899,52043
2014-10-01 11:10:14,89.5845,89.84,89.45,89.8099,36531
2014-10-01 12:00:09,89.79899999999999,89.79899999999999,89.4948,89.57,55607
2014-10-01 12:21:04,89.5754,89.62,89.47,89.5099,43695
2014-10-01 12:31:34,89.5,89.5943,89.5,89.52,46412
2014-10-01 12:55:54,89.5001,89.5001,89.3,89.37,49505
2014-10-01 13:22:24,89.37,89.3899,89.2,89.21,35402
2014-10-01 13:59:56,89.21,89.29,89.0333,89.06,33727
2014-10-01 14:40:55,89.03,89.21,89.03,89.1898,61955
2014-10-01 15:00:28,89.1899,89.1899,88.96,88.97,60896
2014-10-01 15:13:05,88.97,89.02,88.8296,88.92,122536
2014-10-01 15:30:07,88.9,89.01,88.86,89.01,60025
2014-10-01 15:41:50,89.005,89.0946,88.96,89.08,49196
2014-10-01 15:58:24,89.1399,89.22,89.03,89.03,49303
2014-10-02 09:44:45,89.0347,89.08,88.84,89.0,87833
2014-10-02 10:26:34,89.0,89.08,88.85,88.9998,32528
2014-10-02 11:01:54,89.0,89.0,88.55,88.58,50119
2014-10-02 11:33:26,88.59,88.68,88.4299,88.4299,65258
2014-10-02 11:58:02,88.41,88.41,88.145,88.33,37257
2014-10-02 12:51:57,88.3,88.54,88.3,88.441,46714
2014-10-02 13:17:37,88.441,88.8507,88.441,88.8507,33256
2014-10-02 14:07:55,88.8941,89.04,88.809,89.0312,76641
2014-10-02 14:47:14,89.05,89.18,88.97,89.18,52830
2014-10-02 15:32:24,89.18,89.26,88.97,88.973,47606
2014-10-03 09:32:44,88.95,89.58,88.90299999999999,89.52,68341
2014-10-03 09:48:41,89.52,89.77,89.25,89.7492,37198
2014-10-03 10:35:21,89.6801,89.8292,89.5172,89.5172,43576
2014-10-03 11:37:49,89.535,89.73,89.47,89.7,68498
2014-10-03 13:15:16,89.7148,89.98,89.62,89.9,51852
2014-10-03 14:17:43,89.89,90.0,89.7901,89.934,36862
2014-10-03 15:26:31,89.939,90.02,89.89,89.93,58512
2014-10-03 15:59:54,89.9744,90.05,89.8801,89.91,48098
2014-10-06 10:17:28,89.91,90.448,89.9,90.25,41665
2014-10-06 11:28:50,90.2101,90.2463,89.95,89.95,36059
2014-10-06 12:25:49,90.02,90.0958,89.61,89.8,44340
2014-10-06 13:47:22,89.8,89.9537,89.5696,89.9189,44882
2014-10-06 15:20:13,89.91,90.04799999999999,89.785,89.87,39140
2014-10-07 09:30:33,89.88,90.0,89.39,89.44,60332
2014-10-07 10:15:54,89.41,89.5,89.1,89.35,64295
2014-10-07 11:07:08,89.36,89.64,89.26,89.26,39441
2014-10-07 11:56:17,89.26,89.39,89.14,89.37,33086
2014-10-07 13:30:33,89.37,89.4861,89.22,89.446,36604
2014-10-07 14:49:59,89.4401,89.4401,88.98,89.0215,36211
2014-10-07 15:17:06,89.0199,89.03,88.82,88.83,52133
2014-10-07 15:52:38,88.83,88.8534,88.63,88.64,47475
2014-10-08 09:37:05,88.65,88.68,88.47,88.66,71516
2014-10-08 10:30:33,88.66,88.7366,88.3598,88.54,25853
2014-10-08 11:10:36,88.5801,88.5801,88.14,88.3199,26794
2014-10-08 12:04:33,88.33,88.6538,88.16,88.62,33218
2014-10-08 13:08:52,88.648,88.66,88.44200000000001,88.59,42809
2014-10-08 14:01:20,88.565,89.02,88.565,89.0,31725
2014-10-08 14:20:58,89.0,89.43,88.99,89.43,40624
2014-10-08 15:00:40,89.48,89.67200000000001,89.36,89.46,56699
2014-10-08 15:42:03,89.47,89.91,89.46,89.91,54771
2014-10-09 09:40:27,89.92,90.02,89.72,89.8499,42041
2014-10-09 10:29:17,89.8,89.83,89.41,89.5266,32478
2014-10-09 10:59:13,89.5399,89.56,89.16,89.33,38864
2014-10-09 11:23:56,89.35,89.46,89.15,89.27,36875
2014-10-09 11:53:12,89.28,89.31,88.73,88.73,41481
2014-10-09 12:20:56,88.72,88.7799,88.49,88.5819,40376
2014-10-09 13:18:45,88.564,88.62,88.162,88.3638,32804
2014-10-09 14:10:23,88.38,88.7201,88.29,88.31,26075
2014-10-09 14:27:31,88.28,88.3198,88.14,88.25,46988
2014-10-09 14:42:11,88.25,88.37,88.04,88.27,34789
2014-10-09 15:13:09,88.26,88.32,88.05,88.15,49769
2014-10-09 15:32:32,88.15,88.4667,88.14,88.43,55211
2014-10-09 15:59:52,88.4558,88.5299,88.08,88.08,58050
2014-10-10 09:47:21,88.09,88.49,87.86,88.38,42629
2014-10-10 10:10:14,88.38,88.4699,87.89,87.92,58834
2014-10-10 10:25:38,87.94,87.9999,87.6233,87.63,30909
2014-10-10 10:51:25,87.64,87.9,87.5199,87.9,37912
2014-10-10 11:15:08,87.93,88.0436,87.79,87.79,28760
2014-10-10 11:55:50,87.79,88.02,87.63,87.93,40481
2014-10-10 12:20:29,87.97,88.36,87.97,88.16,48559
2014-10-10 12:39:15,88.16,88.59,88.16,88.38,51312
2014-10-10 13:34:26,88.36,88.47,88.05,88.117,30320
2014-10-10 14:34:19,88.12,88.36,88.09,88.15,59455
2014-10-10 15:21:43,88.15,88.15,87.67,87.76,39093
2014-10-10 15:52:17,87.74700000000001,87.7998,87.4501,87.4799,45331
2014-10-13 09:51:42,87.4739,87.686,87.1885,87.27,45865
2014-10-13 10:15:47,87.27,87.39299999999999,87.07,87.18,36970
2014-10-13 10:49:38,87.18,87.22,86.94,87.06,50434
2014-10-13 11:28:18,87.0339,87.4399,87.0339,87.24,36197
2014-10-13 12:01:43,87.23,87.3799,87.13,87.21,42984
2014-10-13 12:49:24,87.16,87.7162,87.15,87.53,48838
2014-10-13 13:58:45,87.52,87.6164,87.2598,87.2742,51615
2014-10-13 14:55:24,87.2658,87.4494,87.1867,87.1867,56254
2014-10-13 15:16:37,87.19,87.19,87.04,87.0799,44842
2014-10-13 15:33:32,87.0,87.0,86.39,86.47,40364
2014-10-13 15:54:12,86.47,86.69,86.18,86.18,42673
2014-10-14 09:52:01,86.18,86.8095,86.0,86.51299999999999,34497
2014-10-14 10:05:03,86.51,86.59,86.36,86.54,53240
2014-10-14 10:26:24,86.55,86.66,86.37,86.44,34488
2014-10-14 10:53:24,86.47,86.7699,86.35,86.76,164010
2014-10-14 11:15:32,86.76,86.93,86.63,86.93,54360
2014-10-14 12:02:36,86.9232,87.17,86.81,87.06,31811
2014-10-14 13:09:54,87.06,87.2302,86.79,86.9655,39520
2014-10-14 13:59:01,87.01,87.09,86.65,86.77,70560
2014-10-14 14:29:04,86.8237,86.851,86.51899999999999,86.55,34929
2014-10-14 14:52:55,86.54,86.72,86.4102,86.48,45077
2014-10-14 15:17:08,86.48,86.57,86.2501,86.31,51354
2014-10-14 15:27:34,86.3238,86.33,85.97,86.06,39201
2014-10-14 15:46:54,86.06,86.49,86.04,86.3232,57942
2014-10-15 09:30:00,86.3232,86.4,84.97,85.15,83221
2014-10-15 09:34:04,85.1,85.1684,85.0,85.04,31338
2014-10-15 09:38:31,85.09,85.14,84.69,84.69,31390
2014-10-15 09:43:54,84.69,84.78,84.32,84.34,22784
2014-10-15 09:55:00,84.402,85.45,84.402,85.45,35598
2014-10-15 10:04:56,85.45,85.7498,85.21,85.47,75661
2014-10-15 10:17:20,85.47,85.7199,85.36,85.42,68077
2014-10-15 10:33:43,85.42,85.55,85.16,85.1658,89770
2014-10-15 10:48:32,85.1475,85.34,84.85,84.93,52501
2014-10-15 11:13:58,84.95,85.3701,84.92,85.24,64338
2014-10-15 11:34:20,85.24,85.27,84.8,84.8,51137
2014-10-15 11:53:09,84.8,84.90700000000001,84.58,84.66,52680
2014-10-15 12:17:14,84.66,84.8593,84.42,84.42,27635
2014-10-15 12:36:54,84.3901,84.63,84.34,84.47399999999999,56467
2014-10-15 12:55:05,84.4635,84.5099,84.052,84.3,66157
2014-10-15 13:14:25,84.3,84.3501,84.08,84.12,50952
2014-10-15 13:27:08,84.12,84.12,83.5992,83.5992,65186
2014-10-15 13:39:26,83.5801,83.87,83.47,83.74,49074
2014-10-15 13:54:35,83.75,84.21,83.75,84.16,34565
2014-10-15 14:02:45,84.14,84.1499,83.74,83.8753,41636
2014-10-15 14:16:11,83.85,84.35,83.79,84.35,40502
2014-10-15 14:26:44,84.35,84.48,84.2,84.28,46340
2014-10-15 14:37:16,84.2632,84.64200000000001,84.12,84.55,45285
2014-10-15 15:01:02,84.542,84.8099,84.4306,84.7105,41311
2014-10-15 15:12:20,84.7201,85.05,84.63,84.96,54668
2014-10-15 15:20:34,84.90700000000001,85.0199,84.51,84.6601,41597
2014-10-15 15:29:39,84.73,85.1599,84.52,85.06,56438
2014-10-15 15:38:15,85.08,85.41,85.08,85.41,44069
2014-10-15 15:49:16,85.42,85.6699,85.3301,85.3301,30058
2014-10-16 09:33:21,85.35,85.51,83.955,84.189,67079
2014-10-16 09:59:33,84.1643,85.0204,84.1643,84.97,25253
2014-10-16 10:04:08,84.96,85.03,84.7,84.87,41211
2014-10-16 10:21:54,84.87,84.89,84.27,84.79,42254
2014-10-16 10:25:24,84.83,85.37,84.72,84.72,50880
2014-10-16 10:40:36,84.76,85.11,84.63,84.9202,40514
2014-10-16 10:54:36,85.01,85.53,85.0,85.31,34536
2014-10-16 11:06:48,85.27,85.4,85.03,85.07,34921
2014-10-16 11:30:58,85.07,85.75,84.98,85.75,52926
2014-10-16 11:56:20,85.75,85.7899,85.182,85.22,48908
2014-10-16 12:48:52,85.22,85.4599,85.0242,85.3,36950
2014-10-16 13:13:11,85.32,85.74,85.32,85.72,55199
2014-10-16 13:36:20,85.71,85.88,85.6,85.8,36794
2014-10-16 14:09:43,85.73,86.0,85.5102,85.72,54056
2014-10-16 14:47:51,85.77,85.7996,85.37,85.4799,47945
2014-10-16 15:10:53,85.4799,85.4799,85.16,85.33,59734
2014-10-16 15:38:43,85.3756,85.64,85.3756,85.43,48705
2014-10-16 15:59:59,85.43,85.64,85.34,85.4,100192
2014-10-17 09:43:01,85.4,86.37,85.15,86.09,47763
2014-10-17 10:18:22,86.09,86.6,86.08200000000001,86.6,50326
2014-10-17 10:45:07,86.6,86.73,86.5337,86.605,30217
2014-10-17 11:13:36,86.615,86.82,86.53,86.8,35806
2014-10-17 11:41:16,86.79,86.86,86.73,86.85,46891
2014-10-17 12:15:11,86.855,86.93,86.6699,86.67,37920
2014-10-17 12:56:59,86.669,86.7553,86.4772,86.6036,40635
2014-10-17 13:37:49,86.6145,86.64,86.34,86.43,42618
2014-10-17 14:07:00,86.45100000000001,86.52,86.21,86.26,36715
2014-10-17 14:31:55,86.27,86.32,86.05,86.318,45198
2014-10-17 14:58:10,86.2999,86.4034,86.17,86.31,46499
2014-10-17 15:13:26,86.3037,86.42,86.105,86.375,39417
2014-10-17 15:44:40,86.35,86.65,86.35,86.63,48322
2014-10-20 09:30:34,86.63,86.71,86.18,86.32,76094
2014-10-20 10:22:23,86.32,86.65,86.24,86.5804,67800
2014-10-20 11:04:50,86.68,86.7399,86.5,86.52,64558
2014-10-20 11:37:06,86.551,86.83,86.5365,86.77,67917
2014-10-20 12:34:23,86.75,86.831,86.62,86.69,37715
2014-10-20 13:37:08,86.69,86.8533,86.56,86.82,36745
2014-10-20 14:15:45,86.82,86.9645,86.73,86.95,39886
2014-10-20 14:54:55,86.9399,86.9399,86.8364,86.9,43746
2014-10-20 15:22:57,86.885,87.06,86.88,86.96,46420
2014-10-20 15:59:12,86.95,87.111,86.93,87.08,39063
2014-10-21 09:46:39,87.07,87.82,87.06,87.82,40197
2014-10-21 10:17:00,87.83,87.931,87.75,87.9,36612
2014-10-21 10:48:30,87.9,88.073,87.8556,88.073,50669
2014-10-21 11:08:53,88.06299999999999,88.08,87.9732,88.056,35859
2014-10-21 11:44:30,88.06,88.34,88.0251,88.2734,90651
2014-10-21 12:27:32,88.27,88.3499,88.2334,88.33,38189
2014-10-21 13:01:11,88.3375,88.34,88.16,88.19,30884
2014-10-21 13:41:44,88.19,88.4,88.13,88.3599,24733
2014-10-21 14:32:52,88.3635,88.454,88.34,88.42,30286
2014-10-21 15:12:38,88.44,88.58,88.3701,88.58,52420
2014-10-21 15:57:02,88.57,88.71,88.545,88.6,40705
2014-10-22 10:17:07,88.59,88.97,88.59,88.74,65189
2014-10-22 11:12:03,88.74,88.98,88.74,88.98,44890
2014-10-22 12:30:07,89.0,89.0963,88.77,88.82,59519
2014-10-22 13:44:17,88.8,88.8101,88.32,88.4766,42566
2014-10-22 14:43:17,88.46,88.4932,88.22,88.31,43953
2014-10-22 15:26:52,88.29,88.5636,88.29,88.43,41808
2014-10-23 09:30:00,88.4201,88.91,88.06,88.83,33404
2014-10-23 10:29:05,88.96,89.06,88.7,88.96,26769
2014-10-23 11:35:06,88.96,89.28,88.92,89.1167,24944
2014-10-23 13:00:37,89.13,89.15,88.97,88.99,45804
2014-10-23 14:07:48,88.99,89.25,88.99,89.23,30689
2014-10-23 14:50:15,89.23,89.414,89.23,89.33,37990
2014-10-23 15:10:33,89.33,89.33,88.85,88.89,39173
2014-10-23 15:41:08,88.9,89.1,88.81,88.9134,38935
2014-10-24 09:43:39,88.9399,89.16,88.74,89.087,37121
2014-10-24 10:11:03,89.087,89.1,88.62,88.8094,46414
2014-10-24 11:06:26,88.83,89.12100000000001,88.8034,89.03,42254
2014-10-24 11:49:41,89.0201,89.376,89.02,89.32,49521
2014-10-24 12:50:45,89.32,89.44,89.25,89.25,25141
2014-10-24 14:01:49,89.25,89.28399999999999,89.07,89.25,36030
2014-10-24 15:04:39,89.23,89.42,89.2116,89.42,34040
2014-10-24 15:59:59,89.41,89.52,89.29,89.47,52062
2014-10-27 09:54:43,89.46,89.46,88.9,88.93,35625
2014-10-27 10:31:48,88.9399,89.1899,88.8799,89.0799,25647
2014-10-27 11:06:37,89.0768,89.3499,89.0199,89.3239,19908
2014-10-27 11:39:33,89.3199,89.4733,89.0999,89.0999,20079
2014-10-27 12:37:39,89.0999,89.251,89.02,89.1599,30842
2014-10-27 14:30:53,89.1334,89.41,89.1,89.2199,31953
2014-10-27 15:37:28,89.2001,89.2899,89.1501,89.26,41292
2014-10-28 09:42:38,89.2399,89.72,89.2301,89.57,51977
2014-10-28 10:41:45,89.56,89.7395,89.48,89.6161,40586
2014-10-28 12:30:44,89.61,89.75,89.56,89.7099,56141
2014-10-28 14:18:58,89.69,89.79,89.57,89.74,39165
2014-10-28 15:15:48,89.74,90.1,89.74,90.1,36139
2014-10-28 15:59:58,90.09,90.26,90.07,90.25,65105
2014-10-29 10:08:52,90.23,90.688,90.03,90.6,44407
2014-10-29 11:09:27,90.6,90.624,90.29,90.35,30612
2014-10-29 13:14:00,90.35,90.41,90.14,90.17,30009
2014-10-29 14:01:02,90.17,90.21,89.95,89.96,36051
2014-10-29 14:13:43,90.0,90.05,89.74,89.91,50707
2014-10-29 14:25:09,89.91,90.01,89.57,90.0,49190
2014-10-29 14:47:18,90.0,90.1,89.89,89.89,52988
2014-10-29 15:32:59,89.89,90.17,89.6301,90.17,39755
2014-10-30 09:30:00,90.17,90.3,89.88,89.88,68764
2014-10-30 10:33:13,89.86,90.2,89.8301,90.09,38920
2014-10-30 12:12:18,90.0832,90.4,90.0099,90.35,53599
2014-10-30 13:19:20,90.35,90.71,90.32,90.71,43194
2014-10-30 15:03:38,90.71,90.751,90.3711,90.4501,35817
2014-10-30 15:52:16,90.4438,90.59,90.4075,90.58,48228
2014-10-31 09:40:35,90.58,91.78,90.58,91.37,65955
2014-10-31 10:11:10,91.3,91.35,91.17,91.2396,30334
2014-10-31 11:10:39,91.2674,91.59,91.2674,91.59,36655
2014-10-31 12:15:01,91.6001,91.65,91.44,91.481,61648
2014-10-31 14:02:27,91.41,91.56,91.389,91.43,43546
2014-10-31 15:26:35,91.49,91.54,91.4,91.4501,36446
2014-10-31 15:59:39,91.465,91.7372,91.4637,91.7,69229
2014-11-03 09:51:41,91.7,91.8201,91.6102,91.6102,101426
2014-11-03 10:21:24,91.6331,91.8,91.5375,91.5375,53722
2014-11-03 11:26:41,91.51,91.7399,91.51,91.6687,54961
2014-11-03 12:46:27,91.668,91.84,91.6399,91.806,33978
2014-11-03 13:55:54,91.8237,92.02,91.81,91.9176,47629
2014-11-03 14:41:27,91.939,91.9399,91.6102,91.66,60165
2014-11-03 15:00:13,91.66,91.69,91.585,91.618,75429
2014-11-03 16:00:00,91.6799,91.69,91.4721,91.63,58480
2014-11-04 10:43:50,91.63,91.63,91.2134,91.3083,45025
2014-11-04 11:23:57,91.2801,91.2801,90.9841,91.086,36295
2014-11-04 12:57:49,91.07,91.45,91.06,91.382,41905
2014-11-04 14:32:58,91.381,91.52,91.21,91.3501,28645
2014-11-04 15:30:14,91.36,91.47,91.3001,91.3768,43140
2014-11-05 09:36:03,91.38,92.1,91.3101,91.87,54120
2014-11-05 11:05:37,91.88,92.0,91.69,91.94,37622
2014-11-05 12:14:28,91.9142,92.04,91.8699,92.025,38442
2014-11-05 13:57:46,92.0199,92.08,91.85,91.89,29840
2014-11-05 15:45:39,91.88,92.13,91.8471,92.07,43949
2014-11-06 09:48:54,92.07,92.32,92.07,92.23,69790
2014-11-06 10:35:10,92.23,92.26,91.75,92.0099,29938
2014-11-06 11:55:42,92.06,92.3799,92.03,92.2799,32574
2014-11-06 13:42:36,92.26,92.484,92.2399,92.479,31413
2014-11-06 15:07:27,92.455,92.49,92.37,92.37,34225
2014-11-06 15:53:30,92.36,92.54,92.36,92.508,31663
2014-11-07 10:16:38,92.5001,92.6296,92.3301,92.5899,44004
2014-11-07 11:12:10,92.55,92.7599,92.4128,92.7,65185
2014-11-07 12:41:26,92.7043,92.8099,92.65,92.726,32580
2014-11-07 14:19:40,92.7232,92.7579,92.67,92.71,25616
2014-11-07 15:22:15,92.71,92.71,92.49,92.4949,36543
2014-11-10 09:45:12,92.519,92.82,92.47,92.77,74596
2014-11-10 10:26:56,92.75,92.77,92.61,92.617,35110
2014-11-10 11:23:47,92.6499,92.91,92.63,92.8523,53035
2014-11-10 12:13:44,92.83,92.96,92.83,92.84,23737
2014-11-10 14:05:50,92.84,92.91,92.76,92.79,28309
2014-11-10 15:14:41,92.7899,92.93,92.785,92.929,39307
2014-11-11 09:31:00,92.926,92.96,92.85,92.95,73102
2014-11-11 09:56:15,92.95,93.01,92.85,93.005,26212
2014-11-11 10:25:35,93.0,93.02,92.919,93.01,27962
2014-11-11 10:59:35,93.015,93.06,92.95,93.029,25808
2014-11-11 11:52:11,93.03,93.0501,92.9201,92.95,27738
2014-11-11 13:38:44,92.959,92.9699,92.83,92.87,457104
2014-11-11 15:09:32,92.86,92.931,92.84,92.89,52274
2014-11-11 15:53:47,92.86,92.94,92.82,92.91,82434
2014-11-12 10:44:47,92.91,92.98,92.516,92.641,40286
2014-11-12 12:07:19,92.662,92.85,92.525,92.85,40554
2014-11-12 13:48:03,92.85,92.85,92.74,92.7899,74301
2014-11-12 14:51:02,92.77,92.8099,92.6502,92.6502,179055
2014-11-12 15:40:57,92.655,92.81,92.64,92.8099,36572
2014-11-13 10:09:47,92.802,93.0298,92.74,92.91,34925
2014-11-13 10:59:56,92.93,93.06,92.86,93.009,41397
2014-11-13 12:53:10,93.01,93.01,92.64,92.67,52590
2014-11-13 14:16:55,92.6812,92.6812,92.3967,92.405,34339
2014-11-13 15:04:32,92.4,92.65,92.36,92.62,60865
2014-11-13 15:42:28,92.6981,92.78,92.55,92.77,50322
2014-11-14 09:31:31,92.77,92.83,92.71,92.8,135162
2014-11-14 10:52:50,92.85,92.97,92.72,92.92,42754
2014-11-14 11:40:25,92.918,92.918,92.8,92.81,55339
2014-11-14 13:51:01,92.805,92.86,92.73,92.7799,40943
2014-11-14 15:26:39,92.7601,92.779,92.6566,92.7699,37950
2014-11-17 09:59:59,92.7699,92.85,92.65,92.7,52238
2014-11-17 11:39:36,92.686,92.9293,92.645,92.7696,34488
2014-11-17 13:32:55,92.7701,93.1599,92.7569,93.09,29920
2014-11-17 14:41:25,93.09,93.18,93.04,93.169,51187
2014-11-17 15:45:47,93.1801,93.1801,93.089,93.15,39906
2014-11-18 09:45:00,93.1402,93.37,93.0733,93.35,43619
2014-11-18 11:06:14,93.337,93.47,93.3099,93.45,26297
2014-11-18 12:29:44,93.45,93.56,93.45,93.51,27049
2014-11-18 13:42:30,93.5199,93.61,93.49,93.55,40869
2014-11-18 14:29:55,93.545,93.71,93.54,93.67,24028
2014-11-18 15:26:24,93.6702,93.709,93.63,93.6785,38987
2014-11-18 15:55:29,93.6785,93.682,93.5,93.52,51416
2014-11-19 09:50:21,93.52,93.53,93.21,93.31,44481
2014-11-19 10:47:07,93.33,93.33,93.0502,93.0799,22941
2014-11-19 12:23:25,93.0899,93.32,93.0301,93.32,31068
2014-11-19 14:04:07,93.31,93.55,93.24,93.54,29912
2014-11-19 14:30:28,93.5274,93.53,93.2699,93.3,35697
2014-11-19 15:21:40,93.32,93.47,93.19,93.47,39767
2014-11-19 15:59:00,93.46,93.46,93.3142,93.41,32536
2014-11-20 10:01:49,93.4,93.43,92.99,93.34,35440
2014-11-20 11:01:07,93.34,93.51,93.23,93.45,41164
2014-11-20 12:23:19,93.45,93.5401,93.4353,93.4801,45335
2014-11-20 14:17:20,93.4899,93.5836,93.42,93.5836,53282
2014-11-20 15:25:30,93.5789,93.5899,93.4301,93.4601,31744
2014-11-20 15:59:51,93.46,93.62,93.46,93.57,50394
2014-11-21 09:47:20,93.57,94.58,93.57,94.43,43761
2014-11-21 10:21:16,94.43,94.48,94.36,94.38,33629
2014-11-21 11:14:27,94.36,94.42,94.251,94.27,36945
2014-11-21 12:33:55,94.27,94.2999,94.0001,94.01,35247
2014-11-21 13:40:53,94.01,94.0817,93.85,93.9301,24545
2014-11-21 14:36:35,93.95,94.08,93.89,93.93,32110
2014-11-21 15:31:56,93.93,94.16,93.8901,94.16,38623
2014-11-21 15:59:08,94.14,94.2,94.0799,94.11,42117
2014-11-24 10:25:52,94.13,94.46,94.13,94.2887,39087
2014-11-24 11:51:43,94.2876,94.3545,94.16,94.16,41610
2014-11-24 13:14:34,94.1641,94.25,94.11,94.13,31076
2014-11-24 14:35:31,94.13,94.23,94.1,94.2,116941
2014-11-24 15:35:54,94.19,94.23,94.11,94.175,36881
2014-11-25 09:38:43,94.17,94.37,94.17,94.32,50942
2014-11-25 10:41:54,94.3102,94.3102,93.9963,93.9963,42590
2014-11-25 11:08:03,94.0,94.027,93.9364,93.9364,45996
2014-11-25 12:45:45,93.93,94.28,93.87,94.26,41012
2014-11-25 14:07:43,94.2401,94.255,94.16,94.195,49291
2014-11-25 15:15:08,94.17,94.209,94.09,94.2,50057
2014-11-25 15:59:31,94.2,94.2299,94.07,94.07,60682
2014-11-26 10:03:52,94.08,94.2,94.0098,94.089,44361
2014-11-26 11:35:13,94.09,94.1899,94.06,94.0901,31860
2014-11-26 13:35:18,94.1099,94.2099,94.1099,94.197,44431
2014-11-26 15:32:17,94.199,94.24,94.142,94.2042,41792
2014-11-28 09:38:21,94.2036,94.3,93.89,93.99,43653
2014-11-28 11:06:18,93.97,94.1322,93.92,94.05,43263
2014-11-28 12:10:52,94.07,94.16,93.9,93.9036,41395
2014-11-28 12:59:00,93.91,93.935,93.7,93.75,37832
2014-12-01 09:38:49,93.75,93.85,93.3911,93.48,104264
2014-12-01 10:10:39,93.5,93.55,93.2601,93.36,55041
2014-12-01 10:58:06,93.375,93.6032,93.21,93.2332,68391
2014-12-01 11:50:16,93.2201,93.49,93.22,93.4,78363
2014-12-01 12:43:48,93.4136,93.43,93.3278,93.36,54052
2014-12-01 13:32:41,93.3483,93.65,93.31,93.635,66264
2014-12-01 14:13:05,93.639,93.65,93.45,93.4737,41847
2014-12-01 15:00:24,93.48,93.55,93.39,93.48,49264
2014-12-01 15:37:15,93.5,93.69,93.5,93.5834,49687
2014-12-02 09:35:01,93.6,93.71,93.46,93.71,53570
2014-12-02 10:12:15,93.71,93.91,93.57,93.8637,39476
2014-12-02 11:00:05,93.85,94.0739,93.82,94.0739,36152
2014-12-02 12:33:47,94.061,94.1196,93.96,94.0299,37709
2014-12-02 13:57:31,94.0201,94.21,93.95,94.1262,42250
2014-12-02 14:55:37,94.14,94.2851,94.12,94.28,44593
2014-12-02 15:59:18,94.28,94.2801,94.108,94.13,32517
2014-12-03 10:18:20,94.17,94.54,94.17,94.4922,31478
2014-12-03 11:05:43,94.485,94.57,94.47,94.55,24520
2014-12-03 12:07:11,94.55,94.5551,94.34,94.39,24835
2014-12-03 13:39:21,94.39,94.47,94.3401,94.4351,36776
2014-12-03 14:38:04,94.43,94.4899,94.3884,94.4399,38932
2014-12-03 15:28:24,94.422,94.5899,94.422,94.5899,82895
2014-12-03 15:58:56,94.5999,94.66,94.58,94.58,33629
2014-12-04 09:43:32,94.57,94.57,94.28,94.28,62832
2014-12-04 10:44:50,94.28,94.32,93.91,93.929,57998
2014-12-04 11:31:20,93.92,93.99,93.85,93.91,38415
2014-12-04 12:32:39,93.924,94.45,93.924,94.45,340829
2014-12-04 13:07:30,94.51,94.5735,94.35,94.405,56635
2014-12-04 14:20:18,94.41,94.4735,94.3772,94.43,50291
2014-12-04 15:15:24,94.437,94.437,94.286,94.319,44864
2014-12-05 09:34:45,94.28,94.5164,94.091,94.5164,51916
2014-12-05 10:19:30,94.5202,94.6,94.39,94.6,35388
2014-12-05 11:25:41,94.6,94.6126,94.4618,94.576,36057
2014-12-05 12:44:53,94.5799,94.74,94.56,94.7326,37281
2014-12-05 14:27:57,94.72,94.72,94.5699,94.61,39162
2014-12-05 15:35:25,94.5999,94.61,94.43,94.4336,40242
2014-12-05 15:59:21,94.4299,94.51,94.36,94.51,63099
2014-12-08 10:33:43,94.52,94.58,94.26,94.53,48806
2014-12-08 11:51:04,94.53,94.53,94.41,94.41,46158
2014-12-08 12:51:11,94.4002,94.5,94.13,94.26,49056
2014-12-08 13:37:01,94.25,94.27,93.83,93.85,29001
2014-12-08 14:22:02,93.845,93.88,93.69,93.7363,40097
2014-12-08 14:51:41,93.78,93.98,93.78,93.975,29775
2014-12-08 15:28:28,93.98,94.04,93.83,94.0199,34176
2014-12-09 09:30:10,94.02,94.02,92.94,92.98,53623
2014-12-09 10:13:13,93.03,93.3664,92.89,93.17,34487
2014-12-09 10:52:00,93.17,93.2286,92.83,93.17,28284
2014-12-09 11:43:19,93.15,93.26,93.02,93.144,31237
2014-12-09 12:38:01,93.14,93.27,93.06,93.26,64564
2014-12-09 13:41:03,93.3,93.7399,93.29,93.7099,36196
2014-12-09 14:33:19,93.7199,93.7199,93.53,93.545,43742
2014-12-09 15:21:44,93.5,93.67,93.4,93.58,31310
2014-12-09 15:58:11,93.58,93.78,93.5551,93.77,28142
2014-12-10 10:13:00,93.77,93.81,93.08,93.1499,35212
2014-12-10 10:44:59,93.17,93.23,92.916,93.01,45162
2014-12-10 11:26:02,93.01,93.21,92.95,93.04,48205
2014-12-10 12:55:28,93.1,93.14,92.88,93.06,39114
2014-12-10 13:56:04,93.06,93.129,92.61,92.61,29347
2014-12-10 14:36:07,92.62,92.67,92.3501,92.41,42661
2014-12-10 15:06:06,92.43,92.43,92.1401,92.17,37236
2014-12-10 15:11:55,92.17,92.43,92.13,92.42,82008
2014-12-10 15:48:13,92.42,92.64,92.22,92.22,52688
2014-12-11 09:38:19,92.2499,92.96,92.18,92.93,51400
2014-12-11 10:23:19,92.93,93.335,92.9263,93.335,41109
2014-12-11 11:32:51,93.33,93.54,93.33,93.5138,30465
2014-12-11 13:20:41,93.53,93.62,93.4,93.43,36364
2014-12-11 14:32:04,93.4101,93.4145,92.96,92.963,33318
2014-12-11 15:17:49,92.974,93.0699,92.6999,93.0,38020
2014-12-11 15:46:29,93.0,93.14,92.7638,92.7638,31819
2014-12-12 09:45:42,92.7362,92.7362,91.11,92.24,50677
2014-12-12 10:33:05,92.225,92.41,91.9899,92.22,37363
2014-12-12 11:40:43,92.185,92.185,91.5201,91.675,34596
2014-12-12 12:30:23,91.66,91.8693,91.43,91.8569,47925
2014-12-12 13:48:15,91.85,92.0806,91.7,91.9074,38259
2014-12-12 14:47:42,91.9467,92.07,91.66,91.726,34476
2014-12-12 15:34:23,91.72,91.8599,91.5279,91.5279,41234
2014-12-12 15:57:58,91.53,91.53,91.1101,91.1899,66260
2014-12-15 09:49:38,91.18,91.76,90.98,91.59,57428
2014-12-15 10:30:45,91.59,91.6547,91.0801,91.1903,42568
2014-12-15 11:04:20,91.1903,91.25,90.86,90.92,33754
2014-12-15 11:42:12,90.92,90.92,90.24,90.27,38518
2014-12-15 12:15:58,90.27,90.55,90.12,90.52,40445
2014-12-15 12:50:01,90.4502,90.88,90.444,90.7802,55294
2014-12-15 13:41:02,90.78,91.01,90.61,90.69,37320
2014-12-15 14:23:36,90.7,90.8,90.5,90.725,31549
2014-12-15 14:52:00,90.76,90.9799,90.52,90.56,70202
2014-12-15 15:18:06,90.619,90.84,90.56,90.66,62774
2014-12-15 15:38:15,90.6663,90.7,90.43,90.65,47270
2014-12-16 09:30:06,90.69,90.69,89.96,89.96,64370
2014-12-16 09:54:14,89.95,90.43,89.94,90.306,34226
2014-12-16 10:29:56,90.306,90.9,90.25,90.84,34698
2014-12-16 11:04:01,90.84,91.13,90.65,91.04,47181
2014-12-16 11:27:34,91.07,91.71,90.9901,91.66,65166
2014-12-16 11:39:54,91.66,91.9665,91.62,91.71,59017
2014-12-16 12:32:44,91.71,91.75,91.31,91.42,48317
2014-12-16 13:10:17,91.4799,91.52,90.93,90.93,45466
2014-12-16 13:18:35,90.93,90.93,90.67,90.67,58269
2014-12-16 13:31:45,90.67,90.79,90.58,90.58,37001
2014-12-16 13:53:57,90.62,91.03,90.62,90.94,50304
2014-12-16 14:28:28,90.93,91.1499,90.89,91.06,46404
2014-12-16 14:54:16,91.07,91.11,90.66,90.7551,47925
2014-12-16 15:25:27,90.7401,90.9,90.58,90.58,53179
2014-12-16 15:38:29,90.58,90.7299,90.43,90.43,51778
2014-12-16 15:59:36,90.4458,90.4458,89.97,89.97,60740
2014-12-17 09:55:36,89.97,90.79,89.97,90.57,67498
2014-12-17 10:40:26,90.57,90.7399,90.335,90.58,33903
2014-12-17 11:30:28,90.58,91.0,90.58,90.9601,40415
2014-12-17 12:13:55,90.93,91.4,90.87,91.1733,397473
2014-12-17 13:34:52,91.15,91.18,90.92,91.18,34475
2014-12-17 14:00:29,91.1399,91.39,90.96,91.39,50958
2014-12-17 14:01:24,91.37,91.648,91.36,91.47,64903
2014-12-17 14:04:10,91.6,91.97,91.59,91.65,45163
2014-12-17 14:13:27,91.7,91.84,91.5,91.84,61575
2014-12-17 14:39:52,91.85,91.86,91.34,91.5915,42726
2014-12-17 14:45:52,91.64,91.64,91.18,91.18,47443
2014-12-17 15:00:25,91.18,91.35,91.02,91.04,46422
2014-12-17 15:15:40,91.03,91.31,90.87,91.25,40182
2014-12-17 15:41:04,91.25,91.87,91.24,91.83,43490
2014-12-18 09:30:00,91.83,93.17,91.72,93.115,62406
2014-12-18 09:59:45,93.0501,93.172,92.83,93.172,36371
2014-12-18 10:11:48,93.19,93.27,93.07,93.265,54023
2014-12-18 10:33:45,93.2699,93.28,93.02,93.09,63183
2014-12-18 11:02:24,93.04,93.06,92.77,92.77,75455
2014-12-18 11:32:32,92.79,92.98,92.64,92.8138,70507
2014-12-18 12:22:54,92.8138,93.24,92.8138,93.1456,47194
2014-12-18 13:39:43,93.2,93.426,93.19,93.38,53878
2014-12-18 14:50:09,93.38,93.414,93.11,93.23,56365
2014-12-18 15:19:57,93.24,93.588,93.1973,93.5602,69218
2014-12-18 15:44:05,93.54,93.74,93.48,93.722,45370
2014-12-18 15:59:06,93.721,93.98,93.6301,93.9501,40442
2014-12-19 09:49:55,93.9501,94.3999,93.9501,94.18,42171
2014-12-19 10:34:50,94.18,94.4299,94.11,94.3,40942
2014-12-19 10:49:08,94.3,94.38,94.24,94.25,51094
2014-12-19 11:15:19,94.25,94.3,94.175,94.25,50570
2014-12-19 11:46:48,94.24,94.34,94.2201,94.26,46164
2014-12-19 13:00:48,94.25,94.28,94.06,94.19,70597
2014-12-19 14:06:29,94.18,94.333,94.1435,94.33,57909
2014-12-19 14:56:01,94.35,94.7339,94.35,94.73,48711
2014-12-19 15:22:14,94.71,94.75,94.54,94.7,49577
2014-12-19 15:35:55,94.688,94.82,94.65,94.79,43742
2014-12-19 15:48:49,94.8,94.84,94.6357,94.66,34228
2014-12-19 15:59:55,94.65,94.65,94.49,94.55,49731
2014-12-22 09:55:32,94.55,94.8,94.45,94.56,89618
2014-12-22 10:56:56,94.57,94.65,94.47,94.6,41535
2014-12-22 12:04:51,94.6,94.63,94.45,94.4536,44651
2014-12-22 13:29:31,94.4999,94.64,94.436,94.5791,70558
2014-12-22 14:44:47,94.576,94.7201,94.54,94.616,41814
2014-12-22 15:21:50,94.6251,94.79,94.6251,94.781,47902
2014-12-22 15:42:11,94.79,94.88,94.78,94.88,41425
2014-12-22 15:59:46,94.88,94.9,94.785,94.88,40770
2014-12-23 09:41:47,94.88,95.37,94.88,95.3531,48375
2014-12-23 09:51:54,95.3699,95.3699,95.23,95.2544,35180
2014-12-23 10:23:07,95.26,95.44,95.24,95.3465,30532
2014-12-23 11:03:43,95.33,95.43,95.2988,95.4101,41329
2014-12-23 11:56:24,95.4288,95.48,95.35,95.41,40073
2014-12-23 12:49:50,95.438,95.56,95.41,95.55,28872
2014-12-23 13:27:57,95.55,95.62,95.5432,95.57,36941
2014-12-23 14:02:09,95.57,95.57,95.49,95.51,40870
2014-12-23 14:57:41,95.49,95.64,95.4577,95.57,36711
2014-12-23 15:29:37,95.58,95.58,95.44,95.47,52346
2014-12-23 15:47:19,95.48,95.5,95.44,95.45,51525
2014-12-24 09:36:17,95.46,95.49,94.91,94.96,37004
2014-12-24 10:31:34,94.97,94.97,94.7301,94.82,35757
2014-12-24 11:41:41,94.8073,94.97,94.7905,94.8999,36019
2014-12-24 12:56:22,94.9,95.01,94.89,94.89,30187
2014-12-26 10:03:49,94.89,95.2102,94.75,95.1602,35360
2014-12-26 11:39:57,95.188,95.1899,95.09,95.12,34517
2014-12-26 14:07:24,95.12,95.1431,95.0301,95.08,26661
2014-12-26 15:20:42,95.09,95.11,95.015,95.105,41034
2014-12-29 09:32:44,95.105,95.105,94.82,94.88,41644
2014-12-29 10:04:33,94.88,95.229,94.88,95.229,20578
2014-12-29 11:33:44,95.218,95.3,95.177,95.211,31068
2014-12-29 13:17:25,95.21,95.2469,95.06,95.151,36086
2014-12-29 14:45:27,95.1532,95.1934,95.079,95.1449,43228
2014-12-30 09:34:35,95.1437,95.2199,94.78,94.84,59589
2014-12-30 10:29:19,94.84,94.91,94.7,94.8,33620
2014-12-30 11:48:49,94.79,94.9,94.75,94.8406,64443
2014-12-30 13:30:43,94.87,94.92,94.818,94.85,36489
2014-12-30 15:01:59,94.85,94.85,94.7159,94.7999,43433
2014-12-31 09:44:57,94.7855,94.93,94.6096,94.6096,39120
2014-12-31 11:02:38,94.63,94.77,94.6257,94.749,34630
2014-12-31 12:21:40,94.744,94.77,94.542,94.55,96024
2014-12-31 14:06:55,94.55,94.5936,94.35,94.421,46459
2014-12-31 15:10:56,94.419,94.4232,94.0501,94.09,44163
2014-12-31 15:55:57,94.0899,94.31,93.71,93.82,37171
2015-01-02 09:30:27,93.82,94.0401,93.74,94.035,182745
2015-01-02 09:32:42,94.0301,94.19,94.0101,94.16,37148
2015-01-02 09:44:06,94.16,94.26,94.13,94.21,29991
2015-01-02 10:12:01,94.19,94.2,93.89,94.0,29308
2015-01-02 10:38:39,94.0029,94.0201,93.66,93.6824,36907
2015-01-02 11:00:00,93.65,93.6872,93.46,93.63,38695
2015-01-02 11:18:22,93.62,93.62,93.31,93.4349,84563
2015-01-02 11:31:45,93.4349,93.6699,93.38,93.6699,52613
2015-01-02 12:00:29,93.6401,93.69,93.41,93.47,58421
2015-01-02 12:19:36,93.47,93.72,93.47,93.6192,48486
2015-01-02 12:51:59,93.6001,93.71,93.4402,93.49,61983
2015-01-02 13:26:52,93.49,93.57,93.442,93.4699,56824
2015-01-02 14:04:20,93.4098,93.4199,93.2102,93.39,34101
2015-01-02 14:27:17,93.3801,93.6107,93.3322,93.6107,40867
2015-01-02 15:07:21,93.5166,93.7,93.4601,93.56,107622
2015-01-02 15:32:45,93.5653,93.65,93.4101,93.625,103578
2015-01-02 15:56:49,93.66,93.95,93.61,93.9,27116
2015-01-05 09:39:31,93.8901,93.8901,92.88,92.91,72460
2015-01-05 10:07:18,92.91,92.9199,92.4401,92.55,46099
2015-01-05 10:27:16,92.55,92.65,92.46,92.63,114659
2015-01-05 10:49:47,92.64,92.64,92.19,92.375,54519
2015-01-05 11:16:58,92.3989,92.415,92.08,92.0999,47775
2015-01-05 11:41:43,92.1032,92.175,91.9802,92.1701,47437
2015-01-05 12:17:47,92.2,92.29,92.042,92.071,35563
2015-01-05 12:35:38,92.082,92.09,91.79,91.8001,31274
2015-01-05 13:29:06,91.84,91.9899,91.72,91.77,57072
2015-01-05 13:39:18,91.79,91.9899,91.761,91.9226,40320
2015-01-05 14:09:42,91.927,91.9601,91.776,91.846,44044
2015-01-05 14:35:24,91.848,91.9098,91.7226,91.76,45539
2015-01-05 14:59:39,91.76,91.8199,91.64,91.66,60575
2015-01-05 15:31:28,91.6474,91.88,91.6101,91.7949,58363
2015-01-05 15:53:15,91.782,92.01,91.75,92.008,44438
2015-01-06 09:39:17,92.011,92.14,91.79,91.8901,110814
2015-01-06 10:01:13,91.88,92.11,91.821,91.85,44047
2015-01-06 10:45:13,91.8465,92.2188,91.7868,91.85,35736
2015-01-06 11:12:57,91.841,91.85,91.3699,91.5001,39654
2015-01-06 11:49:28,91.4701,91.485,90.9731,91.018,47663
2015-01-06 12:25:53,91.0344,91.0599,90.67,90.8026,29436
2015-01-06 13:03:09,90.8436,91.0594,90.806,90.9654,58168
2015-01-06 13:35:59,90.955,90.955,90.5201,90.64,45805
2015-01-06 14:13:32,90.64,90.94,90.5636,90.7038,40990
2015-01-06 14:28:29,90.6999,90.8636,90.68,90.83,36312
2015-01-06 14:58:00,90.84,91.39,90.84,91.23,52489
2015-01-06 15:24:50,91.23,91.55,91.13,91.425,34729
2015-01-06 15:37:26,91.41,91.515,91.23,91.27,37756
2015-01-06 15:57:34,91.27,91.4326,91.0,91.02,57091
2015-01-07 09:33:09,91.02,91.749,90.94,91.6275,63943
2015-01-07 09:46:31,91.645,91.8,91.5975,91.6991,19956
2015-01-07 10:32:57,91.695,91.9399,91.5899,91.59,65763
2015-01-07 11:44:48,91.59,91.7208,91.29,91.578,77207
2015-01-07 12:27:48,91.579,92.04,91.52,91.97,52668
2015-01-07 13:30:50,91.9501,91.98,91.6102,91.66,32876
2015-01-07 14:10:18,91.66,91.955,91.63,91.955,44875
2015-01-07 14:40:17,91.935,91.9755,91.73,91.87,68675
2015-01-07 15:10:01,91.87,91.87,91.6499,91.81,90324
2015-01-07 15:56:22,91.797,91.8196,91.6299,91.77,59130
2015-01-08 09:49:48,91.78,92.907,91.75,92.8891,55575
2015-01-08 11:06:11,92.92,93.4191,92.9,93.41,30298
2015-01-08 12:07:14,93.396,93.4299,93.25,93.3,99822
2015-01-08 13:18:01,93.2865,93.408,93.13,93.37,60647
2015-01-08 14:07:10,93.37,93.405,93.1455,93.22,31419
2015-01-08 15:00:48,93.2001,93.55,93.1501,93.4899,39194
2015-01-08 15:59:59,93.4809,93.53,93.3233,93.43,31969
2015-01-09 10:09:45,93.48,93.5999,92.88,93.054,45282
2015-01-09 10:44:41,93.06,93.1799,92.5299,92.59,37263
2015-01-09 11:34:22,92.59,92.79,92.31,92.52,42181
2015-01-09 12:25:56,92.52,92.839,92.4828,92.64,33056
2015-01-09 13:38:55,92.6101,92.7336,92.4201,92.65,48210
2015-01-09 14:20:15,92.65,92.74,92.5401,92.6,59616
2015-01-09 15:05:18,92.6,92.735,92.51,92.72,35844
2015-01-09 15:59:00,92.75,92.9,92.56,92.56,28856
2015-01-12 10:03:48,92.57,92.65,91.45,91.5,59600
2015-01-12 11:12:38,91.5441,92.04,91.5236,92.04,48956
2015-01-12 12:23:14,92.0101,92.0101,91.7345,91.9032,30389
2015-01-12 13:37:28,91.97,91.97,91.6253,91.677,40786
2015-01-12 14:52:29,91.7204,91.86,91.5001,91.575,33553
2015-01-12 15:44:39,91.5629,91.795,91.5129,91.7009,42290
2015-01-13 09:40:26,91.739,92.77,91.71,92.67,39837
2015-01-13 10:36:36,92.69,92.8742,92.56,92.67,43673
2015-01-13 10:53:22,92.671,92.83,92.651,92.81,40802
2015-01-13 11:04:16,92.8291,92.8291,92.6302,92.681,30578
2015-01-13 12:07:38,92.66,92.699,92.2999,92.3146,57718
2015-01-13 13:15:02,92.26,92.31,91.9601,92.108,47475
2015-01-13 14:03:26,92.07,92.07,90.96,91.03,46221
2015-01-13 14:13:58,91.07,91.09,90.72,90.72,52923
2015-01-13 14:43:54,90.7,91.19,90.7,91.15,61149
2015-01-13 15:21:35,91.1775,91.2399,90.79,91.1002,55677
2015-01-13 15:59:36,91.0999,91.64,91.09,91.39,37142
2015-01-14 09:54:41,91.3901,91.3901,90.11,90.3292,43126
2015-01-14 10:20:50,90.33,90.669,90.25,90.53,38368
2015-01-14 11:09:16,90.53,90.61,90.16,90.16,51536
2015-01-14 12:04:54,90.2,90.33,89.9901,90.12,75223
2015-01-14 12:52:57,90.13,90.1396,89.89,89.92,59829
2015-01-14 13:51:31,89.92,90.014,89.4907,89.6004,39684
2015-01-14 14:25:37,89.6,90.19,89.55,90.1555,45406
2015-01-14 14:59:14,90.1445,90.51,90.1064,90.1702,46652
2015-01-14 15:26:27,90.1574,90.72,90.13,90.59,39761
2015-01-14 15:46:38,90.5801,90.78,90.45,90.74,69929
2015-01-14 16:00:00,90.74,90.77,90.63,90.73,91763
2015-01-15 09:57:56,90.73,91.19,90.22,90.22,51524
2015-01-15 10:23:34,90.23,90.7,90.18,90.69,36174
2015-01-15 10:40:14,90.6953,91.02,90.6644,90.775,54304
2015-01-15 11:24:58,90.76,90.78,90.24,90.24,84594
2015-01-15 12:03:57,90.2375,90.5299,90.11,90.3416,58945
2015-01-15 13:01:47,90.36,90.38,89.92,90.11,43567
2015-01-15 13:54:09,90.11,90.36,89.93,90.27,42585
2015-01-15 14:34:49,90.26,90.3099,90.0696,90.26,70995
2015-01-15 14:43:18,90.3,90.31,90.23,90.31,26654
2015-01-15 15:33:26,90.29,90.46,90.09,90.3591,42041
2015-01-16 09:39:32,90.35,90.35,89.69,90.25,54464
2015-01-16 10:02:43,90.25,90.3699,89.9594,90.09,43412
2015-01-16 10:28:19,90.134,90.32,89.81,90.32,47624
2015-01-16 10:56:27,90.314,90.6,90.26,90.6,56478
2015-01-16 11:31:37,90.6,90.66,90.36,90.44,65892
2015-01-16 12:43:13,90.43,90.65,90.3706,90.61,39199
2015-01-16 14:07:59,90.71,90.84,90.55,90.781,56066
2015-01-16 15:25:41,90.7632,90.8253,90.66,90.8253,84438
2015-01-16 15:59:56,90.8449,91.25,90.8232,91.19,52862
2015-01-20 09:55:18,91.18,91.5645,90.74,90.78,49633
2015-01-20 10:56:28,90.73,91.094,90.65,90.72,36929
2015-01-20 12:12:22,90.6943,90.8699,90.48,90.66,33870
2015-01-20 13:37:03,90.66,90.93,90.603,90.87,43781
2015-01-20 14:31:00,90.8574,90.961,90.7986,90.9499,60014
2015-01-20 15:21:48,90.9301,91.3099,90.91,91.2436,44749
2015-01-21 09:44:51,91.2245,91.5307,90.76,91.29,41186
2015-01-21 10:27:17,91.28,91.5001,91.08,91.43,49094
2015-01-21 11:15:42,91.4417,91.8999,91.4301,91.7699,64138
2015-01-21 12:40:43,91.7025,91.8798,91.61,91.74,48689
2015-01-21 13:49:19,91.74,91.78,91.41,91.4999,55526
2015-01-21 14:39:53,91.5,91.5,91.2736,91.3765,45188
2015-01-21 15:32:32,91.39,91.6826,91.3501,91.67,59066
2015-01-22 09:46:50,91.68,92.328,91.52,91.52,32448
2015-01-22 10:28:48,91.535,92.13,91.4401,92.1099,50783
2015-01-22 11:00:13,92.12,92.46,92.0804,92.46,38743
2015-01-22 11:33:33,92.46,92.4602,92.09,92.23,51352
2015-01-22 13:13:23,92.2,92.26,92.0,92.1999,44788
2015-01-22 14:17:13,92.199,92.51,92.0975,92.4698,49967
2015-01-22 15:01:02,92.4668,92.9599,92.4498,92.9599,53142
2015-01-22 15:48:41,92.9839,93.054,92.909,92.9704,39296
2015-01-23 09:57:03,92.99,93.03,92.49,92.557,44183
2015-01-23 10:51:01,92.56,92.78,92.45,92.45,30167
2015-01-23 12:20:08,92.4898,92.785,92.4898,92.6507,46120
2015-01-23 13:54:31,92.6464,92.84,92.579,92.73,45757
2015-01-23 14:42:19,92.7375,92.7375,92.52,92.59,35589
2015-01-23 15:38:01,92.59,92.59,92.32,92.36,49725
2015-01-26 09:32:19,92.36,92.36,91.97,91.97,44017
2015-01-26 10:24:56,91.97,92.09,91.69,92.01,47120
2015-01-26 11:38:06,92.07,92.413,92.0502,92.2407,75348
2015-01-26 13:48:11,92.2407,92.465,92.2101,92.45,201139
2015-01-26 14:06:12,92.45,92.515,92.4101,92.4201,315310
2015-01-26 14:09:24,92.425,92.43,92.4042,92.4199,37559
2015-01-26 14:49:05,92.4199,92.4415,92.31,92.35,849945
2015-01-26 15:53:31,92.36,92.438,92.24,92.41,216443
2015-01-27 09:51:17,92.43,92.53,91.41,91.56,48253
2015-01-27 10:32:28,91.56,91.7098,91.39,91.4105,38773
2015-01-27 11:38:02,91.4,91.57,91.17,91.5348,55162
2015-01-27 13:21:06,91.55,91.9,91.423,91.9,36853
2015-01-27 14:43:13,91.93,92.0892,91.6991,91.9904,38177
2015-01-27 15:46:39,91.9847,92.05,91.59,91.71,47543
2015-01-28 10:01:37,91.6998,92.02,91.53,91.62,44606
2015-01-28 10:55:24,91.6532,91.7,91.1,91.1,40044
2015-01-28 12:06:22,91.0999,91.39,90.99,91.39,45511
2015-01-28 13:42:07,91.3742,91.5,91.1963,91.25,45132
2015-01-28 14:09:18,91.251,91.51,91.143,91.17,47103
2015-01-28 14:36:28,91.17,91.19,90.6573,90.73,58181
2015-01-28 15:28:23,90.74,91.02,90.3716,90.3716,52714
2015-01-28 15:57:32,90.39,90.4529,89.9336,89.98,37625
2015-01-29 10:03:26,89.985,90.2105,89.55,89.95,57411
2015-01-29 10:42:35,89.95,90.01,89.2897,89.32,46830
2015-01-29 11:24:38,89.33,89.67,89.24,89.64,77641
2015-01-29 12:29:41,89.5501,90.08,89.49,89.93,46343
2015-01-29 13:29:15,89.94,90.19,89.76,90.19,47567
2015-01-29 14:42:29,90.19,90.55,90.143,90.45,39940
2015-01-30 09:32:13,90.4517,90.8901,89.81,89.851,64667
2015-01-30 10:24:58,89.851,90.34,89.851,90.0045,44366
2015-01-30 11:36:22,89.9924,90.162,89.6136,89.85,71146
2015-01-30 11:44:50,89.85,89.8899,89.62,89.7255,93765
2015-01-30 13:13:02,89.73,90.2694,89.64,89.9677,64036
2015-01-30 14:10:37,89.9699,90.4523,89.796,90.4299,72182
2015-01-30 14:52:43,90.429,90.8052,90.22,90.22,77196
2015-01-30 15:49:29,90.2789,90.2789,89.64,89.7077,46711
2015-01-30 15:59:58,89.7226,89.7226,89.5,89.58,77885
2015-02-02 09:53:44,89.61,90.07,89.57,89.74,85051
2015-02-02 10:12:12,89.80799999999999,89.93,89.25,89.33,55297
2015-02-02 10:37:38,89.3175,89.6053,89.315,89.6053,49051
2015-02-02 11:08:13,89.62,90.045,89.5701,90.0,44953
2015-02-02 11:39:06,90.0,90.4636,89.97,90.43,64978
2015-02-02 11:58:52,90.4255,90.5053,90.2853,90.34,54287
2015-02-02 12:37:40,90.33,90.3501,90.0361,90.08,74517
2015-02-02 13:24:28,90.07,90.17,89.74,90.06,66220
2015-02-02 14:18:59,90.04,90.1499,89.67,90.036,43110
2015-02-02 14:57:30,90.08,90.2177,89.98,90.01,52560
2015-02-02 15:27:37,89.96,90.4502,89.96,90.42,43056
2015-02-02 15:57:13,90.4,91.12,90.4,90.9499,46964
2015-02-03 10:06:21,90.95,92.3159,90.94,92.183,61301
2015-02-03 10:43:42,92.1699,92.29,92.043,92.2,531747
2015-02-03 11:37:47,92.15,92.16,91.83,92.0677,103897
2015-02-03 13:14:37,92.1,92.28,91.805,92.2517,46228
2015-02-03 14:03:09,92.25,92.65,92.23,92.6299,63060
2015-02-03 15:20:49,92.629,92.629,92.26,92.5416,41660
2015-02-04 09:41:26,92.584,92.76,92.27,92.39,58563
2015-02-04 11:22:10,92.45,92.6347,92.308,92.5598,72007
2015-02-04 12:48:20,92.5899,92.75,92.285,92.29,60923
2015-02-04 14:15:57,92.3993,92.528,92.245,92.265,35266
2015-02-04 15:29:59,92.26,92.78,92.2001,92.7775,37125
2015-02-04 15:56:43,92.8001,92.87,92.02,92.14,88434
2015-02-05 09:55:11,92.14,92.96,92.12,92.883,56221
2015-02-05 11:21:22,92.88,93.13,92.7678,92.9501,56785
2015-02-05 12:34:45,92.91,93.12,92.8864,92.9477,44113
2015-02-05 13:52:56,92.93,93.1126,92.8301,93.11,52089
2015-02-05 15:04:57,93.1,93.12,92.9,93.0098,41249
2015-02-06 09:48:00,93.0355,93.6155,92.9634,93.47,43116
2015-02-06 11:27:22,93.57,93.9,93.4899,93.7999,34254
2015-02-06 12:50:44,93.786,93.94,93.6201,93.7359,51506
2015-02-06 14:10:05,93.7473,93.8499,93.3431,93.4,65899
2015-02-06 15:14:09,93.4282,93.684,93.1201,93.2178,37777
2015-02-09 09:34:51,93.227,93.268,92.83,92.89,48430
2015-02-09 10:52:37,92.89,93.2599,92.89,92.98,32907
2015-02-09 12:46:57,92.98,93.296,92.98,93.18,39945
2015-02-09 14:28:07,93.18,93.2299,92.8933,92.9599,38271
2015-02-09 15:24:42,92.955,93.062,92.6659,92.8266,42662
2015-02-10 10:06:02,92.8299,93.43,92.739,93.0501,43161
2015-02-10 11:41:23,93.0599,93.21,92.84,93.15,36284
2015-02-10 13:45:26,93.15,93.3302,93.07,93.201,38399
2015-02-10 15:03:57,93.194,93.595,93.16,93.5741,46885
2015-02-10 15:56:24,93.5601,93.7472,93.56,93.6746,49944
2015-02-11 10:11:20,93.7,93.7,93.2896,93.39,54299
2015-02-11 11:55:53,93.42,93.4704,93.1503,93.41,81584
2015-02-11 12:51:05,93.41,93.5,93.2664,93.3215,36643
2015-02-11 14:12:00,93.3047,93.36,93.0198,93.346,45920
2015-02-11 15:25:31,93.3518,93.69,93.162,93.69,33161
2015-02-11 15:56:07,93.695,93.72,93.36,93.45,65057
2015-02-12 09:50:22,93.46,94.1203,93.44,94.1203,452012
2015-02-12 10:14:18,94.1,94.208,94.06,94.208,49337
2015-02-12 11:36:02,94.178,94.2099,93.99,94.0301,55033
2015-02-12 12:33:59,94.0618,94.21,94.04,94.13,62714
2015-02-12 13:39:44,94.13,94.25,94.0499,94.2299,52341
2015-02-12 14:43:20,94.205,94.3,94.18,94.3,47357
2015-02-12 15:46:09,94.31,94.4001,94.2544,94.3668,40870
2015-02-13 09:53:14,94.3699,94.7,94.31,94.7,40806
2015-02-13 10:35:09,94.7299,94.76,94.5793,94.66,35617
2015-02-13 11:59:00,94.68,94.8,94.628,94.71,35338
2015-02-13 13:26:24,94.71,94.71,94.45,94.45,40407
2015-02-13 14:52:46,94.45,94.5593,94.3501,94.5,60372
2015-02-17 09:56:04,94.526,94.75,94.31,94.34,41361
2015-02-17 11:43:18,94.4098,94.58,94.393,94.54,34098
2015-02-17 13:00:55,94.54,94.69,94.5201,94.69,45227
2015-02-17 13:42:07,94.6859,94.904,94.6799,94.841,43925
2015-02-17 14:08:29,94.8401,94.8715,94.81,94.8651,32318
2015-02-17 15:38:04,94.85,94.867,94.7664,94.7801,36437
2015-02-18 10:06:39,94.798,94.87,94.45,94.6147,46566
2015-02-18 11:27:35,94.6199,94.67,94.4608,94.67,34796
2015-02-18 12:46:11,94.67,94.7045,94.49,94.51,35796
2015-02-18 13:55:02,94.51,94.565,94.44,94.52,36775
2015-02-18 15:04:55,94.52,94.78,94.45,94.59,40567
2015-02-18 15:58:07,94.59,94.69,94.5247,94.6199,44734
2015-02-19 11:15:47,94.62,94.64,94.0299,94.415,44002
2015-02-19 12:50:03,94.4045,94.63,94.29,94.389,40117
2015-02-19 14:31:38,94.3874,94.485,94.29,94.4568,31460
2015-02-19 15:21:15,94.4364,94.5136,94.381,94.4563,39568
2015-02-20 09:50:32,94.459,94.485,93.8,93.8,38379
2015-02-20 11:31:32,93.7397,94.1577,93.7,94.14,42070
2015-02-20 13:08:31,94.1142,94.3908,94.0898,94.375,40056
2015-02-20 14:21:48,94.371,94.7419,94.35,94.6408,40407
2015-02-20 15:10:59,94.65,94.865,94.5501,94.8601,37903
2015-02-23 09:51:00,94.8325,94.86,94.38,94.38,49927
2015-02-23 12:05:02,94.38,94.6169,94.3603,94.57,37086
2015-02-23 14:10:39,94.57,94.65,94.4,94.5499,31096
2015-02-23 15:34:20,94.5471,94.57,94.3564,94.43,37097
2015-02-24 10:13:35,94.4299,94.89,94.4299,94.8624,49658
2015-02-24 11:13:05,94.81,95.17,94.81,95.1599,36321
2015-02-24 13:00:43,95.1499,95.1759,94.84,95.0167,42993
2015-02-24 14:27:24,95.008,95.0901,94.98,95.071,28640
2015-02-24 15:31:03,95.0549,95.22,94.98,95.2154,39671
2015-02-25 10:09:40,95.21,95.254,94.91,94.96,38341
2015-02-25 12:00:01,94.96,95.0599,94.88,95.04,30795
2015-02-25 13:45:11,95.0401,95.25,95.0201,95.19,44668
2015-02-25 14:55:16,95.19,95.23,94.93,95.0,28374
2015-02-25 15:59:54,95.01,95.08,94.88,95.05,40421
2015-02-26 11:10:49,95.04,95.04,94.65,94.9,36652
2015-02-26 13:27:50,94.8799,94.8801,94.67,94.7325,24787
2015-02-26 15:00:41,94.735,94.7601,94.42,94.42,32800
2015-02-27 09:39:09,94.45,94.72,94.38,94.67,46294
2015-02-27 10:55:55,94.672,94.7698,94.5301,94.7698,47968
2015-02-27 12:39:17,94.78,94.82,94.65,94.78,122419
2015-02-27 13:58:53,94.775,94.7968,94.644,94.705,50388
2015-02-27 15:40:29,94.73,94.76,94.49,94.49,38774
2015-03-02 10:00:48,94.46,94.57,94.3097,94.464,57646
2015-03-02 11:42:12,94.452,94.6799,94.4435,94.66,52480
2015-03-02 13:38:17,94.65,94.651,94.4201,94.611,37985
2015-03-02 14:49:46,94.611,94.651,94.49,94.5999,57249
2015-03-02 15:59:00,94.61,94.8076,94.61,94.79,41668
2015-03-03 10:14:22,94.79,94.8,94.3899,94.4309,62626
2015-03-03 12:19:22,94.4297,94.54,94.2268,94.2999,52603
2015-03-03 14:19:10,94.242,94.5399,94.1849,94.5351,46504
2015-03-03 15:57:34,94.55,94.5852,94.386,94.46,40361
2015-03-04 10:32:31,94.46,94.53,93.59,93.6668,59704
2015-03-04 12:03:22,93.71,93.96,93.6,93.89,36011
2015-03-04 14:02:52,93.8838,94.1199,93.81,93.864,35860
2015-03-04 15:26:19,93.875,94.0268,93.783,93.9768,40790
2015-03-05 09:44:38,93.98,94.24,93.92,93.9451,50146
2015-03-05 11:41:54,93.9301,94.2453,93.9301,94.15,37853
2015-03-05 13:54:03,94.146,94.21,93.91,94.094,41065
2015-03-05 15:47:46,94.082,94.2049,94.07,94.1699,57960
2015-03-06 10:47:23,94.18,94.22,93.63,93.79,55540
2015-03-06 11:57:06,93.7799,93.7799,93.1801,93.285,39028
2015-03-06 13:11:01,93.28,93.3476,93.03,93.1,38891
2015-03-06 14:11:11,93.0901,93.18,92.8868,93.18,49895
2015-03-06 15:07:27,93.1673,93.1848,92.7701,92.9884,58993
2015-03-06 15:58:59,93.0062,93.0168,92.7,92.77,42103
2015-03-09 11:10:44,92.8,93.308,92.79,93.2164,57932
2015-03-09 13:27:54,93.2,93.28,93.125,93.2647,34163
2015-03-09 15:07:15,93.255,93.4171,93.235,93.3786,46297
2015-03-10 09:46:54,93.39,93.41,92.25,92.2611,42195
2015-03-10 10:35:03,92.2449,92.37,92.065,92.07,400122
2015-03-10 11:18:22,92.075,92.41,92.04,92.38,43986
2015-03-10 12:11:37,92.375,92.445,91.88,92.0055,43680
2015-03-10 13:21:12,92.0473,92.1,91.8552,92.1,65843
2015-03-10 14:43:23,92.0899,92.1,91.77,91.7748,43941
2015-03-10 15:52:07,91.8499,91.989,91.74,91.8145,58057
2015-03-11 10:51:13,91.82,91.954,91.512,91.5601,397515
2015-03-11 12:39:50,91.595,91.86,91.5938,91.82,551360
2015-03-11 14:28:23,91.84,91.89,91.5602,91.84,34122
2015-03-11 16:00:00,91.82,91.9043,91.5601,91.65,37969
2015-03-12 11:08:22,92.12,92.63,92.12,92.471,1033717
2015-03-12 12:04:58,92.4644,92.6501,92.4644,92.565,40649
2015-03-12 14:19:12,92.5601,92.6399,92.44,92.59,114332
2015-03-12 15:12:33,92.6171,92.88,92.565,92.88,59806
2015-03-13 10:00:03,92.8674,92.89,92.3701,92.4,40508
2015-03-13 11:53:21,92.4024,92.4675,91.6,91.64,45914
2015-03-13 13:44:52,91.64,91.9918,91.6208,91.845,690590
2015-03-13 15:17:52,91.845,91.97,91.7,91.8999,35331
2015-03-16 09:35:24,91.9153,92.74,91.8801,92.74,48544
2015-03-16 10:50:32,92.74,93.0399,92.6847,92.91,40943
2015-03-16 11:49:04,92.9299,93.12,92.92,93.11,43991
2015-03-16 13:58:09,93.13,93.2,92.9739,93.1601,45830
2015-03-16 14:55:07,93.165,93.39,93.12,93.3368,41118
2015-03-16 15:56:43,93.33,93.44,93.3244,93.39,44796
2015-03-17 10:04:08,93.39,93.46,92.715,92.78,67981
2015-03-17 11:16:45,92.8062,92.95,92.64,92.655,46850
2015-03-17 12:29:44,92.655,92.775,92.63,92.7649,51530
2015-03-17 14:17:32,92.77,93.095,92.74,92.95,45152
2015-03-17 15:40:20,92.95,93.1999,92.86,93.1,67847
2015-03-18 11:08:49,93.0647,93.11,92.56,92.7899,36134
2015-03-18 13:43:37,92.81,92.81,92.55,92.5685,51475
2015-03-18 14:00:19,92.567,93.01,92.565,93.01,41961
2015-03-18 14:02:54,93.02,93.59,92.95,93.58,37407
2015-03-18 14:29:00,93.58,94.0098,93.41,93.83,38665
2015-03-18 15:04:34,93.91,94.24,93.91,94.22,44913
2015-03-18 15:36:38,94.215,94.55,94.1599,94.1599,44914
2015-03-19 09:58:44,94.1562,94.23,93.53,93.64,39863
2015-03-19 12:01:04,93.64,93.8599,93.1901,93.22,41473
2015-03-19 14:03:56,93.2201,93.4715,93.1851,93.325,28471
2015-03-19 15:31:11,93.325,93.4772,93.275,93.35,42227
2015-03-20 10:09:35,93.35,94.07,93.3351,93.93,39581
2015-03-20 11:44:12,93.9348,94.28,93.9348,94.2,46799
2015-03-20 13:52:25,94.2,94.5117,94.2,94.4268,34870
2015-03-20 15:24:13,94.4232,94.4999,94.21,94.27,49795
2015-03-20 15:58:08,94.27,94.41,94.25,94.275,69382
2015-03-20 15:59:53,94.28,94.3,94.25,94.3,130815
2015-03-23 10:48:52,94.3,94.72,94.25,94.5636,281292
2015-03-23 12:58:55,94.5542,94.6201,94.47,94.54,35991
2015-03-23 14:33:18,94.53,94.6399,94.4501,94.55,40333
2015-03-23 15:43:28,94.54,94.58,94.4301,94.4551,39555
2015-03-24 10:02:17,94.425,94.4362,93.85,94.06,47021
2015-03-24 11:18:53,94.0502,94.1544,93.901,94.1544,35547
2015-03-24 12:49:49,94.135,94.155,93.8349,93.8349,363059
2015-03-24 14:05:11,93.838,93.9146,93.7099,93.765,60259
2015-03-24 15:11:10,93.7465,93.81,93.6,93.7501,48787
2015-03-25 09:29:59,93.751,93.779,93.3,93.3,50536
2015-03-25 10:51:12,93.31,93.31,92.88,92.9701,48777
2015-03-25 12:20:47,93.066,93.2,92.52,92.52,44300
2015-03-25 13:50:10,92.52,92.6175,92.325,92.6175,38959
2015-03-25 14:58:47,92.595,92.615,92.43,92.541,35754
2015-03-25 15:40:52,92.52,92.52,92.19,92.23,48326
2015-03-26 09:30:00,92.225,92.26,91.83,92.03,82732
2015-03-26 10:27:30,92.03,92.03,91.4336,91.66,43239
2015-03-26 11:42:56,91.678,91.9468,91.58,91.925,48353
2015-03-26 13:52:01,91.925,92.179,91.78,92.179,31762
2015-03-26 14:56:12,92.179,92.24,91.92,91.9851,50272
2015-03-26 15:59:55,91.97,92.06,91.79,91.79,56647
2015-03-27 11:27:06,91.81,91.9978,91.608,91.8879,58026
2015-03-27 13:55:53,91.919,91.945,91.734,91.89,46971
2015-03-27 15:34:26,91.8999,91.918,91.7551,91.86,46006
2015-03-30 09:45:22,91.86,92.99,91.835,92.972,53434
2015-03-30 11:34:29,92.96,93.075,92.905,93.07,49576
2015-03-30 13:54:51,93.08,93.3293,93.06,93.23,27518
2015-03-30 15:47:46,93.206,93.4375,93.206,93.31,44433
2015-03-31 10:06:47,93.31,93.33,92.62,92.8,44687
2015-03-31 11:21:58,92.7801,93.0999,92.7801,92.9887,48501
2015-03-31 12:53:16,92.9944,93.03,92.7348,92.845,51616
2015-03-31 14:26:32,92.85,93.0699,92.85,92.92,49265
2015-03-31 15:40:08,92.9132,92.941,92.43,92.61,68749
2015-04-01 09:59:45,92.61,92.7,91.837,91.96,56669
2015-04-01 10:48:10,91.96,92.2301,91.91,92.2301,84169
2015-04-01 11:39:13,92.2299,92.4501,92.2162,92.2201,45049
2015-04-01 11:49:07,92.23,92.34,92.21,92.34,42911
2015-04-01 12:15:00,92.33,92.33,92.0799,92.09,37000
2015-04-01 13:54:51,92.09,92.43,92.0872,92.3999,40937
2015-04-01 14:40:30,92.427,92.4501,92.11,92.165,97915
2015-04-01 15:34:04,92.185,92.275,92.0507,92.12,49409
2015-04-02 09:50:34,92.13,92.72,92.13,92.72,50232
2015-04-02 11:25:19,92.7701,92.87,92.6,92.7099,48565
2015-04-02 13:41:26,92.7101,92.7159,92.406,92.61,35060
2015-04-02 15:07:38,92.61,92.788,92.5301,92.6355,37422
2015-04-02 15:59:12,92.6385,92.7599,92.5556,92.74,49225
2015-04-06 10:06:22,92.74,92.89,92.2005,92.89,116468
2015-04-06 10:46:27,92.89,93.225,92.82,93.12,45680
2015-04-06 11:43:52,93.1272,93.42,93.1272,93.42,36310
2015-04-06 12:40:11,93.426,93.5699,93.36,93.52,56053
2015-04-06 14:21:03,93.52,93.6201,93.5046,93.5657,49758
2015-04-06 15:20:09,93.5755,93.6488,93.4401,93.451,51618
2015-04-07 09:36:55,93.484,93.486,93.3,93.41,45796
2015-04-07 10:29:43,93.41,93.58,93.24,93.43,52902
2015-04-07 12:57:36,93.42,93.5799,93.38,93.48,27811
2015-04-07 14:22:52,93.48,93.525,93.351,93.459,40601
2015-04-07 15:45:24,93.4501,93.5301,93.1,93.2,56260
2015-04-08 10:33:37,93.19,93.474,92.99,93.3299,64202
2015-04-08 12:39:08,93.22,93.3099,92.928,93.141,84100
2015-04-08 14:01:35,93.146,93.22,93.03,93.0345,45240
2015-04-08 14:34:13,93.02,93.4,92.83,93.2299,47964
2015-04-09 09:32:11,93.1838,93.21,93.04,93.2,39903
2015-04-09 11:17:38,93.1899,93.4047,92.94,92.97,30595
2015-04-09 13:00:01,92.97,93.38,92.88,93.38,66004
2015-04-09 14:05:30,93.41,93.47,93.32,93.3401,52554
2015-04-09 15:00:35,93.36,93.52,93.3254,93.52,40162
2015-04-09 15:17:19,93.55,93.8,93.5316,93.73,79483
2015-04-09 15:59:58,93.73,93.8,93.65,93.66,63699
2015-04-10 10:52:18,93.67,94.2,93.67,94.2,51133
2015-04-10 13:18:43,94.2,94.244,94.1099,94.165,43094
2015-04-10 14:52:52,94.162,94.25,94.12,94.245,55504
2015-04-10 15:40:13,94.26,94.3,94.18,94.28,56660
2015-04-13 10:10:51,94.2748,94.38,94.24,94.36,53065
2015-04-13 12:05:44,94.365,94.4213,94.2554,94.2756,42687
2015-04-13 13:43:43,94.27,94.2932,94.07,94.07,42658
2015-04-13 14:40:47,94.06,94.1699,94.0401,94.1384,94725
2015-04-13 15:59:00,94.16,94.17,93.87,93.92,52608
2015-04-14 10:32:59,93.92,94.1236,93.64,93.749,53188
2015-04-14 11:51:19,93.756,94.155,93.664,94.095,41780
2015-04-14 13:50:32,94.11,94.345,94.1043,94.2135,63645
2015-04-14 15:24:26,94.21,94.3036,94.1,94.23,43000
2015-04-14 15:59:46,94.235,94.2936,94.1292,94.199,66495
2015-04-15 10:57:43,94.2,94.9001,94.2,94.9001,45690
2015-04-15 12:37:03,94.89,94.9001,94.6715,94.7601,42880
2015-04-15 14:13:23,94.7641,95.081,94.7641,95.01,36715
2015-04-15 15:31:22,95.02,95.08,94.93,94.9901,37236
2015-04-16 10:09:05,94.9847,94.9847,94.41,94.4301,48147
2015-04-16 11:45:28,94.4599,94.68,94.4001,94.491,52622
2015-04-16 13:49:01,94.4913,94.898,94.4912,94.89,32716
2015-04-16 14:40:51,94.89,95.0,94.87,94.9327,45731
2015-04-16 15:53:02,94.95,94.95,94.63,94.646,51183
2015-04-17 09:44:36,94.6464,94.69,93.82,93.8972,64894
2015-04-17 10:17:32,93.86,93.9698,93.6572,93.73,49553
2015-04-17 11:09:06,93.7114,93.884,93.5441,93.6068,48327
2015-04-17 11:36:05,93.63,93.78,93.61,93.78,49444
2015-04-17 12:08:44,93.77,93.78,93.6178,93.6773,44659
2015-04-17 13:17:44,93.6799,93.79,93.6299,93.7301,33512
2015-04-17 14:14:10,93.7399,93.7627,93.2268,93.2812,54778
2015-04-17 15:05:47,93.276,93.4199,93.205,93.3841,44365
2015-04-17 15:41:10,93.3899,93.72,93.345,93.68,221164
2015-04-20 09:37:37,93.67,94.47,93.57,94.38,52433
2015-04-20 11:01:19,94.3815,94.579,94.3201,94.579,51125
2015-04-20 12:56:17,94.579,94.61,94.4266,94.45,47666
2015-04-20 14:29:16,94.4446,94.4965,94.2525,94.3253,44013
2015-04-20 15:37:47,94.3299,94.42,94.278,94.327,50026
2015-04-21 09:48:48,94.313,94.64,94.2,94.2347,47035
2015-04-21 11:31:56,94.33,94.3301,94.022,94.0882,49113
2015-04-21 13:43:54,94.0898,94.1099,93.822,93.8438,42497
2015-04-21 15:13:35,93.87,93.96,93.703,93.8999,37311
2015-04-22 09:45:13,93.89,94.07,93.7799,93.82,50840
2015-04-22 10:42:42,93.76,93.93,93.55,93.93,35003
2015-04-22 12:40:11,93.93,94.16,93.92,94.1399,32796
2015-04-22 14:26:33,94.13,94.4286,94.13,94.3169,55912
2015-04-22 15:54:29,94.3299,94.3754,94.2199,94.3049,33798
2015-04-23 10:27:27,94.29,94.465,94.12,94.293,33316
2015-04-23 11:52:45,94.29,94.51,94.26,94.5,38255
2015-04-23 12:41:08,94.5,94.9068,94.5,94.9068,65258
2015-04-23 14:06:58,94.9101,94.9101,94.76,94.8266,45752
2015-04-23 15:10:14,94.82,94.8498,94.7002,94.815,106122
2015-04-24 09:30:57,94.815,94.88,94.51,94.53,34814
2015-04-24 10:04:12,94.53,94.5402,94.3364,94.41,43743
2015-04-24 12:46:45,94.415,94.5858,94.3417,94.52,40367
2015-04-24 14:40:36,94.4919,94.59,94.4601,94.4601,33065
2015-04-27 09:30:50,94.5,94.75,94.3581,94.75,49232
2015-04-27 10:30:15,94.77,94.8051,94.5799,94.798,55205
2015-04-27 12:19:30,94.785,94.8,94.45,94.45,37593
2015-04-27 14:24:22,94.45,94.45,94.24,94.3951,30022
2015-04-27 15:27:55,94.44,94.4449,94.2,94.27,59698
2015-04-28 09:59:59,94.26,94.3075,94.09,94.23,37904
2015-04-28 11:03:13,94.24,94.24,93.72,94.1701,47120
2015-04-28 12:55:41,94.1832,94.4562,94.1701,94.4562,41091
2015-04-28 14:43:33,94.44,94.528,94.3834,94.52,43573
2015-04-28 15:57:50,94.52,94.6499,94.4968,94.62,48493
2015-04-29 10:25:51,94.62,94.68,94.18,94.2,46885
2015-04-29 11:42:08,94.2,94.64,94.18,94.4899,70386
2015-04-29 13:17:58,94.4736,94.52,94.2201,94.3499,60582
2015-04-29 14:33:45,94.349,94.7639,94.3,94.6899,50369
2015-04-29 15:39:03,94.7,94.85,94.471,94.7101,46095
2015-04-30 09:44:30,94.6701,94.6701,94.27,94.29,44790
2015-04-30 10:53:57,94.27,94.352,93.96,94.0904,55103
2015-04-30 12:41:35,94.048,94.55,94.02,94.25,48089
2015-04-30 14:49:48,94.25,94.33,93.935,93.99,67129
2015-04-30 15:42:03,93.96,93.96,93.555,93.76,54600
2015-05-01 10:03:29,93.77,94.45,93.73,94.295,78980
2015-05-01 11:57:04,94.28,94.43,94.172,94.2899,42657
2015-05-01 13:52:06,94.26,94.57,94.15,94.57,70780
2015-05-01 15:07:08,94.58,94.715,94.5749,94.5932,44718
2015-05-04 09:31:29,94.5901,94.925,94.5002,94.88,69091
2015-05-04 09:59:33,94.93,95.22,94.898,95.22,75516
2015-05-04 11:19:30,95.22,95.24,95.0901,95.15,71557
2015-05-04 12:19:43,95.17,95.2,95.09,95.14,43564
2015-05-04 14:35:34,95.14,95.26,95.0559,95.245,35457
2015-05-04 15:31:58,95.2451,95.28,95.1599,95.25,36285
2015-05-05 09:33:44,95.2539,95.27,95.0,95.17,53304
2015-05-05 10:37:41,95.18,95.3,94.87,95.0601,37618
2015-05-05 12:28:33,95.037,95.0835,94.55,94.794,34223
2015-05-05 14:28:04,94.78,94.7995,94.35,94.36,47085
2015-05-05 15:27:36,94.35,94.41,94.1,94.24,72800
2015-05-06 09:30:53,94.2493,94.605,94.12,94.605,141576
2015-05-06 09:59:27,94.6897,94.6996,93.89,94.02,37586
2015-05-06 11:02:09,94.02,94.26,93.73,94.19,39505
2015-05-06 12:52:11,94.166,94.166,93.811,93.8301,52984
2015-05-06 14:14:18,93.79,93.87,93.51,93.63,54335
2015-05-06 15:15:39,93.63,93.66,93.292,93.3816,49685
2015-05-07 09:31:52,93.3742,93.83,93.3101,93.74,51587
2015-05-07 10:09:42,93.75,93.75,93.428,93.6,53427
2015-05-07 11:05:02,93.58,93.85,93.4601,93.84,49836
2015-05-07 13:23:41,93.84,94.19,93.751,94.01,54904
2015-05-07 15:09:00,94.0,94.1345,93.9871,94.11,50161
2015-05-08 09:43:53,94.11,94.93,93.902,94.92,58204
2015-05-08 11:12:11,94.94,95.055,94.83,95.055,38616
2015-05-08 12:53:55,95.06,95.21,95.04,95.1238,41602
2015-05-08 14:52:29,95.12,95.19,95.0564,95.105,60170
2015-05-08 15:59:56,95.115,95.22,95.0945,95.18,44174
2015-05-11 10:03:36,95.17,95.22,95.03,95.16,71048
2015-05-11 11:09:56,95.1757,95.18,94.9,95.03,63012
2015-05-11 11:54:52,95.0346,95.125,94.98,95.0401,68929
2015-05-11 13:10:34,95.0301,95.052,94.82,94.97,63900
2015-05-11 14:33:07,94.97,94.98,94.8,94.8451,56481
2015-05-11 15:46:46,94.8499,94.8499,94.64,94.757,54559
2015-05-12 10:00:03,94.7565,94.76,93.9348,94.05,43098
2015-05-12 11:06:35,94.05,94.55,93.973,94.53,52734
2015-05-12 12:55:34,94.51,94.56,94.2664,94.4866,38224
2015-05-12 14:35:02,94.4845,94.634,94.3757,94.5855,52456
2015-05-13 09:31:14,94.625,94.649,94.42,94.57,45793
2015-05-13 10:33:01,94.57,94.86,94.57,94.65,38075
2015-05-13 11:56:27,94.61,94.61,94.32,94.57,60761
2015-05-13 12:34:25,94.57,94.6099,94.43,94.49,52015
2015-05-13 12:42:14,94.49,94.563,94.4744,94.5599,43948
2015-05-13 12:54:48,94.5599,94.56,94.5,94.5444,57691
2015-05-13 14:36:44,94.526,94.69,94.42,94.448,42190
2015-05-13 15:41:31,94.47,94.54,94.3545,94.39,58541
2015-05-14 09:43:42,94.42,95.03,94.41,94.94,47737
2015-05-14 11:08:26,94.94,95.1499,94.9099,95.02,39055
2015-05-14 12:26:50,94.9802,95.0532,94.8872,95.04,46169
2015-05-14 14:30:49,95.0556,95.177,95.0,95.163,53545
2015-05-14 15:39:47,95.17,95.2156,95.0938,95.1165,42821
2015-05-15 10:05:47,95.1351,95.26,95.01,95.0176,44292
2015-05-15 11:52:23,95.0203,95.21,95.01,95.0499,40282
2015-05-15 14:18:48,95.0499,95.1699,95.0155,95.1549,36232
2015-05-15 15:50:00,95.16,95.261,95.1501,95.26,43720
2015-05-18 10:12:46,95.26,95.34,95.18,95.2188,38650
2015-05-18 11:14:51,95.22,95.43,95.195,95.43,30132
2015-05-18 13:12:12,95.42,95.5,95.39,95.4701,40601
2015-05-18 14:14:05,95.47,95.59,95.47,95.554,37255
2015-05-18 15:27:00,95.541,95.65,95.533,95.61,34771
2015-05-19 09:38:18,95.6066,95.61,95.3301,95.3301,51433
2015-05-19 10:18:43,95.3695,95.4583,95.27,95.4395,41900
2015-05-19 11:26:10,95.45,95.55,95.39,95.545,36228
2015-05-19 12:39:36,95.53,95.59,95.48,95.52,34493
2015-05-19 13:46:05,95.52,95.69,95.5023,95.68,44107
2015-05-19 14:52:53,95.67,95.69,95.4435,95.508,38657
2015-05-19 15:38:34,95.5,95.5356,95.338,95.45,54707
2015-05-20 10:18:19,95.442,95.635,95.37,95.635,37065
2015-05-20 12:09:31,95.64,95.67,95.4,95.51,30057
2015-05-20 13:39:38,95.5001,95.6099,95.4649,95.47,45210
2015-05-20 14:17:57,95.4799,95.7025,95.4468,95.7,46992
2015-05-20 14:27:51,95.7,95.84,95.69,95.825,55046
2015-05-20 14:58:59,95.8499,95.855,95.66,95.715,35128
2015-05-20 15:38:41,95.7099,95.7299,95.48,95.55,38519
2015-05-21 10:17:20,95.55,95.726,95.393,95.66,38076
2015-05-21 11:21:11,95.66,95.75,95.66,95.74,35982
2015-05-21 12:21:57,95.74,95.8352,95.72,95.82,32421
2015-05-21 13:55:12,95.83,95.86,95.69,95.7,37917
2015-05-21 14:45:18,95.67,95.86,95.6601,95.8499,46792
2015-05-21 15:41:57,95.84,95.92,95.7055,95.9,39990
2015-05-22 09:39:24,95.8996,95.92,95.53,95.64,151421
2015-05-22 11:25:14,95.67,95.716,95.55,95.55,43057
2015-05-22 13:29:07,95.5499,95.74,95.5265,95.69,48538
2015-05-22 15:22:56,95.6801,95.72,95.62,95.72,48759
2015-05-26 09:39:59,95.7101,95.73,95.0,95.0,31721
2015-05-26 11:27:49,94.98,95.0,94.48,94.6081,39373
2015-05-26 13:06:01,94.64,94.75,94.415,94.415,43737
2015-05-26 13:54:49,94.435,94.56,94.365,94.43,54865
2015-05-26 15:16:21,94.43,94.5,94.33,94.4972,38878
2015-05-27 09:33:07,94.4974,94.79,94.41,94.65,49538
2015-05-27 11:05:44,94.65,95.08,94.57,94.92,38083
2015-05-27 11:59:25,94.9301,95.08,94.9,95.03,62847
2015-05-27 13:46:10,95.0354,95.1527,95.0076,95.1236,45758
2015-05-27 15:03:11,95.1001,95.19,95.09,95.12,51180
2015-05-27 15:55:17,95.115,95.28,95.1,95.2101,54461
2015-05-28 10:21:38,95.23,95.23,94.76,94.8801,39265
2015-05-28 12:58:28,94.8695,94.97,94.69,94.8132,36800
2015-05-28 15:05:59,94.8536,95.132,94.81,95.132,40335
2015-05-29 09:50:48,95.1335,95.15,94.83,94.8802,39807
2015-05-29 11:39:45,94.885,94.947,94.436,94.5,39299
2015-05-29 13:45:05,94.5,94.9549,94.5,94.9,37849
2015-05-29 15:17:36,94.9169,94.92,94.525,94.705,57569
2015-05-29 15:59:56,94.7249,94.8168,94.6,94.6,46296
2015-06-01 10:05:30,94.6,95.01,94.534,94.8,42771
2015-06-01 11:43:10,94.8,94.815,94.38,94.5388,47020
2015-06-01 14:09:01,94.54,94.89,94.515,94.862,47689
2015-06-01 14:58:29,94.8799,95.0,94.8744,94.9,114065
2015-06-02 09:30:00,94.9,94.9499,94.43,94.48,190248
2015-06-02 10:17:05,94.538,94.56,94.22,94.5099,47149
2015-06-02 12:14:20,94.45,94.925,94.44,94.8515,44710
2015-06-02 13:52:02,94.8343,94.98,94.8343,94.94,47974
2015-06-02 15:06:37,94.94,94.98,94.67,94.73,49547
2015-06-03 09:30:00,94.72,94.96,94.6287,94.96,70430
2015-06-03 10:05:37,94.9104,94.95,94.66,94.91,48599
2015-06-03 11:28:23,94.95,95.32,94.88,95.2,43490
2015-06-03 13:06:32,95.2,95.2,94.8026,94.9441,53547
2015-06-03 15:15:45,94.99,95.16,94.9015,95.0143,30921
2015-06-04 09:30:11,94.9955,95.03,94.48,94.53,71654
2015-06-04 11:10:36,94.52,94.82,94.28,94.29,48993
2015-06-04 11:53:15,94.3401,94.51,94.1893,94.27,48902
2015-06-04 13:25:33,94.326,94.41,93.99,94.045,58119
2015-06-04 14:37:37,94.045,94.2499,94.015,94.125,46790
2015-06-04 15:50:57,94.12,94.21,94.0,94.0,40113
2015-06-05 09:46:38,93.9999,94.2128,93.81,93.91,56546
2015-06-05 10:49:15,93.91,94.4851,93.91,94.27,55613
2015-06-05 13:03:15,94.26,94.2633,93.9537,94.1646,47450
2015-06-05 15:18:22,94.1634,94.2101,94.0301,94.11,43314
2015-06-08 09:39:57,94.0432,94.1099,93.84,94.05,45504
2015-06-08 12:32:15,94.05,94.089,93.8362,93.879,38442
2015-06-08 14:38:42,93.886,93.899,93.6566,93.88,40167
2015-06-08 15:55:28,93.861,93.9036,93.68,93.68,51008
2015-06-09 10:06:21,93.67,93.86,93.48,93.559,159330
2015-06-09 12:02:35,93.58,94.0099,93.5756,93.905,35191
2015-06-09 14:08:24,93.905,94.0575,93.8456,93.9116,50989
2015-06-09 15:39:28,93.9056,93.96,93.6899,93.7575,35268
2015-06-10 10:36:26,93.7575,94.68,93.72,94.68,42776
2015-06-10 11:20:28,94.6701,95.0601,94.61,94.93,63761
2015-06-10 13:05:08,94.865,94.96,94.85,94.935,56439
2015-06-10 14:34:46,94.94,94.96,94.7928,94.93,44694
2015-06-10 15:57:09,94.93,94.9468,94.8357,94.865,41976
2015-06-11 10:28:30,94.86,95.2472,94.82,95.1937,53142
2015-06-11 12:21:03,95.2047,95.2047,94.93,95.0755,45520
2015-06-11 14:43:19,95.06,95.18,95.0395,95.1724,33259
2015-06-12 09:44:25,95.1754,95.1754,94.46,94.5045,36632
2015-06-12 10:34:48,94.49,94.65,94.36,94.36,43074
2015-06-12 12:07:58,94.3568,94.6143,94.257,94.394,71510
2015-06-12 14:34:08,94.4075,94.48,94.2701,94.2701,37043
2015-06-15 09:36:37,94.2701,94.4475,93.5,93.54,41583
2015-06-15 10:48:38,93.57,93.7701,93.465,93.72,47849
2015-06-15 12:05:03,93.6901,94.0768,93.6901,93.995,61276
2015-06-15 13:51:12,93.99,94.105,93.8412,94.09,81796
2015-06-15 15:07:44,94.09,94.09,93.7801,93.82,46606
2015-06-15 16:14:48,93.849,94.77,93.48,94.2,47337
2015-06-16 09:47:35,94.2,94.2,93.74,94.1099,43732
2015-06-16 11:39:36,94.0901,94.26,93.8699,94.1699,51179
2015-06-16 14:03:00,94.16,94.38,94.16,94.38,102921
2015-06-16 15:32:53,94.36,94.4601,94.36,94.4406,52074
2015-06-17 10:37:03,94.455,94.84,94.4049,94.62,48304
2015-06-17 12:59:59,94.6251,94.66,94.11,94.17,36695
2015-06-17 14:01:11,94.17,94.49,94.02,94.46,46139
2015-06-17 14:38:22,94.49,94.73,94.3458,94.565,47032
2015-06-17 15:47:04,94.575,94.87,94.54,94.54,49128
2015-06-18 10:10:11,94.5367,95.1664,94.51,95.13,46634
2015-06-18 11:11:02,95.13,95.35,95.05,95.3133,50337
2015-06-18 12:32:07,95.32,95.47,95.24,95.47,47513
2015-06-18 13:45:58,95.47,95.555,95.19,95.2951,35480
2015-06-18 15:20:45,95.2868,95.4,95.28,95.333,44090
2015-06-18 15:59:55,95.32,95.45,95.2751,95.32,52231
2015-06-19 11:33:36,95.3,95.33,95.0599,95.09,51849
2015-06-19 13:48:55,95.1099,95.1099,94.9499,95.0549,42252
2015-06-19 14:55:17,95.05,95.05,94.7967,94.8,44021
2015-06-19 15:27:32,94.8161,94.8386,94.7751,94.81,43294
2015-06-19 15:58:00,94.81,94.93,94.77,94.855,52480
2015-06-19 16:00:00,94.84,94.87,94.68,94.68,600989
2015-06-22 10:46:43,94.69,95.52,94.6,95.515,532343
2015-06-22 12:28:32,95.51,95.535,95.18,95.19,43173
2015-06-22 14:40:02,95.1932,95.3,95.185,95.2962,42454
2015-06-22 15:59:58,95.2832,95.3499,95.2,95.26,41693
2015-06-23 10:54:07,95.26,95.609,95.24,95.35,41704
2015-06-23 12:52:48,95.35,95.41,95.2101,95.2899,32952
2015-06-23 14:39:39,95.2701,95.47,95.246,95.47,56119
2015-06-24 09:33:00,95.45,95.4801,94.672,94.72,44994
2015-06-24 11:37:00,94.72,94.834,94.5367,94.5869,44072
2015-06-24 13:51:02,94.5768,94.5969,94.2282,94.2599,42414
2015-06-24 15:25:50,94.259,94.36,94.2001,94.346,60508
2015-06-25 09:41:58,94.36,94.47,94.08,94.08,45483
2015-06-25 12:01:58,94.08,94.39,94.04,94.3137,33934
2015-06-25 14:20:13,94.32,94.32,93.91,93.9467,42336
2015-06-25 15:54:55,93.93,94.0082,93.799,93.833,43581
2015-06-26 11:13:53,93.8355,94.0605,93.7302,94.03,48156
2015-06-26 13:27:45,94.05,94.06,93.66,93.7132,40985
2015-06-26 15:24:10,93.7268,94.0144,93.7202,93.9752,51210
2015-06-29 09:40:22,93.96,94.01,93.0,93.24,52284
2015-06-29 10:24:44,93.24,93.41,93.13,93.16,67397
2015-06-29 11:29:10,93.17,93.2299,92.87,92.91,49326
2015-06-29 12:56:02,92.87,92.9199,92.689,92.7,74523
2015-06-29 14:08:29,92.7,92.715,92.5601,92.58,69792
2015-06-29 14:50:53,92.5863,92.5863,92.34,92.525,50779
2015-06-29 15:34:56,92.5399,92.5399,92.25,92.2998,65392
2015-06-30 09:30:01,92.2932,93.1,92.04,92.85,93980
2015-06-30 10:08:34,92.89,92.9499,92.38,92.427,40562
2015-06-30 11:15:45,92.45,92.49,92.1945,92.3641,40063
2015-06-30 12:46:13,92.4,92.421,91.92,92.08,49227
2015-06-30 13:41:02,92.08,92.37,92.0314,92.36,71619
2015-06-30 14:24:45,92.3648,92.72,92.3443,92.58,56562
2015-06-30 15:10:52,92.58,92.585,92.29,92.3448,51564
2015-06-30 15:59:59,92.32,92.4699,92.2,92.22,58079
2015-07-01 09:48:47,92.22,93.09,92.2,92.9256,57553
2015-07-01 10:28:45,92.928,93.11,92.928,92.9747,76212
2015-07-01 12:08:21,92.97,92.97,92.67,92.759,46742
2015-07-01 14:18:12,92.7599,92.81,92.5,92.58,41215
2015-07-01 15:13:41,92.6051,92.728,92.535,92.7269,38652
2015-07-02 09:30:18,92.721,93.17,92.6699,93.12,58212
2015-07-02 10:04:41,93.12,93.2401,93.03,93.1599,29106
2015-07-02 11:50:50,93.1499,93.1499,92.79,92.79,57064
2015-07-02 14:15:46,92.8,92.8,92.56,92.57,51789
2015-07-02 15:41:33,92.6168,92.85,92.59,92.7399,86318
2015-07-06 10:07:18,92.7389,92.87,91.86,92.23,45911
2015-07-06 11:16:39,92.23,92.748,92.17,92.37,71808
2015-07-06 13:00:37,92.37,92.5299,92.34,92.39,64215
2015-07-06 14:33:37,92.3836,92.4099,91.9512,91.9599,49440
2015-07-06 15:55:03,91.9832,92.3,91.9166,92.28,44697
2015-07-07 10:15:42,92.29,92.47,91.61,91.6248,60810
2015-07-07 11:12:04,91.6549,91.68,91.26,91.4565,43325
2015-07-07 11:45:12,91.5196,91.62,91.196,91.58,56390
2015-07-07 13:18:25,91.58,92.37,91.5242,92.2,50625
2015-07-07 14:41:40,92.2,92.42,92.0886,92.41,51194
2015-07-07 15:13:13,92.4302,92.87,92.43,92.71,76746
2015-07-07 15:38:28,92.71,93.02,92.7046,92.9401,65025
2015-07-08 09:34:57,92.96,92.96,92.0524,92.3204,92036
2015-07-08 10:38:17,92.3,92.33,91.7901,91.873,49880
2015-07-08 12:02:37,91.9288,92.17,91.5664,91.62,46325
2015-07-08 14:00:34,91.615,91.9299,91.615,91.82,94184
2015-07-08 14:59:41,91.798,91.828,91.24,91.37,48917
2015-07-08 15:31:53,91.37,91.6799,91.324,91.4171,46864
2015-07-08 15:59:48,91.43,91.5851,91.34,91.34,58318
2015-07-09 10:05:49,91.34,92.72,91.34,92.3799,66805
2015-07-09 11:24:44,92.3299,92.33,91.9601,92.1989,55037
2015-07-09 13:04:39,92.1995,92.1995,91.84,91.9095,50155
2015-07-09 14:52:43,91.8,91.9199,91.65,91.85,46185
2015-07-09 15:58:06,91.8548,91.9999,91.74,91.81,52199
2015-07-10 10:16:52,91.7763,92.7621,91.6,92.53,80881
2015-07-10 11:10:58,92.5325,92.5736,92.32,92.529,48082
2015-07-10 12:45:42,92.528,92.782,92.528,92.5852,45209
2015-07-10 14:49:36,92.597,92.76,92.5001,92.735,42741
2015-07-10 15:59:50,92.7299,92.85,92.64,92.66,32112
2015-07-13 11:19:29,92.66,93.4301,92.63,93.3299,41613
2015-07-13 13:42:40,93.3436,93.483,93.2605,93.31,44155
2015-07-13 15:39:39,93.3345,93.5336,93.3001,93.5249,46733
2015-07-14 10:44:44,93.525,93.7599,93.39,93.7314,58297
2015-07-14 13:29:30,93.732,93.858,93.7048,93.74,40483
2015-07-14 15:44:42,93.7491,94.0088,93.7201,93.93,34989
2015-07-15 10:27:44,93.93,93.97,93.76,93.89,53247
2015-07-15 13:35:49,93.89,94.01,93.8181,93.9294,39000
2015-07-15 15:22:12,93.9198,93.9299,93.5223,93.61,34280
2015-07-16 09:34:56,93.6178,94.37,93.592,94.3101,41773
2015-07-16 11:33:26,94.31,94.4,94.21,94.2999,50582
2015-07-16 14:05:45,94.2948,94.3354,94.185,94.2201,42347
2015-07-16 15:36:41,94.24,94.37,94.2201,94.3532,54938
2015-07-17 10:41:27,94.3502,94.37,93.79,93.885,55547
2015-07-17 11:27:18,93.89,93.9143,93.834,93.8701,57348
2015-07-17 11:40:51,93.8829,93.91,93.87,93.884,40462
2015-07-17 12:39:05,93.89,93.8999,93.82,93.849,39604
2015-07-17 15:40:08,93.84,93.995,93.8372,93.9901,49952
2015-07-20 11:33:53,93.99,94.15,93.728,93.93,47527
2015-07-20 14:27:34,93.9301,93.9999,93.9099,93.9999,35110
2015-07-21 09:46:46,93.972,93.9945,93.6256,93.7536,55678
2015-07-21 11:56:54,93.7642,93.7642,93.377,93.377,52086
2015-07-21 14:06:32,93.3739,93.4099,93.1598,93.1649,58930
2015-07-21 15:36:56,93.163,93.328,93.15,93.3118,40610
2015-07-22 09:58:41,93.3082,93.42,93.23,93.42,66591
2015-07-22 12:24:24,93.44,93.4798,93.21,93.21,55673
2015-07-22 14:59:41,93.23,93.4178,93.21,93.395,38767
2015-07-23 09:43:45,93.408,93.51,93.16,93.28,48931
2015-07-23 11:53:32,93.29,93.3885,92.9,92.91,92043
2015-07-23 13:38:49,92.9108,92.92,92.73,92.8077,37815
2015-07-23 13:38:54,92.8077,92.8199,92.8,92.8,36202
2015-07-23 13:39:01,92.8,92.81,92.8,92.81,34404
2015-07-23 13:39:06,92.81,92.82,92.8,92.82,33833
2015-07-23 13:39:13,92.8199,92.82,92.8,92.81,25586
2015-07-23 14:51:18,92.81,92.9999,92.8,92.8,31983
2015-07-23 15:59:35,92.795,92.82,92.65,92.8,40844
2015-07-24 11:06:10,92.8,92.8,92.1554,92.218,44848
2015-07-24 12:46:10,92.209,92.28,92.0099,92.0099,38441
2015-07-24 14:41:09,92.0,92.0,91.503,91.5471,33669
2015-07-27 09:30:01,91.5529,91.7297,91.05,91.05,44993
2015-07-27 10:31:43,91.16,91.2,90.73,91.18,40231
2015-07-27 11:36:32,91.1995,91.3724,91.13,91.18,57825
2015-07-27 13:29:50,91.1616,91.2468,91.0401,91.0414,61683
2015-07-27 14:55:56,91.039,91.226,91.02,91.1016,62710
2015-07-27 15:56:26,91.1184,91.1485,90.91,91.0068,37550
2015-07-28 10:20:57,91.01,91.59,91.01,91.17,46354
2015-07-28 12:28:59,91.22,91.9333,91.1051,91.9333,39936
2015-07-28 14:28:12,91.905,92.3,91.872,92.2829,42887
2015-07-28 15:58:40,92.2728,92.275,92.1462,92.1849,35064
2015-07-29 10:44:10,92.19,92.678,92.17,92.6646,64579
2015-07-29 12:37:43,92.69,92.9067,92.6201,92.7502,75668
2015-07-29 14:07:33,92.75,93.03,92.5901,92.7584,41524
2015-07-29 15:31:45,92.6801,93.099,92.6801,93.0468,44248
2015-07-30 10:20:42,92.9899,93.06,92.51,92.79,45959
2015-07-30 12:30:50,92.8048,92.97,92.65,92.9278,44437
2015-07-30 15:14:57,92.9165,93.0001,92.78,92.9401,101880
2015-07-31 09:52:19,92.95,93.14,92.71,92.7352,73578
2015-07-31 12:18:52,92.76,93.0951,92.75,93.07,62189
2015-07-31 14:29:21,93.07,93.07,92.68,92.7448,38374
2015-07-31 15:27:04,92.7448,92.769,92.58,92.6,61224
2015-08-03 09:46:35,92.6,92.67,92.14,92.15,80129
2015-08-03 11:49:22,92.19,92.4632,92.15,92.39,51596
2015-08-03 13:40:48,92.39,92.395,91.76,91.8495,58074
2015-08-03 15:14:06,91.8401,91.9599,91.771,91.8452,44340
2015-08-04 09:56:01,91.856,92.3499,91.8301,92.3499,31717
2015-08-04 12:38:20,92.3474,92.41,92.1261,92.1261,52449
2015-08-04 14:35:20,92.136,92.1701,91.774,91.8399,82454
2015-08-04 15:57:06,91.835,92.04,91.8255,91.9399,47833
2015-08-05 10:24:39,91.93,92.889,91.93,92.889,63368
2015-08-05 12:26:17,92.888,92.9351,92.3101,92.3101,99699
2015-08-05 13:34:21,92.3136,92.3749,92.15,92.2201,55526
2015-08-05 14:53:50,92.221,92.461,92.1951,92.4,33636
2015-08-05 15:54:45,92.4119,92.5061,92.305,92.3075,30910
2015-08-06 10:37:34,92.31,92.39,91.9702,92.1599,111514
2015-08-06 12:41:32,92.1497,92.2823,91.6901,91.7301,37190
2015-08-06 14:54:51,91.73,92.0396,91.705,91.9799,32608
2015-08-07 09:33:08,91.9601,92.08,91.73,91.73,55054
2015-08-07 11:29:45,91.77,91.9799,91.414,91.4659,41953
2015-08-07 14:24:21,91.4501,91.535,91.3096,91.3298,31575
2015-08-07 15:47:24,91.3268,91.57,91.3099,91.502,39447
2015-08-10 10:41:04,91.53,92.575,91.53,92.544,49228
2015-08-10 13:01:41,92.547,92.8101,92.547,92.7932,94899
2015-08-10 14:42:44,92.795,92.91,92.795,92.8599,50044
2015-08-11 09:34:59,92.855,92.93,92.02,92.18,36066
2015-08-11 11:01:31,92.1725,92.26,91.99,92.0736,48263
2015-08-11 13:30:52,92.0199,92.0199,91.706,91.79,38179
2015-08-11 15:32:51,91.7897,92.04,91.775,92.0,53154
2015-08-12 09:49:15,92.005,92.168,91.2,91.278,40859
2015-08-12 10:54:26,91.282,91.29,90.7,90.91,42526
2015-08-12 12:35:13,90.8764,91.325,90.8368,91.325,36149
2015-08-12 14:13:08,91.336,91.73,91.3,91.698,32923
2015-08-12 15:35:14,91.7183,92.25,91.53,92.24,36214
2015-08-13 10:34:24,92.24,92.24,91.795,91.8936,47029
2015-08-13 12:43:32,91.92,92.1925,91.8571,92.115,41868
2015-08-13 15:20:37,92.12,92.26,92.06,92.122,42852
2015-08-14 10:13:00,92.136,92.1598,91.87,92.1006,95433
2015-08-14 12:37:43,92.09,92.1699,91.89,92.1412,101298
2015-08-14 15:04:37,92.1101,92.2599,92.04,92.245,43879
2015-08-17 10:17:04,92.25,92.35,91.72,92.14,47368
2015-08-17 12:33:57,92.14,92.4799,92.105,92.45,69009
2015-08-17 14:30:18,92.4802,92.62,92.44,92.5052,59333
2015-08-18 09:50:23,92.515,92.65,92.36,92.42,44016
2015-08-18 11:55:40,92.38,92.676,92.3702,92.4,34779
2015-08-18 14:03:39,92.3864,92.5099,92.2936,92.3164,38748
2015-08-18 15:59:50,92.327,92.4798,92.312,92.44,55031
2015-08-19 10:40:25,92.43,92.43,91.59,91.59,41524
2015-08-19 11:48:25,91.59,91.59,91.19,91.1972,51779
2015-08-19 13:44:53,91.14,91.627,91.14,91.627,50306
2015-08-19 14:56:38,91.6164,92.23,91.5695,91.621,61041
2015-08-19 15:42:53,91.6137,91.71,91.4926,91.64,60275
2015-08-20 09:47:55,91.6936,91.8199,90.61,90.92,64483
2015-08-20 10:02:49,90.92,90.92,90.63,90.63,70169
2015-08-20 11:09:08,90.62,90.8299,90.45,90.6399,48485
2015-08-20 12:55:28,90.615,90.7899,90.343,90.343,40654
2015-08-20 13:41:34,90.3299,90.56,90.3299,90.42,123073
2015-08-20 14:17:41,90.4228,90.5972,90.29,90.3398,92178
2015-08-20 15:26:14,90.37,90.42,90.03,90.0743,52161
2015-08-21 09:30:01,90.08,90.384,88.86,88.86,186250
2015-08-21 09:43:01,88.97,89.2,88.86,89.08200000000001,24648
2015-08-21 10:12:21,89.04,89.3,88.91,89.0964,41939
2015-08-21 10:45:20,89.07,89.12200000000001,88.65,88.78,51278
2015-08-21 11:08:08,88.81,88.81,88.49,88.5,66434
2015-08-21 11:56:00,88.51,88.51,88.07,88.34,35063
2015-08-21 12:29:26,88.366,88.75,88.366,88.4088,65142
2015-08-21 13:04:10,88.4399,88.522,88.0,88.0,99714
2015-08-21 13:26:37,87.99,88.2253,87.96,88.21,106460
2015-08-21 13:46:22,88.21,88.43,88.16,88.36,98901
2015-08-21 14:13:51,88.35799999999999,88.5797,88.2,88.4045,114423
2015-08-21 14:37:36,88.42,88.52,88.18,88.2029,84267
2015-08-21 14:59:01,88.15,88.16,87.81,87.921,71489
2015-08-21 15:15:59,87.885,87.9299,87.44,87.45,61658
2015-08-21 15:32:23,87.49,87.77,87.49,87.5771,43404
2015-08-21 15:40:00,87.5771,87.61,87.3601,87.52,48958
2015-08-21 15:56:34,87.52,87.7229,87.24,87.25,40100
2015-08-24 09:30:08,87.255,87.43,81.31,82.1395,94249
2015-08-24 09:30:18,81.88,82.3188,81.37,81.37,23177
2015-08-24 09:30:26,81.38,81.47,76.0,76.0,30823
2015-08-24 09:31:37,76.0,82.31,72.55,79.26,39083
2015-08-24 09:35:43,82.26,82.26,72.8,79.1,21304
2015-08-24 09:41:14,79.14,83.39,79.14,82.8301,22609
2015-08-24 09:49:53,82.88,84.415,82.83,83.5,26605
2015-08-24 09:54:04,83.5537,83.66,82.85,83.08,34239
2015-08-24 10:00:39,83.07,83.7501,82.99,83.62,24570
2015-08-24 10:16:35,83.6,84.68,83.2301,84.66,31001
2015-08-24 10:27:32,84.69,85.27,84.605,85.17,37055
2015-08-24 10:36:34,85.16,85.23299999999999,84.04,84.671,26471
2015-08-24 10:44:22,84.6701,85.07,84.6,84.6,33533
2015-08-24 10:55:16,84.6,85.1,84.6,84.98,42812
2015-08-24 11:02:57,84.98,85.02,84.7,84.76,45818
2015-08-24 11:21:04,84.76,84.84,84.3,84.3199,43965
2015-08-24 11:38:25,84.32,84.7799,84.211,84.77,52189
2015-08-24 11:51:09,84.77,85.165,84.625,85.165,40012
2015-08-24 12:00:12,85.1501,85.71,85.1501,85.54,42768
2015-08-24 12:22:56,85.54,85.7083,85.1401,85.6101,50330
2015-08-24 12:29:43,85.7001,85.985,85.7001,85.925,59612
2015-08-24 12:44:03,85.92,86.05,85.71,85.9901,57046
2015-08-24 12:58:53,85.9901,86.0099,85.63,85.89,60007
2015-08-24 13:26:25,85.89,86.124,85.5001,85.5001,64526
2015-08-24 13:43:40,85.5001,85.56,85.07,85.15100000000001,63407
2015-08-24 13:59:57,85.15299999999999,85.35,84.81,84.8128,54932
2015-08-24 14:13:03,84.86,84.8753,84.4701,84.49,44234
2015-08-24 14:28:04,84.49,84.8001,84.31,84.58,50853
2015-08-24 14:50:02,84.58,84.8299,84.19,84.27,38755
2015-08-24 14:59:07,84.26,84.26,83.53,83.53,50388
2015-08-24 15:04:55,83.53,83.56,83.13,83.52,45747
2015-08-24 15:10:09,83.52,83.93,83.48,83.905,48513
2015-08-24 15:15:16,83.93,83.93,83.45,83.61,82978
2015-08-24 15:24:59,83.5853,83.62,83.06,83.2499,34361
2015-08-24 15:35:41,83.2499,83.39,82.9727,83.3101,26376
2015-08-24 15:43:54,83.35,84.2,83.35,84.11,30875
2015-08-24 15:47:39,84.12,84.9,84.0801,84.58,38136
2015-08-24 15:50:13,84.58,84.58,84.01,84.09,59537
2015-08-24 15:59:51,84.11,84.5153,83.58,83.69,31043
2015-08-25 09:36:07,83.69,86.43,83.59,85.46,50860
2015-08-25 09:56:03,85.45,85.5099,85.03,85.036,47942
2015-08-25 10:36:26,85.0153,85.44,84.8554,84.9199,40324
2015-08-25 11:21:02,84.92,85.65,84.8901,85.65,56174
2015-08-25 11:49:13,85.65,85.7301,85.1801,85.3201,47702
2015-08-25 12:50:08,85.33,85.3499,85.06,85.1104,42755
2015-08-25 13:21:14,85.11,85.15,84.7701,84.85,58583
2015-08-25 13:52:12,84.85,84.8801,84.3286,84.45,62648
2015-08-25 14:02:50,84.44,84.66,84.41,84.5,87752
2015-08-25 14:19:55,84.5,84.5699,84.3529,84.5699,73329
2015-08-25 14:40:16,84.64,84.68,84.4,84.4908,63355
2015-08-25 15:10:01,84.4776,84.89,84.475,84.515,57598
2015-08-25 15:25:03,84.4804,84.535,83.919,83.93,50094
2015-08-25 15:37:42,83.845,84.0099,83.41,83.42,43291
2015-08-25 15:44:30,83.39,83.48200000000001,83.0501,83.17,43752
2015-08-25 15:50:22,83.17,83.2199,82.55,82.64,38674
2015-08-25 15:52:26,82.64,82.7908,82.54,82.7908,94404
2015-08-25 15:55:17,82.825,83.13,82.82,83.05799999999999,36725
2015-08-25 15:59:54,82.89,82.89,82.17,82.18,54442
2015-08-26 09:30:04,82.18,84.25,82.17,84.17,50827
2015-08-26 09:41:56,84.18,84.41,83.62,83.62,47863
2015-08-26 09:49:07,83.65,83.81,83.54,83.81,43670
2015-08-26 10:06:07,83.81,83.9899,83.4788,83.9899,52285
2015-08-26 10:15:30,83.9401,83.9401,83.54,83.56,54996
2015-08-26 10:15:46,83.58,83.58,83.28,83.37,51609
2015-08-26 10:20:46,83.37,83.43,83.03,83.1,48762
2015-08-26 10:33:54,83.18,83.77,83.18,83.77,39570
2015-08-26 10:57:43,83.85,83.85,83.1816,83.46,51778
2015-08-26 11:14:13,83.47,83.47,83.1425,83.23,50186
2015-08-26 11:38:50,83.2499,83.52,82.94,82.955,50332
2015-08-26 11:52:39,82.955,83.22,82.86,83.21,64767
2015-08-26 12:07:21,83.19,83.2199,83.01,83.1325,69287
2015-08-26 12:20:54,83.1325,83.2039,82.95,83.04,49778
2015-08-26 12:58:24,83.0699,83.125,82.71,83.11,53941
2015-08-26 13:13:13,83.11,83.41,83.09,83.11,60612
2015-08-26 13:42:09,83.2,83.8299,83.09,83.75,66698
2015-08-26 14:05:43,83.75,83.9,83.55,83.7528,55063
2015-08-26 14:16:30,83.7448,83.8899,83.57,83.64,48427
2015-08-26 14:34:36,83.64,83.695,83.39,83.679,53698
2015-08-26 14:46:06,83.695,84.14,83.695,84.14,64006
2015-08-26 15:07:58,84.13,84.32,83.94,84.32,53980
2015-08-26 15:12:54,84.33,84.72,84.32,84.69,58848
2015-08-26 15:24:21,84.69,84.9899,84.53,84.736,53711
2015-08-26 15:44:37,84.7199,85.22,84.6101,85.205,60230
2015-08-26 15:57:44,85.23,85.2451,84.9,85.0648,92577
2015-08-27 09:47:18,85.07,86.5096,85.01899999999999,86.3601,49987
2015-08-27 10:21:19,86.34,86.3525,86.0188,86.2799,54501
2015-08-27 10:44:57,86.24,86.5188,86.2,86.5188,101281
2015-08-27 11:14:48,86.5188,87.0025,86.5188,86.85,51175
2015-08-27 12:02:57,86.8399,86.9399,86.68,86.8961,54356
2015-08-27 12:48:00,86.8971,87.23100000000001,86.8971,87.09,72317
2015-08-27 13:35:20,87.1401,87.45,87.1401,87.3,62346
2015-08-27 14:21:50,87.2701,87.3999,86.99,87.1092,46931
2015-08-27 14:35:27,87.052,87.052,86.67,86.68,60057
2015-08-27 14:46:09,86.68,86.9,86.68,86.77,53217
2015-08-27 15:02:40,86.755,86.78,85.99,86.24,44335
2015-08-27 15:05:01,86.22,86.22,85.78,85.78,49318
2015-08-27 15:10:09,85.76,86.12,85.74,86.08,41233
2015-08-27 15:17:11,86.09,86.13,85.9308,85.98,55862
2015-08-27 15:27:45,85.98,86.35,85.96,86.35,59041
2015-08-27 15:35:21,86.35,86.81,86.33,86.69,52381
2015-08-27 15:46:49,86.69,87.0705,86.53,87.05,49478
2015-08-28 09:36:22,87.02,87.41,87.0,87.18,48651
2015-08-28 10:40:30,87.14,87.59,86.99,87.3388,45293
2015-08-28 11:43:01,87.28,87.639,87.2008,87.37,56929
2015-08-28 12:22:41,87.37,87.3825,87.15,87.3401,65782
2015-08-28 13:29:07,87.3,87.4599,87.15,87.15,64039
2015-08-28 13:59:07,87.12,87.215,86.8799,87.1578,62273
2015-08-28 15:05:44,87.1462,87.335,87.0501,87.2488,77439
2015-08-28 15:43:52,87.309,87.323,86.887,86.96,66564
2015-08-31 09:41:24,87.07,87.51,86.7,86.7,55777
2015-08-31 10:22:19,86.7,86.78,86.41,86.6699,39894
2015-08-31 11:41:17,86.6168,87.29,86.6101,87.29,62410
2015-08-31 12:47:53,87.3,87.3877,87.11,87.2499,70020
2015-08-31 14:20:56,87.2276,87.2799,86.88,86.93,49352
2015-08-31 15:31:18,86.9899,87.12299999999999,86.8082,87.04,42630
2015-08-31 15:59:42,87.05,87.31,87.04,87.11,67062
2015-09-01 09:35:11,87.1,87.1,84.75,85.1345,62739
2015-09-01 09:45:49,85.17,85.56,85.1312,85.53,65248
2015-09-01 09:54:10,85.58,85.6,85.25,85.27,61448
2015-09-01 10:01:14,85.32,85.338,85.02,85.031,73420
2015-09-01 10:05:17,85.031,85.052,84.8,84.88,47291
2015-09-01 10:14:15,84.86,84.97,84.81,84.929,50798
2015-09-01 10:57:34,84.9236,85.4101,84.8775,84.8955,54812
2015-09-01 11:59:36,84.9075,85.35,84.9,85.08,28812
2015-09-01 12:43:33,85.07,85.1732,84.6201,84.67,31706
2015-09-01 13:15:27,84.7416,84.94,84.55,84.598,54141
2015-09-01 13:45:48,84.64,84.9038,84.5701,84.9038,48326
2015-09-01 14:35:09,84.87899999999999,84.9255,84.55,84.79,45021
2015-09-01 15:14:54,84.79,85.0,84.5,84.7325,75247
2015-09-01 15:37:28,84.7,84.70200000000001,84.3301,84.3301,41883
2015-09-01 15:50:23,84.333,84.34,83.92,84.34,82897
2015-09-01 15:59:54,84.3313,84.68,84.198,84.52,54174
2015-09-02 10:10:53,84.38,85.7,84.33,85.13,70819
2015-09-02 11:25:43,85.115,85.17,84.55,85.03,65532
2015-09-02 12:05:18,85.03,85.03,84.5,84.59,132118
2015-09-02 12:54:31,84.59,85.1,84.53,85.005,104780
2015-09-02 13:53:30,85.03,85.2668,85.03,85.1219,63882
2015-09-02 14:37:24,85.1299,85.3499,85.1299,85.27,60321
2015-09-02 15:05:17,85.27,85.27,84.94,85.26,72408
2015-09-02 15:30:40,85.24799999999999,85.24799999999999,84.87,85.1259,69690
2015-09-02 15:59:47,85.18,85.64,85.12299999999999,85.61,82462
2015-09-03 09:58:41,85.61,86.5,84.67,86.4001,67969
2015-09-03 11:20:41,86.4008,87.0,86.3,86.7399,58402
2015-09-03 12:40:57,86.7001,86.74,86.26,86.26,38555
2015-09-03 13:51:52,86.27,86.4049,85.93,86.0228,55968
2015-09-03 14:37:12,86.06,86.12,85.8536,86.12,59339
2015-09-03 15:11:16,86.12,86.28,85.95,86.05,53416
2015-09-03 15:39:32,86.05,86.14,85.73200000000001,85.77,48916
2015-09-03 15:59:09,85.75,86.23,85.7275,86.06,40604
2015-09-04 09:45:47,86.06,86.06,84.52,84.97,95819
2015-09-04 10:21:28,84.93,84.93,84.49,84.74,56301
2015-09-04 11:29:00,84.7399,84.98,84.6,84.65,45211
2015-09-04 12:28:25,84.67,84.75,84.41,84.41,71432
2015-09-04 13:44:40,84.412,84.5364,84.2266,84.34,55075
2015-09-04 14:54:58,84.37899999999999,84.46,84.14,84.35,52101
2015-09-04 15:51:09,84.31,85.0299,84.3062,84.8956,49625
2015-09-08 09:34:41,84.94,86.03,84.54,85.96,56576
2015-09-08 10:25:18,85.95,86.2,85.74,85.7836,42382
2015-09-08 11:07:58,85.77,85.959,85.66,85.7325,40402
2015-09-08 12:12:01,85.735,85.9599,85.72,85.9323,51558
2015-09-08 13:33:52,85.936,86.1821,85.8699,85.9299,50400
2015-09-08 14:39:19,85.99,86.47,85.99,86.455,47218
2015-09-08 15:20:10,86.4501,86.515,86.41,86.435,37755
2015-09-08 15:59:58,86.43,86.69,86.37,86.67,43192
2015-09-09 10:37:05,86.67,87.54,86.67,86.8499,46713
2015-09-09 11:49:31,86.8455,86.9699,86.62799999999999,86.7001,32408
2015-09-09 13:27:50,86.666,86.9099,86.535,86.535,44156
2015-09-09 14:32:38,86.5449,86.5449,85.98200000000001,86.0214,49986
2015-09-09 15:14:55,86.027,86.2099,85.87,86.16,49036
2015-09-09 15:59:50,86.03399999999999,86.25,85.3399,85.49,48345
2015-09-10 10:02:49,85.43,85.62,85.25,85.32,51843
2015-09-10 10:56:42,85.27,85.9545,85.16,85.8525,54851
2015-09-10 11:34:11,85.855,85.855,85.35799999999999,85.59,45395
2015-09-10 12:44:09,85.5272,85.94,85.5272,85.755,41326
2015-09-10 13:37:37,85.76,86.36,85.7299,86.36,38995
2015-09-10 14:56:10,86.33,86.34,85.93,85.93,45015
2015-09-10 15:43:02,85.94,85.94,85.5236,85.5289,65786
2015-09-11 09:52:32,85.5299,85.8,85.321,85.43,40332
2015-09-11 11:49:10,85.44,85.5628,85.21,85.539,47268
2015-09-11 13:19:04,85.55799999999999,85.89,85.55799999999999,85.66,58042
2015-09-11 15:06:13,85.6718,85.81,85.48200000000001,85.807,38642
2015-09-11 15:59:52,85.807,86.08,85.7464,86.07,42762
2015-09-14 11:02:01,86.07,86.08,85.5237,85.9311,39365
2015-09-14 13:16:01,85.9399,85.9399,85.55,85.6032,67520
2015-09-14 14:15:43,85.63,85.81,85.5913,85.66,66077
2015-09-14 15:35:10,85.66,85.73,85.5868,85.62,48833
2015-09-15 10:14:09,85.62200000000001,86.12,85.569,86.02,34911
2015-09-15 11:16:51,86.01,86.55,85.9925,86.4208,53536
2015-09-15 13:16:06,86.415,86.62,86.3801,86.62,42443
2015-09-15 14:20:41,86.63,86.91,86.6201,86.82,54377
2015-09-15 15:24:59,86.82,87.07,86.772,86.98899999999999,59784
2015-09-15 15:59:01,86.985,87.03,86.86,86.88,83695
2015-09-16 10:48:06,86.89,87.21700000000001,86.84,87.08,67366
2015-09-16 12:21:46,87.0699,87.6,87.04,87.6,70313
2015-09-16 13:42:31,87.6111,87.71,87.46,87.4624,51793
2015-09-16 14:41:20,87.5009,87.59,87.36200000000001,87.36200000000001,54453
2015-09-16 15:44:42,87.52,87.839,87.52,87.76,52005
2015-09-17 10:09:42,87.75,87.82,87.4,87.713,42714
2015-09-17 12:03:18,87.715,87.86,87.6051,87.7498,81064
2015-09-17 13:41:40,87.7399,88.12,87.7251,88.012,34665
2015-09-17 14:05:41,88.0,88.3,87.28,87.59,36646
2015-09-17 14:14:45,87.64,88.08,87.5,87.92,23392
2015-09-17 14:48:01,87.9,88.53399999999999,87.74600000000001,88.52,35501
2015-09-17 15:12:37,88.5799,88.64,87.9453,87.9499,39191
2015-09-17 15:23:38,87.95,87.9799,87.09,87.19,38829
2015-09-17 15:45:38,87.185,87.7,87.185,87.40799999999999,41411
2015-09-18 09:30:04,87.44,87.44,85.99,86.0,48682
2015-09-18 10:20:22,86.0,86.2401,85.79,86.07,36260
2015-09-18 11:46:11,86.07,86.4695,86.05,86.4695,48671
2015-09-18 13:39:23,86.48,86.48,85.7899,85.819,42656
2015-09-18 14:53:16,85.816,85.9899,85.655,85.78,105817
2015-09-18 15:57:37,85.777,85.9404,85.3666,85.48899999999999,31875
2015-09-21 10:32:48,85.5,86.36,85.4707,86.36,56508
2015-09-21 11:26:35,86.36,86.52,86.34,86.45,70366
2015-09-21 12:14:42,86.4501,86.4501,85.9101,86.0025,48884
2015-09-21 13:10:45,86.0025,86.0999,85.7301,85.84,70876
2015-09-21 14:20:44,85.85,86.09,85.84,85.925,87953
2015-09-21 15:38:44,85.92200000000001,86.27799999999999,85.88,85.9532,53641
2015-09-22 09:34:30,85.9499,86.13,84.89,84.89,50253
2015-09-22 11:16:31,84.8403,85.235,84.6398,84.7899,32710
2015-09-22 12:57:16,84.7999,85.0,84.5744,84.61200000000001,71023
2015-09-22 14:09:21,84.67,84.802,84.52,84.7008,52111
2015-09-22 14:59:46,84.6998,84.887,84.6388,84.82,62456
2015-09-22 15:59:53,84.804,85.139,84.71,85.02,35948
2015-09-23 10:41:35,85.02,85.2199,84.88,85.1301,52094
2015-09-23 12:04:33,85.1599,85.3399,84.55799999999999,84.56700000000001,51010
2015-09-23 13:45:29,84.56700000000001,84.948,84.5301,84.948,42173
2015-09-23 15:07:19,84.97,85.05,84.74799999999999,84.86,45541
2015-09-23 15:59:50,84.8099,84.9098,84.708,84.84,46822
2015-09-24 09:54:21,84.81,84.83,83.74,83.8436,66793
2015-09-24 10:26:50,83.8549,84.057,83.71,83.72,62438
2015-09-24 11:31:37,83.72,83.9,83.6,83.844,63185
2015-09-24 12:51:13,83.95,84.27,83.81,84.07,72616
2015-09-24 14:21:02,84.0811,84.305,83.87200000000001,84.305,56203
2015-09-24 14:49:57,84.302,84.695,84.27,84.695,56457
2015-09-24 15:10:12,84.74,84.79,84.35,84.35,51229
2015-09-24 15:22:38,84.35,84.68,84.32,84.6799,57047
2015-09-25 09:33:54,84.676,84.84,84.49799999999999,84.63,57879
2015-09-25 10:37:52,84.63,84.79,84.51,84.6369,44819
2015-09-25 11:22:58,84.6899,84.773,84.5901,84.6792,55931
2015-09-25 12:51:39,84.6792,84.818,84.5601,84.79,139924
2015-09-25 13:48:14,84.79,85.0045,84.77,84.821,90702
2015-09-25 14:51:48,84.852,84.99,84.13,84.13,78713
2015-09-25 15:11:00,84.145,84.34,84.0,84.03,59678
2015-09-25 15:40:48,84.03,84.3599,83.92,84.23,58330
2015-09-25 15:58:30,84.27,84.47,84.26,84.38,113433
2015-09-28 10:13:57,84.38,84.38,83.3,83.36,43473
2015-09-28 10:55:14,83.2846,83.456,83.24,83.346,53331
2015-09-28 11:34:31,83.3301,83.4998,82.96,82.96,80543
2015-09-28 12:29:59,82.96,83.0583,82.75,82.805,99671
2015-09-28 13:31:54,82.8,82.855,82.6561,82.76,112521
2015-09-28 14:08:27,82.76,82.8499,82.5152,82.62,89392
2015-09-28 14:51:58,82.62,82.6699,82.44,82.59,77191
2015-09-28 15:16:42,82.59,82.59,82.2932,82.4299,98774
2015-09-28 15:43:25,82.42200000000001,82.67200000000001,82.32600000000001,82.5972,45855
2015-09-28 15:58:57,82.6099,82.67,82.36,82.41,39322
2015-09-29 09:55:12,82.4101,82.6,82.184,82.43,47362
2015-09-29 10:27:04,82.43,82.88,82.42,82.88,47556
2015-09-29 10:58:06,82.92,82.98,82.5798,82.6999,95338
2015-09-29 11:45:34,82.677,82.86,82.41,82.47,63374
2015-09-29 12:11:48,82.47,82.6701,82.3601,82.3601,87817
2015-09-29 13:00:37,82.36,82.56,82.2901,82.31,103316
2015-09-29 13:36:37,82.33,82.68,82.3201,82.62,122143
2015-09-29 14:13:33,82.62,82.7828,82.48,82.552,163125
2015-09-29 14:29:50,82.5539,82.735,82.4551,82.705,74076
2015-09-29 14:50:37,82.705,82.71,82.42,82.43,67632
2015-09-29 15:13:50,82.43,82.47,82.26,82.42,72618
2015-09-29 15:36:11,82.4101,82.44,82.195,82.44,55776
2015-09-29 15:59:36,82.44,82.77,82.345,82.7,58567
2015-09-30 10:02:47,82.7,83.839,82.61,83.63,81708
2015-09-30 11:41:55,83.6799,83.9464,83.63,83.63,180681
2015-09-30 12:46:40,83.63,83.63,83.26,83.27,60695
2015-09-30 14:06:28,83.26,83.666,83.1701,83.5601,38278
2015-09-30 15:09:29,83.571,83.83,83.5,83.665,57071
2015-09-30 15:43:50,83.735,84.01,83.68,84.01,55389
2015-09-30 15:59:56,84.01,84.11,83.96,84.03,66347
2015-10-01 10:00:32,84.03,84.5,83.9,83.955,64993
2015-10-01 10:06:00,83.8873,83.9228,83.709,83.9,75392
2015-10-01 10:42:02,83.9,84.2099,83.8864,84.0325,55585
2015-10-01 11:54:48,84.035,84.0536,83.47,83.48,153960
2015-10-01 12:47:24,83.46,83.46,83.182,83.31,100453
2015-10-01 14:07:14,83.3207,83.64,83.2201,83.64,46250
2015-10-01 14:57:11,83.64,83.93,83.64,83.915,51247
2015-10-01 15:48:04,83.93,84.0,83.656,83.87200000000001,72428
2015-10-02 09:46:53,83.84,84.05,82.7406,82.955,36953
2015-10-02 10:15:10,82.89,83.01,82.73,83.01,56571
2015-10-02 10:43:11,83.01,83.17,82.88,83.14,40522
2015-10-02 11:36:12,83.14,83.66,83.14,83.64,50219
2015-10-02 12:31:20,83.64,84.01,83.3971,84.0,51167
2015-10-02 12:53:58,84.0,84.21,83.81,84.2,57475
2015-10-02 13:46:06,84.21,84.4792,84.11,84.28,53712
2015-10-02 15:04:50,84.295,84.46,84.23,84.33,65173
2015-10-02 15:45:56,84.3239,85.0072,84.32,84.9601,126648
2015-10-05 09:49:46,84.9737,86.43,84.96,86.43,46848
2015-10-05 11:02:15,86.41,86.57,86.25200000000001,86.46,64044
2015-10-05 12:23:55,86.4669,86.705,86.4499,86.61,52634
2015-10-05 14:11:19,86.63,86.86,86.6,86.84,195111
2015-10-05 15:21:17,86.84,87.0999,86.8301,86.9601,79140
2015-10-05 15:59:31,86.95,87.131,86.95,87.0,62010
2015-10-06 10:23:00,87.0,87.3449,86.87,87.0,171423
2015-10-06 11:58:51,87.0215,87.3499,86.86200000000001,86.87,41481
2015-10-06 13:21:28,86.975,87.102,86.72200000000001,87.1,78176
2015-10-06 14:59:06,87.09,87.16,86.8298,87.01,32738
2015-10-07 09:48:09,86.975,87.87,86.9299,87.83,163124
2015-10-07 10:57:07,87.8249,87.9799,87.4045,87.575,36350
2015-10-07 12:44:45,87.5765,87.57799999999999,86.94,87.32,63204
2015-10-07 14:11:05,87.35,87.7665,87.215,87.605,42957
2015-10-07 15:45:04,87.64,87.64,87.3301,87.64,57368
2015-10-08 10:38:29,87.56,87.75,87.4563,87.6399,54125
2015-10-08 13:10:17,87.66,88.0436,87.5943,87.8225,42866
2015-10-08 14:01:24,87.84,88.27,87.7902,88.26,47008
2015-10-08 14:10:14,88.26,88.28,87.93,88.09,49772
2015-10-08 14:53:36,88.0875,88.4499,88.07,88.35,47251
2015-10-08 15:22:51,88.34,88.77,88.34,88.6936,50013
2015-10-09 09:30:00,88.6699,88.81,88.4701,88.81,73073
2015-10-09 10:13:07,88.75,88.915,88.432,88.508,48857
2015-10-09 10:48:50,88.5,88.65799999999999,88.45,88.62,43861
2015-10-09 12:13:24,88.57,88.75,88.3798,88.3798,40476
2015-10-09 14:05:30,88.36,88.385,88.1697,88.2474,33028
2015-10-09 15:31:16,88.249,88.4434,88.19,88.4434,544893
2015-10-12 10:59:41,88.4599,88.54,88.17200000000001,88.17200000000001,43127
2015-10-12 13:06:58,88.182,88.465,88.182,88.2299,39926
2015-10-12 15:42:34,88.215,88.44,88.215,88.43,40637
2015-10-13 10:28:56,88.44,88.45,87.95,88.3998,273802
2015-10-13 13:03:42,88.39200000000001,88.6,88.1501,88.1501,73455
2015-10-13 15:12:25,88.1999,88.1999,88.0349,88.14,101859
2015-10-14 09:52:58,88.0,88.01,87.6748,87.99,62487
2015-10-14 11:51:11,87.99,88.1,87.425,87.56,61159
2015-10-14 14:10:29,87.57,87.9,87.47,87.48,45030
2015-10-14 15:38:06,87.5223,87.5568,87.27,87.4901,36733
2015-10-15 10:00:03,87.4922,87.8444,87.37,87.7,63452
2015-10-15 12:20:01,87.7,87.99,87.535,87.8236,49323
2015-10-15 14:09:57,87.82600000000001,88.3256,87.82600000000001,88.3196,92621
2015-10-15 15:30:13,88.3145,88.75,88.2904,88.72,54437
2015-10-16 09:54:04,88.7263,89.15,88.63,88.92,42253
2015-10-16 11:45:03,88.92,88.978,88.68799999999999,88.8299,45793
2015-10-16 13:56:44,88.88,89.0,88.675,88.68,50206
2015-10-16 14:41:32,88.675,88.921,88.55,88.921,31733
2015-10-16 15:59:49,88.9299,89.16,88.9299,89.13,53103
2015-10-19 11:12:10,89.16,89.16,88.5814,88.74,39982
2015-10-19 13:32:51,88.74,88.9299,88.64,88.665,35088
2015-10-19 15:23:10,88.62,88.7972,88.58200000000001,88.79,38863
2015-10-20 10:11:42,88.79,88.9936,88.64,88.9936,44620
2015-10-20 11:36:33,88.99799999999999,89.235,88.9056,88.97,412183
2015-10-20 13:11:49,88.96,89.0383,88.859,88.9222,79694
2015-10-20 15:09:25,88.9096,89.05,88.805,89.0176,53960
2015-10-21 09:33:22,89.01,89.28,88.9,89.2399,55533
2015-10-21 10:56:46,89.18,89.18,88.7955,88.96,49026
2015-10-21 13:12:41,88.96,89.16,88.8153,88.87,74893
2015-10-21 14:12:16,88.8899,88.9136,88.5736,88.67,48656
2015-10-21 15:01:03,88.63799999999999,88.9038,88.59,88.8429,58083
2015-10-21 15:40:43,88.8536,88.9199,88.55,88.55,58971
2015-10-22 09:43:22,88.57,89.2,88.3229,89.2,47175
2015-10-22 10:12:46,89.19,89.5,89.19,89.463,63051
2015-10-22 11:43:19,89.479,89.6499,89.39200000000001,89.611,69024
2015-10-22 12:51:07,89.611,90.1,89.61,89.99,32713
2015-10-22 14:39:26,89.9999,90.05,89.55,89.7675,40671
2015-10-22 15:38:00,89.8045,90.1236,89.792,89.9802,49301
2015-10-23 09:42:11,89.9902,90.7,89.8815,90.3399,48479
2015-10-23 10:54:56,90.3339,90.6023,90.3339,90.384,59696
2015-10-23 12:23:49,90.383,90.49,89.9696,90.16,54466
2015-10-23 13:53:59,90.17,90.3897,90.122,90.3818,37125
2015-10-23 15:21:39,90.36,90.58,90.262,90.4368,40462
2015-10-23 15:59:49,90.43,90.52,90.3405,90.48,51413
2015-10-26 10:41:38,90.48,90.48,90.064,90.12,59563
2015-10-26 12:36:12,90.115,90.1226,89.9868,90.0799,54759
2015-10-26 13:46:11,90.06,90.21,90.0572,90.1799,65529
2015-10-26 15:14:21,90.112,90.14,89.9622,90.0636,46295
2015-10-26 15:49:37,90.0401,90.0701,89.99,90.042,76466
2015-10-27 10:47:50,90.056,90.08,89.43,89.6469,46199
2015-10-27 12:29:39,89.65799999999999,89.775,89.4104,89.538,42564
2015-10-27 14:01:42,89.495,89.5516,89.29,89.39,52145
2015-10-27 14:48:17,89.4174,89.48,89.3302,89.3824,102330
2015-10-27 15:58:15,89.3899,89.6075,89.38,89.58,65533
2015-10-28 11:02:29,89.58,90.51,89.5598,90.51,55337
2015-10-28 12:19:55,90.5,90.51,90.3044,90.4699,94319
2015-10-28 14:00:04,90.44,90.6,90.312,90.53,41652
2015-10-28 14:04:29,90.53,90.53,89.94,89.96,25582
2015-10-28 14:14:00,89.95,90.1185,89.8354,89.85,65659
2015-10-28 14:22:27,89.83,89.97,89.69,89.91,52759
2015-10-28 15:02:32,89.91,90.32,89.855,90.31,39947
2015-10-28 15:34:30,90.33,90.66,90.3201,90.5799,54731
2015-10-29 09:38:51,90.5199,90.8479,90.5,90.6404,47637
2015-10-29 10:11:01,90.61,90.81,90.56,90.794,42805
2015-10-29 11:29:01,90.79,90.79,90.3255,90.44,101051
2015-10-29 12:26:24,90.44,90.6501,90.44,90.65,70413
2015-10-29 14:08:48,90.6923,90.72,90.44,90.53,117178
2015-10-29 15:41:18,90.53,90.72,90.4566,90.72,69426
2015-10-30 10:25:06,90.72,90.78,90.348,90.44,51957
2015-10-30 12:18:38,90.44,90.5791,90.3801,90.562,72024
2015-10-30 13:58:40,90.5657,90.9,90.5657,90.822,45037
2015-10-30 15:42:56,90.7726,90.82,90.37,90.4704,43316
2015-11-02 09:38:24,90.5179,90.626,90.2,90.58,92730
2015-11-02 10:34:06,90.58,90.9,90.58,90.84,41888
2015-11-02 11:17:42,90.864,90.9799,90.8,90.83,30731
2015-11-02 12:41:14,90.8192,90.96,90.7863,90.93,74438
2015-11-02 13:44:50,90.93,91.108,90.93,91.09,61133
2015-11-02 14:46:11,91.09,91.29,91.06,91.2856,93686
2015-11-02 15:49:35,91.283,91.61,91.282,91.434,69722
2015-11-03 10:47:14,91.4126,91.6,91.2001,91.56,47631
2015-11-03 11:54:44,91.57,91.7399,91.4756,91.73,47830
2015-11-03 12:38:21,91.7,91.7814,91.61,91.65,61027
2015-11-03 14:07:37,91.65,91.93,91.62,91.93,45091
2015-11-03 14:58:03,91.93,92.0701,91.91,91.97,58462
2015-11-03 15:43:11,91.992,91.9922,91.815,91.8188,56636
2015-11-04 09:48:06,91.8188,91.9996,91.68,91.68,47393
2015-11-04 11:06:25,91.68,91.8499,91.51,91.53,34359
2015-11-04 12:50:03,91.5284,91.6086,91.35,91.42,41429
2015-11-04 14:35:58,91.39,91.46,91.1701,91.46,48974
2015-11-04 15:25:20,91.46,91.4924,91.24,91.3601,48819
2015-11-05 09:36:50,91.361,91.43,91.243,91.34,56953
2015-11-05 10:36:03,91.34,91.64,90.948,91.0472,39160
2015-11-05 11:28:12,91.048,91.14,90.918,91.1328,41935
2015-11-05 12:17:38,91.1424,91.356,91.112,91.3,48670
2015-11-05 12:52:45,91.29,91.43,91.2784,91.39,71581
2015-11-05 13:29:31,91.395,91.5299,91.29,91.325,62089
2015-11-05 14:19:30,91.31,91.4356,91.26,91.2708,51607
2015-11-05 15:44:42,91.25,91.43,91.1124,91.43,51917
2015-11-06 09:54:35,91.43,91.51,90.98,90.98,32281
2015-11-06 10:41:27,90.9201,91.0799,90.63,91.0799,28645
2015-11-06 12:00:59,91.07,91.092,90.7367,90.93,39211
2015-11-06 13:47:44,90.93,91.1002,90.79,91.0,43455
2015-11-06 14:33:51,91.0399,91.33,91.0399,91.15,40280
2015-11-06 15:21:13,91.12,91.19,90.9901,91.19,45952
2015-11-09 09:42:22,91.18,91.4,91.0,91.04,50808
2015-11-09 11:00:26,90.98,90.98,90.474,90.58,85371
2015-11-09 12:35:35,90.57,90.58,90.0998,90.2,57826
2015-11-09 14:25:09,90.2,90.467,90.18,90.3922,50688
2015-11-09 15:37:55,90.396,90.5259,90.2205,90.5259,53229
2015-11-10 10:03:32,90.53,90.7457,90.37,90.62,60317
2015-11-10 11:22:51,90.6,90.6,90.23,90.4999,40594
2015-11-10 13:17:30,90.3624,90.6753,90.3501,90.505,43541
2015-11-10 15:11:01,90.5049,90.8899,90.4413,90.79,44089
2015-11-10 15:54:19,90.7798,90.8,90.661,90.68,50295
2015-11-11 10:37:05,90.68,91.02,90.45,90.45,62123
2015-11-11 13:53:53,90.442,90.82,90.43,90.57,37832
2015-11-11 15:30:04,90.498,90.6226,90.4099,90.5324,49478
2015-11-12 09:31:54,90.526,90.5599,89.75,89.75,61910
2015-11-12 10:15:56,89.74,89.89,89.56,89.67,38590
2015-11-12 11:17:22,89.67,89.95,89.57,89.77,50096
2015-11-12 12:17:30,89.76,89.78,89.36,89.36,69516
2015-11-12 13:26:41,89.3601,89.64,89.3099,89.5844,41329
2015-11-12 14:36:16,89.59,89.67,89.35,89.39,38587
2015-11-12 15:22:09,89.39,89.4399,89.17,89.29,51546
2015-11-13 09:30:00,89.3,89.33,88.75,88.77,53444
2015-11-13 10:15:14,88.75,88.9939,88.416,88.416,36184
2015-11-13 11:37:46,88.402,88.58,88.2816,88.54,32719
2015-11-13 13:07:22,88.54,88.9623,88.4867,88.59,41397
2015-11-13 14:15:44,88.56,88.63,88.42,88.5299,36729
2015-11-13 14:54:16,88.56,88.5601,88.22,88.23,41651
2015-11-13 15:48:22,88.2439,88.42,88.17,88.31299999999999,36142
2015-11-16 09:59:04,88.35,88.88,87.8,88.63,43101
2015-11-16 10:54:33,88.6,88.78,88.47,88.5402,41718
2015-11-16 12:19:11,88.48899999999999,88.8199,88.4401,88.766,74887
2015-11-16 13:44:10,88.74,89.2099,88.74,89.0975,43792
2015-11-16 14:55:36,89.1,89.413,89.1,89.31,50173
2015-11-16 15:43:10,89.3177,89.696,89.31,89.6038,45609
2015-11-17 10:24:03,89.5765,89.87,89.5601,89.72,49694
2015-11-17 11:33:59,89.71799999999999,90.27,89.68,90.26,109357
2015-11-17 12:41:40,90.26,90.26,89.84,89.85,50685
2015-11-17 13:58:45,89.85,90.00200000000001,89.67,89.925,44197
2015-11-17 15:18:33,89.9225,89.9735,89.35,89.38,43680
2015-11-17 15:54:10,89.3702,89.62,89.33,89.61,51694
2015-11-18 10:56:17,89.565,90.1,89.49,89.9463,48216
2015-11-18 12:37:15,89.9217,90.229,89.86399999999999,90.0918,57219
2015-11-18 14:07:40,90.084,90.2299,90.0048,90.21,59493
2015-11-18 14:31:05,90.28,90.55,90.25,90.3538,59542
2015-11-18 15:11:34,90.336,90.5675,90.249,90.55,74843
2015-11-18 15:34:37,90.55,90.73,90.55,90.73,55940
2015-11-19 10:06:48,90.7229,90.951,90.716,90.9189,45962
2015-11-19 11:21:03,90.9,90.9124,90.6044,90.728,53446
2015-11-19 12:49:05,90.72,90.8299,90.554,90.7474,71350
2015-11-19 14:27:25,90.738,90.87,90.66,90.695,50901
2015-11-19 15:58:58,90.75,90.86,90.6601,90.7301,59848
2015-11-20 10:47:22,90.76,91.3199,90.74,91.142,38310
2015-11-20 12:53:37,91.1502,91.155,90.8853,90.9551,52512
2015-11-20 14:25:46,90.9394,91.024,90.8001,90.8223,39761
2015-11-20 15:49:48,90.8,90.87,90.654,90.8225,38187
2015-11-23 10:11:09,90.8226,90.84,90.572,90.7,57329
2015-11-23 11:30:17,90.705,91.03,90.705,90.98,56431
2015-11-23 13:18:51,90.9721,91.0502,90.8695,90.9163,57485
2015-11-23 13:24:51,90.9226,90.9369,90.895,90.9,112964
2015-11-23 14:09:29,90.9,90.9474,90.67,90.67,117396
2015-11-23 15:07:23,90.6532,90.6532,90.47,90.62,54152
2015-11-23 15:44:44,90.62,90.696,90.597,90.615,61973
2015-11-24 10:17:26,90.6201,90.6722,90.2,90.4,46465
2015-11-24 11:56:41,90.3939,90.74,90.094,90.74,44908
2015-11-24 14:08:49,90.72,91.105,90.69,91.1,45284
2015-11-24 15:31:07,91.12,91.2056,90.9,91.0902,50102
2015-11-25 10:43:05,91.0399,91.06,90.7,90.98,49708
2015-11-25 12:09:37,90.97,91.02,90.8551,90.97,37974
2015-11-25 13:44:43,90.97,91.03,90.9,90.938,63227
2015-11-25 14:58:06,90.939,90.9899,90.89,90.9069,55509
2015-11-27 09:38:20,90.916,90.9699,90.77,90.8,55818
2015-11-27 12:12:03,90.81,91.0315,90.68,90.9361,51054
2015-11-30 10:13:50,90.947,91.08,90.79,90.924,77657
2015-11-30 12:10:12,90.846,91.029,90.7743,90.89,58932
2015-11-30 13:55:06,90.89,91.0765,90.89,91.076,61537
2015-11-30 15:33:04,91.0899,91.094,90.701,90.84,56762
2015-12-01 10:00:03,90.8457,91.5048,90.7001,91.38,53631
2015-12-01 11:08:38,91.38,91.39,90.928,91.12,40069
2015-12-01 12:50:57,91.12,91.24,91.0364,91.24,68340
2015-12-01 14:34:37,91.24,91.2885,91.0821,91.265,46722
2015-12-01 15:45:13,91.259,91.5299,91.238,91.5265,57572
2015-12-02 10:03:31,91.51,91.6437,91.44,91.5416,68868
2015-12-02 11:11:47,91.5499,91.56,91.212,91.2317,52757
2015-12-02 13:07:02,91.21,91.21,90.97,90.9756,72981
2015-12-02 14:28:00,91.0,91.09,90.61,90.61,64758
2015-12-02 15:13:52,90.6099,90.65,90.32,90.42,50453
2015-12-02 15:54:50,90.42,90.6301,90.3025,90.366,51422
2015-12-03 09:42:56,90.3885,90.68,90.31,90.33,44244
2015-12-03 10:04:46,90.33,90.47,89.99,90.01,57259
2015-12-03 11:15:30,90.0192,90.27,89.86,90.27,35145
2015-12-03 11:21:24,90.25,90.2699,90.207,90.2599,30131
2015-12-03 11:21:30,90.2523,90.27,90.24,90.2623,29095
2015-12-03 11:21:36,90.2602,90.27,90.25,90.269,26306
2015-12-03 11:21:42,90.2699,90.28,90.25,90.26,26479
2015-12-03 11:25:12,90.2799,90.28,90.1701,90.1762,29107
2015-12-03 12:23:28,90.2123,90.24,89.82,89.82,100459
2015-12-03 13:37:27,89.8361,89.89,89.67,89.78,50485
2015-12-03 14:36:26,89.7851,89.7861,89.135,89.16,63341
2015-12-03 15:27:14,89.1599,89.2948,88.99,89.0574,45757
2015-12-03 15:59:30,89.06,89.3302,88.9249,89.17,81417
2015-12-04 09:44:59,89.175,89.73,89.175,89.73,89994
2015-12-04 10:24:50,89.75,90.0,89.73,89.9999,63077
2015-12-04 11:52:39,89.9901,90.3825,89.9901,90.072,49810
2015-12-04 13:22:45,90.02,90.8499,89.99,90.778,50379
2015-12-04 14:31:27,90.7779,90.79,90.6101,90.72,59426
2015-12-04 15:30:04,90.738,91.03,90.7338,90.9,70948
2015-12-07 09:36:05,90.843,90.92,90.34,90.34,55408
2015-12-07 10:42:52,90.32,90.49,89.92,89.958,29729
2015-12-07 11:45:16,89.973,89.973,89.686,89.9255,32294
2015-12-07 13:25:44,89.90799999999999,90.1025,89.7451,89.88,51107
2015-12-07 14:43:27,89.88,90.087,89.7754,89.919,59752
2015-12-07 15:41:28,89.9199,89.995,89.7501,89.995,43008
2015-12-08 09:36:27,89.9975,90.22,89.0,89.01,62954
2015-12-08 10:07:59,89.01,89.42,88.97,89.19,37320
2015-12-08 11:13:48,89.19,89.7864,88.88,89.633,44815
2015-12-08 12:47:05,89.65,89.72,89.16,89.2175,48717
2015-12-08 14:01:12,89.1949,89.339,89.05,89.2875,46896
2015-12-08 15:02:40,89.2975,89.53,89.147,89.18,60085
2015-12-08 15:58:25,89.18,89.34,89.05,89.19,44974
2015-12-09 09:58:16,89.19,89.62,88.88,89.5752,60694
2015-12-09 10:30:52,89.568,90.02,89.52,90.02,50480
2015-12-09 11:17:02,90.02,90.179,89.77,89.77,52117
2015-12-09 12:03:21,89.76,89.77,89.02,89.2,40428
2015-12-09 12:39:49,89.2,89.2,88.47,88.47,50599
2015-12-09 13:06:48,88.46,88.639,88.292,88.35,66081
2015-12-09 13:34:47,88.348,88.63,88.25,88.49,58348
2015-12-09 14:53:01,88.5,88.7465,88.4049,88.54700000000001,56056
2015-12-09 15:32:27,88.565,89.01,88.4857,89.01,64020
2015-12-10 09:30:22,88.87899999999999,89.0128,88.72,88.75,46403
2015-12-10 10:10:51,88.75,89.07,88.68,88.82,33631
2015-12-10 10:55:28,88.81,89.5099,88.74,89.335,49400
2015-12-10 11:58:39,89.36,89.3999,89.031,89.1363,52905
2015-12-10 13:17:27,89.12,89.31,88.8999,89.22,44589
2015-12-10 14:40:52,89.2265,89.6542,89.226,89.62,41321
2015-12-10 15:39:21,89.62,89.6885,89.0999,89.1342,52798
2015-12-11 09:34:31,89.17,89.2258,87.76,87.88,56039
2015-12-11 10:14:35,87.88,88.008,87.6,87.97,30525
2015-12-11 11:02:08,87.92,88.1995,87.7795,87.8,43224
2015-12-11 11:48:31,87.8,87.97,87.62,87.8899,62507
2015-12-11 12:37:58,87.85,87.85,87.365,87.49,52713
2015-12-11 13:29:18,87.485,87.6575,87.4001,87.48,43872
2015-12-11 14:20:11,87.47,87.77799999999999,87.42,87.725,62981
2015-12-11 14:53:27,87.693,87.693,87.5351,87.58,49675
2015-12-11 15:31:25,87.5611,87.6,87.1268,87.3102,54377
2015-12-11 15:46:59,87.325,87.3842,87.2,87.3062,62963
2015-12-14 09:37:03,87.305,87.7,87.1899,87.63,68433
2015-12-14 10:00:15,87.62,87.7,87.0701,87.17,55521
2015-12-14 10:12:42,87.14,87.48,86.88,87.02,67156
2015-12-14 10:20:34,87.03,87.7,86.925,87.09,58292
2015-12-14 11:02:40,87.1168,87.131,86.8,86.88,54647
2015-12-14 11:20:02,86.8508,86.9849,86.55,86.64,61356
2015-12-14 11:47:04,86.64,86.7799,86.55,86.74,67381
2015-12-14 12:12:34,86.74,87.23,86.6516,87.169,51894
2015-12-14 12:57:49,87.1699,87.43,87.111,87.4103,104202
2015-12-14 13:37:36,87.40799999999999,87.5999,87.1601,87.2142,70845
2015-12-14 14:34:57,87.2123,87.2399,87.0099,87.05799999999999,67446
2015-12-14 15:12:30,87.06,87.4059,87.038,87.1399,47616
2015-12-14 15:51:58,87.14,87.52,87.0603,87.52,60562
2015-12-15 09:51:58,87.52,88.9599,87.52,88.9599,76497
2015-12-15 10:48:49,88.9798,88.9798,88.6262,88.8689,50527
2015-12-15 11:53:28,88.8689,88.91799999999999,88.6372,88.7161,48782
2015-12-15 12:45:15,88.75,89.26,88.74,89.1299,83170
2015-12-15 14:39:00,89.1299,89.244,88.9099,89.165,71262
2015-12-15 15:38:54,89.16,89.21799999999999,88.83,88.9299,191843
2015-12-16 09:45:17,88.9385,89.61,88.88,89.525,55903
2015-12-16 11:03:27,89.56,89.56,89.1598,89.1598,49313
2015-12-16 12:42:32,89.1469,89.28,89.005,89.2251,76962
2015-12-16 13:57:24,89.236,89.37,89.0682,89.37,59776
2015-12-16 14:06:32,89.38,89.7404,88.8,89.7117,26112
2015-12-16 14:15:55,89.8033,89.8599,89.28,89.41,29276
2015-12-16 14:31:02,89.46,89.5399,89.05,89.09,44247
2015-12-16 14:49:02,89.12,89.55,89.12,89.55,38932
2015-12-16 15:05:38,89.58,90.0246,89.5799,89.86,47333
2015-12-16 15:37:25,89.8399,90.18,89.7701,90.1758,72228
2015-12-17 09:39:32,90.16,90.2799,89.9299,89.9499,41304
2015-12-17 10:16:13,89.9499,89.98899999999999,89.6199,89.755,34904
2015-12-17 10:39:06,89.725,89.77,89.43,89.586,30084
2015-12-17 11:36:36,89.571,89.571,88.984,89.11,37387
2015-12-17 12:51:37,89.11,89.33,88.954,88.98,88468
2015-12-17 14:02:00,88.9969,89.4365,88.9969,89.3868,41399
2015-12-17 14:53:03,89.3868,89.4501,89.0625,89.0939,37264
2015-12-17 15:44:59,89.07700000000001,89.31,88.9858,89.11,39988
2015-12-18 09:34:55,89.0875,89.1199,88.0401,88.25,47690
2015-12-18 09:43:51,88.2404,88.2404,87.97,87.97,27142
2015-12-18 10:23:35,88.03,88.24,87.81,88.04299999999999,36913
2015-12-18 11:02:39,88.1,88.1299,87.6976,87.9295,36876
2015-12-18 12:04:20,87.9625,88.0901,87.74,87.7632,37326
2015-12-18 13:05:37,87.75,87.8543,87.5,87.665,50784
2015-12-18 14:07:33,87.64,87.8099,87.52,87.8099,50114
2015-12-18 14:52:27,87.8,88.02,87.6799,87.73,32469
2015-12-18 15:18:56,87.73,87.77,87.45,87.4726,51978
2015-12-18 15:51:50,87.4999,87.65,87.3799,87.5,40454
2015-12-21 09:45:07,87.47,87.96,87.14,87.69,69539
2015-12-21 10:59:10,87.7,87.97,87.6032,87.7351,45694
2015-12-21 11:59:08,87.765,87.78,87.2046,87.37,40442
2015-12-21 12:54:35,87.38,87.49,87.24,87.4825,50872
2015-12-21 14:11:06,87.4825,87.6799,87.45100000000001,87.5845,89867
2015-12-21 15:10:08,87.5501,87.58,87.38,87.38,71104
2015-12-21 15:49:41,87.38,87.6699,87.3069,87.6585,121174
2015-12-22 09:44:33,87.656,88.3795,87.64,88.04,37369
2015-12-22 10:31:07,88.06,88.2031,87.89,88.196,48643
2015-12-22 11:43:16,88.1727,88.46,88.084,88.4353,47435
2015-12-22 12:44:40,88.4096,88.53,88.29,88.4934,82522
2015-12-22 14:01:17,88.4977,88.79,88.4949,88.7883,957183
2015-12-22 15:09:29,88.7883,88.91,88.6901,88.8899,126234
2015-12-22 15:43:52,88.89,89.031,88.738,88.738,93575
2015-12-23 09:34:16,88.73899999999999,89.565,88.6533,89.5166,1286743
2015-12-23 10:02:04,89.48,89.65,89.45,89.63,72304
2015-12-23 11:12:50,89.62299999999999,89.904,89.53,89.84,43982
2015-12-23 12:37:20,89.8456,90.0999,89.835,90.0999,63252
2015-12-23 13:51:32,90.085,90.0991,89.8749,90.0162,53039
2015-12-23 14:56:28,90.01700000000001,90.27,89.9999,90.19,54435
2015-12-23 15:51:06,90.1797,90.246,90.074,90.1992,55313
2015-12-24 09:47:57,90.196,90.32,89.52,89.5334,73610
2015-12-24 11:11:14,89.5333,89.5895,89.406,89.5799,48726
2015-12-24 12:32:07,89.5569,89.7917,89.52,89.7917,64148
2015-12-24 12:59:57,89.8049,89.80799999999999,89.49,89.49,52112
2015-12-28 10:11:36,89.48,89.51,88.706,88.75,105301
2015-12-28 11:32:51,88.75,88.8247,88.6435,88.75,56519
2015-12-28 13:01:06,88.7101,88.9299,88.7101,88.8425,68908
2015-12-28 13:50:40,88.845,89.1051,88.8325,88.97,53858
2015-12-28 15:08:12,88.96799999999999,89.0301,88.863,88.969,47360
2015-12-29 09:31:01,89.0115,89.78,88.9243,89.78,60375
2015-12-29 10:42:31,89.77,89.95,89.7188,89.78299999999999,51901
2015-12-29 12:25:49,89.7978,89.84,89.6174,89.7999,52287
2015-12-29 13:34:04,89.7805,89.8887,89.71600000000001,89.8065,56334
2015-12-29 14:49:44,89.8,89.97,89.8,89.885,45824
2015-12-29 15:46:05,89.8899,90.0369,89.84,89.945,48848
2015-12-30 10:30:00,89.934,89.977,89.545,89.55,43856
2015-12-30 11:28:51,89.5425,89.7099,89.51,89.615,41594
2015-12-30 12:37:51,89.619,89.71,89.5577,89.5577,45867
2015-12-30 13:55:21,89.5625,89.6175,89.4935,89.61200000000001,34242
2015-12-30 14:59:15,89.6136,89.64,89.4901,89.4932,64363
2015-12-30 15:34:29,89.5151,89.54,89.26,89.26,39426
2015-12-31 09:56:25,89.26,89.3869,88.7,88.8499,47185
2015-12-31 11:10:28,88.85799999999999,88.876,88.588,88.7399,46541
2015-12-31 11:56:39,88.73,89.0,88.6799,88.96700000000001,37250
2015-12-31 13:08:16,89.08,89.2755,88.97,88.97,50185
2015-12-31 14:22:24,88.98,89.1899,88.94,88.94,36921
2015-12-31 15:28:45,88.935,88.935,88.7108,88.79,53630
2016-01-04 09:32:32,88.79,88.92,87.06,87.1832,100114
2016-01-04 10:00:25,87.196,87.26899999999999,86.8,87.01,44161
2016-01-04 10:22:16,87.01,87.2795,86.8,87.215,72176
2016-01-04 11:01:03,87.215,87.225,86.55,86.55,44123
2016-01-04 11:24:31,86.55,86.6014,86.43,86.5865,36311
2016-01-04 12:10:04,86.5699,86.82,86.5501,86.73,58190
2016-01-04 12:48:44,86.7399,86.975,86.6799,86.9315,77476
2016-01-04 13:37:34,86.91,87.18,86.89,87.05,98210
2016-01-04 14:11:05,87.0499,87.12,86.8821,86.92,41599
2016-01-04 14:39:48,86.9165,87.09,86.7826,86.8326,36375
2016-01-04 14:58:06,86.8599,86.929,86.81,86.84899999999999,67818
2016-01-04 15:40:49,86.85,86.9593,86.69,86.9593,79915
2016-01-04 15:59:30,86.9599,87.48,86.9515,87.45,39552
2016-01-05 09:54:45,87.45,87.83,86.9191,87.439,64808
2016-01-05 10:48:59,87.4068,87.4099,87.0618,87.4099,68440
2016-01-05 11:48:57,87.46,87.5349,87.1899,87.3101,82720
2016-01-05 12:28:13,87.35,87.406,87.04,87.1401,81564
2016-01-05 13:40:40,87.1591,87.38,87.109,87.375,70523
2016-01-05 14:31:12,87.385,87.8089,87.35,87.745,90512
2016-01-05 15:25:14,87.7215,87.7215,87.4199,87.47,86953
2016-01-05 16:00:00,87.4899,87.76,87.4899,87.72,92169
2016-01-06 10:09:53,86.47,86.652,86.27,86.55,39718
2016-01-06 10:21:11,86.5874,86.68,86.4985,86.68,77939
2016-01-06 10:31:20,86.69,86.795,86.65,86.67,75524
2016-01-06 11:22:37,86.67,86.91,86.3958,86.91,65777
2016-01-06 12:14:14,86.9,86.9,86.5164,86.5765,60514
2016-01-06 13:32:46,86.5863,86.7399,86.405,86.4401,48868
2016-01-06 14:09:16,86.455,86.52,86.35,86.42,64071
2016-01-06 14:51:44,86.53,86.5866,85.9976,86.0482,48073
2016-01-06 15:24:04,86.0462,86.18,85.9035,86.175,185822
2016-01-06 15:58:40,86.1899,86.42,86.16,86.3298,37905
2016-01-07 09:50:49,86.32,86.41,84.22,85.37299999999999,56005
2016-01-07 10:36:34,85.49,85.57,85.105,85.5099,46904
2016-01-07 11:29:39,85.53,85.73,85.38,85.495,48670
2016-01-07 12:45:31,85.51,86.41,85.09,85.1401,49384
2016-01-07 13:20:19,85.1651,85.21,84.6801,84.6801,73305
2016-01-07 14:12:43,84.66,84.7599,84.38,84.6258,34503
2016-01-07 14:46:27,84.59,84.73,84.35,84.6799,42989
2016-01-07 15:20:48,84.6799,84.84,84.355,84.3785,61269
2016-01-07 15:35:04,84.37,84.51,84.23,84.505,42376
2016-01-07 15:49:30,84.505,84.7785,84.4498,84.76,46279
2016-01-08 09:35:04,84.773,85.1299,84.44,85.12,78755
2016-01-08 10:01:17,85.12,85.12,84.61,84.69,35553
2016-01-08 10:53:27,84.69,84.7088,84.28,84.4738,47684
2016-01-08 11:36:12,84.4702,84.52,83.906,83.94,64273
2016-01-08 12:31:07,83.9434,84.6199,83.94,84.5339,64822
2016-01-08 13:44:58,84.5112,84.5232,84.125,84.3731,68514
2016-01-08 14:34:06,84.31,84.4,84.045,84.096,73596
2016-01-08 14:54:54,84.0809,84.24,83.98,84.11,46285
2016-01-08 15:30:07,84.11,84.14,83.82,83.82,56641
2016-01-08 15:55:39,83.83,83.85,83.3,83.3369,42867
2016-01-11 09:39:42,83.335,83.92,83.26,83.66,60561
2016-01-11 10:29:02,83.68,83.7,83.305,83.4299,50819
2016-01-11 11:04:40,83.435,83.66799999999999,83.05,83.05,53947
2016-01-11 11:41:08,83.05,83.34,82.9898,83.34,46823
2016-01-11 12:28:45,83.34,83.4577,82.99600000000001,83.0,95914
2016-01-11 13:12:32,82.991,83.1199,82.83,82.84,49402
2016-01-11 13:30:33,82.84,82.88,82.67,82.69,90023
2016-01-11 14:05:15,82.72,82.7699,82.441,82.65,56113
2016-01-11 14:26:15,82.6798,82.95700000000001,82.6798,82.8769,88526
2016-01-11 14:41:07,82.8651,83.03,82.865,83.03,65197
2016-01-11 15:13:52,83.03,83.06,82.66,82.665,58062
2016-01-11 15:31:39,82.6677,83.285,82.58,83.25,84919
2016-01-11 15:42:17,83.255,83.58,83.242,83.51,45487
2016-01-11 15:59:59,83.4601,83.575,83.28,83.28,52253
2016-01-12 10:16:49,83.29,84.25,82.956,83.66,162059
2016-01-12 11:02:29,83.67,83.76,83.3,83.473,39902
2016-01-12 11:56:41,83.51,83.54,82.91,83.2501,55332
2016-01-12 13:02:39,83.2501,83.41,82.82,83.0101,64546
2016-01-12 14:01:49,83.03,83.229,82.86,82.92,44417
2016-01-12 14:41:23,82.92,83.27,82.73,83.1675,49470
2016-01-12 15:14:39,83.17,83.40700000000001,83.09200000000001,83.24,61609
2016-01-12 15:54:13,83.24,83.8963,83.24,83.8175,44436
2016-01-13 10:03:59,83.816,84.4,83.76,83.98,43720
2016-01-13 10:39:59,83.98,84.1322,83.45,83.45,37537
2016-01-13 11:35:19,83.46,83.9,83.44,83.69,48395
2016-01-13 12:51:11,83.697,83.7825,83.02,83.02,39776
2016-01-13 13:43:15,83.02,83.06,82.67,82.67,37331
2016-01-13 14:16:15,82.68,82.7498,82.46,82.48,34509
2016-01-13 14:34:32,82.49,82.529,82.03,82.03,34857
2016-01-13 14:50:35,82.03,82.18,81.75,82.04,36987
2016-01-13 15:12:58,82.06,82.26,82.0124,82.05,37140
2016-01-13 15:25:42,82.0499,82.34,81.96,82.33,51081
2016-01-13 15:41:37,82.33,82.45,82.089,82.3078,36777
2016-01-14 09:30:25,82.302,82.41,81.9,82.33,43419
2016-01-14 09:53:51,82.28,82.38,82.015,82.05,47124
2016-01-14 10:05:43,82.0409,82.0409,81.7103,81.93,35666
2016-01-14 10:23:09,81.95,82.43,81.82,82.43,50715
2016-01-14 10:36:31,82.46,83.2298,82.46,83.1599,29883
2016-01-14 11:00:47,83.12,83.3492,82.9848,83.13,81613
2016-01-14 11:39:54,83.1331,83.14,82.604,82.69,45612
2016-01-14 12:04:36,82.6899,83.09,82.67,83.04,44570
2016-01-14 12:41:16,83.05,83.31,82.7899,83.28,79458
2016-01-14 13:10:00,83.28,83.35,83.07,83.35,64032
2016-01-14 13:52:59,83.35,83.58,83.31,83.37,48087
2016-01-14 14:25:00,83.39,83.568,83.33200000000001,83.5025,60372
2016-01-14 14:48:49,83.5,83.5701,83.4178,83.56,55067
2016-01-14 15:23:14,83.56,83.87,83.48,83.775,55397
2016-01-14 15:50:00,83.775,83.8344,83.32,83.42,53496
2016-01-15 09:30:27,83.44,83.5,80.88,81.08,49855
2016-01-15 09:44:30,81.1,81.6788,81.06,81.59,30785
2016-01-15 09:58:41,81.59,81.8325,81.47,81.4775,39056
2016-01-15 10:21:54,81.5,81.78,81.19,81.78,45249
2016-01-15 10:47:21,81.8,81.87,81.59,81.64,24115
2016-01-15 11:04:29,81.66,81.737,81.28,81.3231,45331
2016-01-15 11:27:48,81.311,81.48,81.18,81.35,53266
2016-01-15 11:49:26,81.35,81.53,81.24,81.35,54791
2016-01-15 12:12:32,81.37,81.37,81.09,81.2099,72156
2016-01-15 12:25:29,81.17,81.17,80.76,80.76,58155
2016-01-15 12:42:12,80.76,80.8771,80.563,80.62,41358
2016-01-15 13:05:46,80.6095,81.0799,80.6095,81.03,61531
2016-01-15 13:24:47,81.03,81.1575,80.84,81.0805,61740
2016-01-15 13:50:43,81.08,81.31,80.9642,81.14699999999999,74997
2016-01-15 14:10:33,81.1201,81.3,81.1201,81.29,72225
2016-01-15 14:11:19,81.28,81.354,81.25,81.354,42446
2016-01-15 14:31:28,81.34,81.37,81.05,81.05,77134
2016-01-15 14:54:51,81.0647,81.5966,81.0213,81.5966,51435
2016-01-15 15:16:35,81.6099,81.8199,81.4642,81.476,55548
2016-01-15 15:24:45,81.4728,81.5906,81.34,81.58,40678
2016-01-15 15:40:04,81.58,81.757,81.51,81.5599,63763
2016-01-15 15:51:37,81.5354,81.7099,81.45,81.65,32170
2016-01-19 09:33:17,81.65,82.5,81.4701,82.39,93077
2016-01-19 09:52:54,82.36,82.365,81.6601,81.76,65364
2016-01-19 10:10:15,81.7394,82.18,81.7394,82.01,52397
2016-01-19 10:24:48,82.04,82.25,81.96,82.2299,131933
2016-01-19 10:36:25,82.2001,82.4205,82.2001,82.262,55311
2016-01-19 10:59:31,82.2799,82.2799,81.8805,81.888,54854
2016-01-19 11:20:39,81.907,82.0199,81.71,81.744,48683
2016-01-19 11:33:37,81.7448,82.1798,81.72,82.1798,50612
2016-01-19 11:40:33,82.12,82.21,82.0501,82.15,24022
2016-01-19 12:05:08,82.145,82.25,81.8745,81.8745,75070
2016-01-19 12:23:55,81.891,81.917,81.6,81.65,50230
2016-01-19 12:48:39,81.65,81.9,81.56,81.56,51833
2016-01-19 13:15:09,81.5601,81.7899,81.5601,81.66,99107
2016-01-19 13:47:17,81.6401,81.83,81.53,81.62,39295
2016-01-19 14:05:13,81.62,81.7099,81.4601,81.49,22533
2016-01-19 14:17:10,81.461,81.461,81.0101,81.03,51956
2016-01-19 14:26:29,81.03,81.1342,80.97,81.1246,50840
2016-01-19 14:44:47,81.134,81.19,80.93,80.93,33659
2016-01-19 15:03:09,80.9077,81.0535,80.8299,81.03399999999999,53563
2016-01-19 15:25:34,81.03399999999999,81.44,81.03399999999999,81.44,49400
2016-01-19 15:37:48,81.4298,81.6601,81.42,81.4977,42669
2016-01-19 15:48:54,81.4905,81.82,81.45,81.82,42617
2016-01-20 09:33:45,81.82,81.85,80.02,80.445,66506
2016-01-20 09:54:00,80.44,80.44,79.8763,79.99,28487
2016-01-20 10:10:14,80.01,80.04,79.679,79.865,30127
2016-01-20 10:21:17,79.78,79.86,79.5958,79.64,53241
2016-01-20 10:34:15,79.65,79.7351,79.3701,79.3703,51535
2016-01-20 10:42:43,79.3901,79.3901,79.18,79.31,30714
2016-01-20 11:00:40,79.32,79.42,79.03,79.15,28332
2016-01-20 11:18:21,79.13,79.4799,79.11,79.45,70185
2016-01-20 11:37:18,79.5,79.5,79.25399999999999,79.41,57849
2016-01-20 12:00:00,79.41,79.41,78.93,79.01,38662
2016-01-20 12:23:02,79.05199999999999,79.11,78.64,78.64,104675
2016-01-20 12:44:18,78.64,78.654,78.41,78.49,67200
2016-01-20 13:04:40,78.49,79.221,78.42,79.221,64808
2016-01-20 13:23:23,79.1798,79.1798,78.68,78.82,52182
2016-01-20 13:44:43,78.82,79.49,78.82,79.49,67926
2016-01-20 14:08:57,79.46,79.71,79.3,79.4125,73800
2016-01-20 14:13:46,79.4135,79.71,79.4135,79.6232,49364
2016-01-20 14:28:20,79.6232,79.73,79.46,79.529,65705
2016-01-20 14:49:23,79.51899999999999,79.63,79.28,79.51,83076
2016-01-20 15:07:24,79.513,80.0399,79.513,79.975,45379
2016-01-20 15:19:17,79.965,80.6,79.9499,80.6,80932
2016-01-20 15:24:29,80.6,80.8199,80.5199,80.76,29515
2016-01-20 15:35:56,80.775,80.97,80.63,80.631,30763
2016-01-20 15:42:53,80.6461,80.785,80.51,80.535,38269
2016-01-20 15:50:39,80.54,80.66,80.14,80.36,25255
2016-01-21 09:36:30,80.27,80.6,80.21,80.5838,47039
2016-01-21 09:58:19,80.5801,80.63,79.87,80.17,31303
2016-01-21 10:16:52,80.1869,80.975,80.0032,80.835,44187
2016-01-21 10:39:33,80.835,81.02,80.565,80.9004,34971
2016-01-21 10:45:07,80.94,81.069,80.83,81.02,30233
2016-01-21 11:02:32,81.01,81.18,80.61,80.85,28315
2016-01-21 11:23:52,80.97,81.2501,80.94,80.96,32353
2016-01-21 12:02:12,80.94800000000001,81.63,80.80199999999999,81.63,32691
2016-01-21 12:16:25,81.595,81.705,81.462,81.535,27691
2016-01-21 12:50:43,81.54,81.5706,81.31,81.43,45628
2016-01-21 13:26:20,81.3844,81.569,81.04,81.1,101431
2016-01-21 13:46:12,81.1,81.17,80.8075,81.07,49834
2016-01-21 14:08:19,81.1019,81.137,80.83,80.95,30467
2016-01-21 14:27:11,80.91,80.9239,80.37,80.41,58751
2016-01-21 14:29:24,80.406,80.61,80.406,80.5899,60002
2016-01-21 14:53:05,80.61,81.02,80.589,80.7827,37412
2016-01-21 15:12:30,80.7765,81.11,80.65,80.8799,63170
2016-01-21 15:31:26,80.9,81.01,80.752,81.01,52448
2016-01-21 15:52:07,81.01,81.1826,80.88,80.94,59151
2016-01-22 09:31:37,80.96,82.29,80.78,82.21,49381
2016-01-22 09:45:24,82.2,82.22,81.94,82.09,31730
2016-01-22 10:27:24,82.08,82.3999,81.95,82.25,30185
2016-01-22 10:59:23,82.275,82.3,81.845,81.855,35584
2016-01-22 11:20:19,81.855,81.925,81.7043,81.8771,42650
2016-01-22 12:01:56,81.875,81.94,81.55,81.695,41770
2016-01-22 12:44:42,81.685,81.98,81.66,81.876,51967
2016-01-22 13:17:27,81.85600000000001,81.9934,81.836,81.95299999999999,41201
2016-01-22 14:03:22,81.95299999999999,82.2229,81.95299999999999,82.1768,54392
2016-01-22 14:32:30,82.16,82.3285,82.05,82.08,65598
2016-01-22 15:07:38,82.14,82.196,81.973,82.04,36162
2016-01-22 15:38:11,82.04,82.11,81.92,82.09,49726
2016-01-25 09:31:06,82.0859,82.289,81.89,81.9,52006
2016-01-25 10:25:47,81.8505,81.99,81.5069,81.6468,46223
2016-01-25 11:03:25,81.6468,81.69,81.27199999999999,81.32,40599
2016-01-25 11:40:29,81.32,81.5172,81.2101,81.4978,91171
2016-01-25 12:25:28,81.4575,81.56,81.3549,81.5141,50074
2016-01-25 13:24:40,81.5101,81.77,81.46,81.6901,68552
2016-01-25 14:15:16,81.6763,81.7,81.2815,81.44,55128
2016-01-25 14:58:25,81.43,81.4468,81.2,81.2342,42039
2016-01-25 15:35:51,81.23100000000001,81.3299,80.77,80.77,58775
2016-01-26 09:34:21,80.76,81.4,80.6458,81.4,39819
2016-01-26 10:02:29,81.41,81.54,81.18,81.41,45998
2016-01-26 10:49:25,81.39399999999999,82.03,81.39399999999999,81.92,38454
2016-01-26 11:33:08,81.93,81.9925,81.8,81.85,44271
2016-01-26 11:37:50,81.85600000000001,81.87,81.806,81.8358,39726
2016-01-26 11:54:26,81.8369,81.941,81.8,81.93,38720
2016-01-26 12:09:37,81.916,81.995,81.85,81.9885,30910
2016-01-26 13:00:28,81.99,82.28,81.99,82.145,57603
2016-01-26 14:04:07,82.16,82.2608,82.038,82.05,42421
2016-01-26 15:02:05,82.04,82.0799,81.89,81.9174,57105
2016-01-26 15:44:13,81.9127,82.16,81.81,82.15,58798
2016-01-27 10:03:54,82.1508,82.33,81.8814,81.935,55356
2016-01-27 11:02:03,82.02,82.33,81.7666,82.06,46337
2016-01-27 12:00:35,82.1,83.0999,82.1,82.97,67190
2016-01-27 12:52:14,82.955,83.2194,82.895,82.9999,49215
2016-01-27 13:41:37,82.995,83.0069,82.795,82.84,39390
2016-01-27 14:04:33,82.84,83.18,82.71,82.94,19183
2016-01-27 14:10:04,82.94,82.99,82.26,82.34,26903
2016-01-27 14:25:15,82.34,82.6905,82.14,82.56,45590
2016-01-27 14:57:53,82.55,82.6165,81.93,81.95,79844
2016-01-27 15:16:14,81.94,81.985,81.335,81.4249,32357
2016-01-27 15:34:56,81.45,81.77,81.2899,81.6274,36927
2016-01-27 15:59:37,81.6301,81.85,81.54,81.85,151327
2016-01-28 10:06:36,81.86,82.63,81.82,82.165,53438
2016-01-28 10:56:05,82.1,82.15,81.38,81.6675,30867
2016-01-28 11:48:15,81.6624,82.1495,81.54,81.54,69534
2016-01-28 12:46:25,81.5356,82.286,81.48,82.2,45523
2016-01-28 13:45:21,82.2,82.215,81.778,82.1199,46049
2016-01-28 14:31:46,82.1401,82.34,81.9,82.3,34285
2016-01-28 15:12:07,82.3089,82.3131,82.0276,82.29,62335
2016-01-28 15:52:06,82.29,82.2985,82.03,82.17,50310
2016-01-29 09:42:00,82.17,82.75,82.08,82.68,60302
2016-01-29 10:13:28,82.75,83.19,82.63,83.12,47966
2016-01-29 10:48:04,83.12,83.19,82.7899,82.929,70574
2016-01-29 11:44:37,82.9301,83.11,82.81,82.844,45691
2016-01-29 12:24:23,82.8334,83.376,82.8334,83.376,48186
2016-01-29 13:30:12,83.3751,83.5111,83.3399,83.485,46145
2016-01-29 14:14:04,83.48,83.60600000000001,83.4111,83.4111,88116
2016-01-29 15:06:31,83.4699,83.7323,83.4699,83.695,55071
2016-01-29 15:33:27,83.695,83.9,83.686,83.8676,45290
2016-01-29 15:50:44,83.8675,84.07,83.85,84.055,28077
2016-02-01 09:31:10,84.0542,84.1699,83.55,83.55,84221
2016-02-01 10:16:42,83.55,83.58,83.1858,83.5342,37945
2016-02-01 11:26:14,83.5901,83.75,83.4067,83.6001,45961
2016-02-01 12:24:33,83.6001,83.8261,83.5475,83.5475,68604
2016-02-01 13:02:51,83.5301,83.6165,83.44,83.5969,101086
2016-02-01 14:19:46,83.5951,83.805,83.4636,83.7697,58752
2016-02-01 14:32:08,83.7697,83.92,83.7639,83.9,211553
2016-02-01 14:41:53,83.9,83.9475,83.86,83.94,40284
2016-02-01 15:18:20,83.94,84.17,83.89,84.17,87095
2016-02-01 15:47:12,84.17,84.41,84.14,84.3022,52100
2016-02-02 09:48:33,84.285,84.2899,82.635,82.635,48553
2016-02-02 10:19:02,82.635,82.7769,82.48,82.545,38285
2016-02-02 10:52:59,82.545,82.59,82.36,82.4964,36744
2016-02-02 11:41:56,82.44,82.835,82.44,82.795,42162
2016-02-02 12:44:18,82.8246,82.8246,82.28,82.5478,49936
2016-02-02 13:44:26,82.5715,82.5715,82.3655,82.415,49704
2016-02-02 14:33:56,82.35,82.39,82.18,82.23,53475
2016-02-02 15:16:32,82.2399,82.495,82.0801,82.25,57316
2016-02-02 15:51:22,82.24,82.455,82.1144,82.3701,49043
2016-02-03 09:59:08,82.3625,82.88,82.27,82.37,48251
2016-02-03 10:22:29,82.38,82.38,81.505,81.62,53417
2016-02-03 10:44:34,81.62,81.62,81.05,81.4769,27721
2016-02-03 11:17:20,81.4501,81.965,81.4501,81.721,43328
2016-02-03 11:45:10,81.884,82.3531,81.8449,82.3531,34388
2016-02-03 12:33:55,82.29,82.3099,81.9,81.91,51010
2016-02-03 13:37:34,81.8999,82.33,81.82600000000001,81.82600000000001,82522
2016-02-03 14:27:04,81.81,82.85,81.807,82.8148,51967
2016-02-03 14:50:31,82.8486,83.2139,82.78,83.1,36754
2016-02-03 15:14:09,83.02,83.4,82.9468,83.285,44669
2016-02-03 15:44:52,83.3,83.31,82.822,83.12,55576
2016-02-03 15:59:15,83.1199,83.21,83.0281,83.13,55792
2016-02-04 09:39:47,83.1252,83.445,83.04,83.2,62204
2016-02-04 09:59:38,83.31,83.52,82.95,83.52,32612
2016-02-04 10:11:24,83.51,83.73,83.1,83.73,32818
2016-02-04 10:22:50,83.7,84.05,83.7,83.99,44660
2016-02-04 10:59:31,84.01,84.186,83.87,84.12,32451
2016-02-04 11:49:36,84.1769,84.18,83.13,83.28,34926
2016-02-04 12:59:43,83.28,83.781,83.2701,83.59,44293
2016-02-04 14:01:34,83.68,83.8699,83.3801,83.42,36748
2016-02-04 14:31:55,83.42,83.5065,83.27,83.3593,279345
2016-02-04 15:14:12,83.359,83.5266,83.25,83.459,51208
2016-02-04 15:33:58,83.54,83.64,83.41,83.41,80432
2016-02-05 09:37:17,83.3975,83.708,83.22,83.26,40787
2016-02-05 10:00:21,83.26,83.5498,83.12,83.48,44344
2016-02-05 10:44:01,83.49,83.63,83.0252,83.44,35712
2016-02-05 11:35:29,83.44,83.44,82.84,82.87,48230
2016-02-05 12:24:10,82.85,83.105,82.81,83.03,31738
2016-02-05 13:33:09,83.08,83.19,82.87,83.05,34147
2016-02-05 14:13:57,83.057,83.0651,82.67,82.6832,51816
2016-02-05 15:02:08,82.67,82.8,82.56,82.56,39276
2016-02-05 15:35:53,82.56,82.79,82.53,82.65700000000001,45671
2016-02-08 09:30:06,82.5867,83.522,81.79,81.861,84607
2016-02-08 09:47:14,81.97,81.97,81.58,81.73,29703
2016-02-08 10:24:45,81.71,81.71,81.16,81.3301,39759
2016-02-08 11:05:43,81.2662,81.58,81.19,81.29,32707
2016-02-08 11:17:11,81.29,81.3,81.0,81.13,54375
2016-02-08 11:46:00,81.13,81.34,81.1,81.1,48315
2016-02-08 12:19:57,81.13,81.46600000000001,81.08,81.406,32276
2016-02-08 12:48:35,81.406,81.545,81.4,81.4299,61784
2016-02-08 13:39:06,81.4579,81.53,81.1342,81.255,107027
2016-02-08 14:12:31,81.236,81.24,80.943,81.0099,32017
2016-02-08 14:31:38,81.0001,81.164,80.9568,81.03,32090
2016-02-08 14:48:54,81.01,81.294,80.91,81.2242,49078
2016-02-08 15:12:59,81.24,81.3399,81.169,81.325,34628
2016-02-08 15:26:06,81.3885,81.6238,81.37,81.57,35427
2016-02-08 15:49:30,81.58,82.17,81.5101,82.1,52624
2016-02-09 09:38:54,82.0701,82.0742,80.96,81.3,493757
2016-02-09 09:59:47,81.37,81.71,81.14,81.52,31533
2016-02-09 10:24:32,81.53,81.88,81.4577,81.55,30848
2016-02-09 10:48:10,81.56,81.61,81.1848,81.2533,48146
2016-02-09 11:22:09,81.2533,81.568,81.04,81.52,66344
2016-02-09 11:54:12,81.52,81.66,81.26,81.26,32978
2016-02-09 12:30:03,81.26,81.41,81.1249,81.248,23916
2016-02-09 13:20:41,81.274,81.3799,80.911,80.94,30506
2016-02-09 14:00:04,80.94,81.31,80.94,81.2286,50549
2016-02-09 14:27:21,81.2501,81.63,81.2501,81.31,34281
2016-02-09 14:45:03,81.31,81.81,81.28,81.8,37302
2016-02-09 15:09:11,81.78,82.21,81.565,82.19,37501
2016-02-09 15:32:32,82.16,82.16,81.63,81.74,51952
2016-02-10 09:32:52,81.708,82.05,81.5,82.02,83560
2016-02-10 09:57:55,82.02,82.0986,81.76,82.0986,26827
2016-02-10 10:30:36,82.0986,82.34,82.0,82.33,38966
2016-02-10 10:52:01,82.36,82.59,82.0898,82.1767,50636
2016-02-10 11:09:25,82.04,82.09,81.79,81.86,35671
2016-02-10 11:38:32,81.86,82.04,81.605,81.605,34756
2016-02-10 12:05:58,81.62,81.965,81.55,81.82,69686
2016-02-10 12:13:14,81.825,81.915,81.74,81.88,47849
2016-02-10 12:53:47,81.84,82.2356,81.76,82.195,57913
2016-02-10 13:44:37,82.2075,82.3399,81.94,82.0675,60727
2016-02-10 14:41:16,82.05,82.1,81.771,81.771,44111
2016-02-10 15:09:41,81.7775,82.054,81.73,81.926,60857
2016-02-10 15:52:21,81.93,81.965,81.27,81.305,50656
2016-02-11 09:42:40,81.3025,81.34,79.85,79.91,33662
2016-02-11 09:49:54,79.91,80.25,79.84,80.06,23690
2016-02-11 10:01:07,80.06,80.54,80.05,80.39,22180
2016-02-11 10:25:33,80.38,80.53,80.07,80.17,27222
2016-02-11 10:54:52,80.11,80.16,79.82,79.84,25096
2016-02-11 11:19:45,79.84,79.97,79.695,79.82,35041
2016-02-11 11:40:23,79.81,79.926,79.48,79.64,26184
2016-02-11 12:07:49,79.63,79.84,79.51,79.8164,29134
2016-02-11 12:30:12,79.8299,79.8299,79.52,79.61,37600
2016-02-11 12:50:04,79.6,79.62,79.48,79.59,27681
2016-02-11 13:02:12,79.62,79.89,79.62,79.89,69081
2016-02-11 13:20:57,79.89,79.8925,79.6901,79.87,25448
2016-02-11 13:47:15,79.8699,79.8699,79.5133,79.5551,27104
2016-02-11 14:04:18,79.5507,79.6,79.495,79.505,46780
2016-02-11 14:20:02,79.505,79.635,79.3801,79.3801,31051
2016-02-11 14:31:44,79.3815,79.49,79.28,79.32,25785
2016-02-11 14:38:32,79.31,79.46,79.23,79.46,37296
2016-02-11 14:43:38,79.46,80.06,79.46,80.02,29019
2016-02-11 14:49:21,80.02,80.19,79.7714,80.09,27748
2016-02-11 14:57:08,80.13,80.39,80.09,80.23,42455
2016-02-11 15:02:24,80.25,80.2958,79.85,79.89,37920
2016-02-11 15:11:05,79.89,79.987,79.68,79.93,45776
2016-02-11 15:26:31,79.93,80.12,79.83,79.9049,40740
2016-02-11 15:40:59,79.945,80.39,79.88,80.3075,28354
2016-02-11 16:00:18,80.3125,80.38,79.93,80.2288,62371
2016-02-12 10:00:02,79.97,80.96,79.97,80.71,43484
2016-02-12 10:38:55,80.71,81.08,80.6044,81.03,47752
2016-02-12 11:27:47,81.0201,81.48,80.9349,81.48,51967
2016-02-12 12:05:58,81.4768,81.594,81.4201,81.51,53196
2016-02-12 13:08:09,81.505,81.6199,81.45,81.4599,37168
2016-02-12 13:56:47,81.4165,81.4982,81.3,81.39,41181
2016-02-12 14:41:37,81.42,81.66,81.3899,81.57,51997
2016-02-12 15:17:24,81.5768,81.84,81.575,81.83,51008
2016-02-12 15:46:18,81.8269,81.8935,81.6899,81.86,66884
2016-02-16 09:35:12,81.86,83.0,81.775,82.72,74638
2016-02-16 10:10:43,82.71,82.82,82.28,82.28,30633
2016-02-16 11:05:23,82.28,82.65,82.25399999999999,82.34,37171
2016-02-16 12:02:22,82.335,82.93,82.2899,82.93,44765
2016-02-16 12:53:34,82.93,83.0,82.8326,82.95,47540
2016-02-16 13:27:42,83.0,83.18,83.0,83.1595,55014
2016-02-16 14:25:27,83.11,83.14,83.03,83.1199,44108
2016-02-16 15:00:49,83.11,83.18,83.0266,83.0334,49032
2016-02-16 15:38:23,83.0368,83.1441,82.9569,83.07700000000001,58799
2016-02-17 09:34:47,83.05,83.895,82.94,83.86,61654
2016-02-17 10:03:12,83.86,84.11,83.8047,83.99,41311
2016-02-17 10:39:24,83.98,84.335,83.978,84.22,60834
2016-02-17 11:12:00,84.22,84.5,84.22,84.4001,84202
2016-02-17 12:10:18,84.4001,84.4699,84.304,84.38,46855
2016-02-17 13:22:18,84.38,84.57,84.3718,84.4749,48532
2016-02-17 14:06:33,84.48,84.4895,84.29,84.4079,46490
2016-02-17 14:48:33,84.39,84.6269,84.39,84.47,33524
2016-02-17 15:30:49,84.465,84.4939,84.32700000000001,84.37,40364
2016-02-18 09:31:05,84.375,84.57,84.28,84.5,146145
2016-02-18 10:04:57,84.46,84.4658,84.18,84.435,35419
2016-02-18 11:00:00,84.415,84.455,84.26,84.28,60725
2016-02-18 11:20:03,84.25,84.3,84.02,84.02,22009
2016-02-18 12:24:10,84.0,84.31,83.945,84.309,63201
2016-02-18 14:00:37,84.39,84.39,84.0225,84.2,58606
2016-02-18 14:50:34,84.2,84.47,84.19,84.381,42003
2016-02-18 15:40:43,84.385,84.445,84.21,84.28,44348
2016-02-19 09:41:04,84.3055,84.3055,83.4832,83.5275,53359
2016-02-19 10:25:24,83.535,83.77,83.41,83.74,25482
2016-02-19 11:07:41,83.7412,83.86,83.55,83.61,28751
2016-02-19 11:39:50,83.64,84.04,83.6099,83.94,32279
2016-02-19 12:26:12,83.9699,84.05,83.8,83.84,40276
2016-02-19 13:56:26,83.84,83.969,83.82,83.9001,24550
2016-02-19 15:06:37,83.9,84.04,83.79899999999999,83.876,37183
2016-02-19 15:58:02,83.8731,84.0462,83.86,83.99,35530
2016-02-22 10:01:42,83.98,85.26,83.98,85.26,51327
2016-02-22 10:46:19,85.27,85.33,85.15,85.1901,50773
2016-02-22 11:37:31,85.1901,85.1999,85.02,85.155,37241
2016-02-22 12:50:37,85.155,85.2159,85.065,85.1099,39724
2016-02-22 14:23:49,85.1001,85.36,85.065,85.2044,40925
2016-02-22 15:21:42,85.2056,85.2235,85.1,85.1766,50032
2016-02-22 15:58:11,85.1766,85.31200000000001,85.1766,85.3,30452
2016-02-23 10:12:36,85.33,85.33,84.65,84.6649,40074
2016-02-23 11:12:36,84.5698,84.7079,84.25,84.25,32084
2016-02-23 12:40:30,84.25,84.52,84.21,84.3601,38666
2016-02-23 13:58:01,84.3699,84.42,84.22,84.2456,69848
2016-02-23 14:57:08,84.25,84.4379,84.25,84.2679,44864
2016-02-23 15:36:10,84.29,84.29,84.052,84.2451,40000
2016-02-24 09:38:08,84.2449,84.4085,83.1301,83.134,149917
2016-02-24 10:26:05,83.13,83.21,82.83,82.9199,111505
2016-02-24 10:31:38,82.91,83.12,82.89,82.89,39727
2016-02-24 10:58:12,82.88,83.295,82.83,83.21,43245
2016-02-24 11:45:54,83.21,83.49,82.98,83.45100000000001,37023
2016-02-24 12:33:05,83.4499,83.765,83.4301,83.5824,33980
2016-02-24 13:16:54,83.59,83.82,83.44,83.6,36646
2016-02-24 13:55:03,83.58,83.7079,83.58,83.68,50720
2016-02-24 14:24:12,83.69,84.12,83.61,84.12,25830
2016-02-24 15:05:50,84.1284,84.2,84.05,84.1422,57632
2016-02-24 15:26:27,84.1568,84.55,84.15100000000001,84.49,35805
2016-02-24 15:38:33,84.49,84.61,84.49,84.6,45988
2016-02-25 09:33:09,84.5924,84.81,84.37,84.73,47846
2016-02-25 10:10:07,84.73,84.91,84.39,84.4,47712
2016-02-25 11:40:19,84.3701,84.69,84.35,84.5701,44665
2016-02-25 12:18:31,84.575,84.73700000000001,84.45,84.665,59004
2016-02-25 12:33:41,84.6551,84.6701,84.6,84.6,52967
2016-02-25 13:34:23,84.6136,84.8566,84.5849,84.8451,47584
2016-02-25 14:36:24,84.8568,85.165,84.8568,85.0599,413571
2016-02-25 15:33:19,85.07,85.22,84.973,85.15,58091
2016-02-26 09:33:24,85.13,86.0,85.1,85.93,55481
2016-02-26 09:57:27,85.9,85.99,85.7,85.8157,28379
2016-02-26 10:33:01,85.79,85.79,85.4679,85.6463,29269
2016-02-26 11:33:00,85.71,85.97,85.6501,85.705,50733
2016-02-26 12:08:59,85.68,85.8069,85.58,85.6768,30008
2016-02-26 13:36:11,85.73,85.97,85.6767,85.7237,40113
2016-02-26 14:41:28,85.73,85.77,85.27,85.2742,32146
2016-02-26 15:25:24,85.2936,85.48,85.265,85.4064,42256
2016-02-26 15:58:58,85.4078,85.4751,85.32,85.3899,42225
2016-02-29 10:03:00,85.39,85.42,85.11,85.1851,32561
2016-02-29 11:12:34,85.18700000000001,85.4701,85.1,85.4701,35658
2016-02-29 12:02:33,85.44,85.7898,85.44,85.63,40266
2016-02-29 13:24:25,85.63,85.6662,85.4969,85.5799,68090
2016-02-29 14:41:40,85.5585,85.57,85.1501,85.15700000000001,35948
2016-02-29 15:19:43,85.15799999999999,85.15799999999999,84.73,84.74,51426
2016-02-29 15:57:40,84.741,84.97,84.7231,84.82,33343
2016-03-01 09:39:22,84.79,85.47,84.57,85.175,26899
2016-03-01 10:06:57,85.1598,85.4575,85.0294,85.32,38551
2016-03-01 10:57:38,85.32,85.7061,85.2,85.555,38356
2016-03-01 11:45:59,85.56,85.96,85.49,85.96,29783
2016-03-01 13:05:00,85.98,86.266,85.9461,86.1964,30262
2016-03-01 13:55:00,86.19,86.39,86.19,86.275,33245
2016-03-01 14:37:58,86.2899,86.31,86.132,86.22,54820
2016-03-01 15:10:58,86.22,86.52,86.2,86.51,46579
2016-03-01 15:58:35,86.51,86.51,86.34,86.44,65882
2016-03-02 09:53:32,86.45,86.574,86.27,86.37,46585
2016-03-02 10:32:10,86.3763,86.6336,86.24,86.24,23856
2016-03-02 11:17:59,86.24,86.8749,86.2299,86.825,35061
2016-03-02 12:18:03,86.8338,86.95,86.535,86.645,63947
2016-03-02 13:28:29,86.6485,86.9079,86.5999,86.9079,35554
2016-03-02 14:01:49,86.919,86.9685,86.78,86.807,375970
2016-03-02 14:29:04,86.8152,86.875,86.7,86.865,67294
2016-03-02 15:06:50,86.865,87.039,86.865,86.93,59430
2016-03-02 15:46:38,86.9261,87.0961,86.87,87.0759,51867
2016-03-03 10:14:53,87.0759,87.24,86.88,86.9225,49813
2016-03-03 11:47:45,86.92,87.404,86.92,87.1765,40433
2016-03-03 13:13:22,87.1801,87.42,87.1115,87.42,51564
2016-03-03 14:23:44,87.42,87.5463,87.3318,87.52799999999999,72475
2016-03-03 15:24:31,87.5226,87.71,87.47,87.625,53282
2016-03-03 15:59:19,87.62,87.82,87.62,87.8,39550
2016-03-04 10:07:01,87.8,87.96,87.52,87.75,55371
2016-03-04 10:39:16,87.72,88.0199,87.6778,88.0,48195
2016-03-04 11:18:06,88.03,88.4999,88.03,88.4999,34844
2016-03-04 12:19:53,88.4726,88.5,88.27,88.3299,68787
2016-03-04 13:20:06,88.32,88.47,88.285,88.3876,34796
2016-03-04 14:22:00,88.385,88.61,88.28,88.28,85607
2016-03-04 15:11:06,88.27,88.285,87.87,88.04,32557
2016-03-04 15:58:40,88.04,88.29,87.9651,88.1625,37471
2016-03-07 10:28:56,88.18,88.365,87.73,88.26,49763
2016-03-07 11:34:14,88.24,88.59,88.24,88.51,26504
2016-03-07 13:05:48,88.55,88.77,88.5461,88.77,35615
2016-03-07 14:14:34,88.785,88.84,88.55,88.6841,44789
2016-03-07 14:48:50,88.675,88.675,88.31,88.4049,31639
2016-03-07 15:27:07,88.4061,88.67,88.3259,88.66,49773
2016-03-08 09:39:02,88.67,88.74,88.1,88.2028,65804
2016-03-08 10:44:22,88.2058,88.2058,87.5,87.5234,35760
2016-03-08 11:52:29,87.475,87.81,87.4031,87.8026,44704
2016-03-08 13:21:25,87.8099,88.03,87.7262,87.8838,35742
2016-03-08 14:46:29,87.8825,88.1049,87.8,87.8762,31711
2016-03-08 14:57:42,87.8799,87.8799,87.75,87.79,235352
2016-03-08 15:34:39,87.79,87.8438,87.49,87.5399,38684
2016-03-09 09:49:46,87.5339,87.98,87.4011,87.8485,61765
2016-03-09 10:51:02,87.8499,88.07,87.6501,87.76,50603
2016-03-09 12:30:12,87.76,88.22,87.62,88.13,33480
2016-03-09 14:04:41,88.13,88.14,87.7201,87.945,36038
2016-03-09 15:11:50,87.979,87.979,87.7199,87.7199,35451
2016-03-10 09:30:03,87.73,88.14,87.665,88.11,56925
2016-03-10 09:56:03,88.07,88.38,87.9,88.38,37702
2016-03-10 10:15:26,88.38,88.52,88.18,88.28,31438
2016-03-10 10:42:06,88.28,88.33,87.74,87.89,42662
2016-03-10 11:52:35,87.9,87.9826,87.1918,87.4565,31772
2016-03-10 12:58:22,87.396,87.55,86.99,87.21,37996
2016-03-10 14:08:01,87.21,87.491,87.04,87.3,29458
2016-03-10 14:57:12,87.3,87.8099,87.2035,87.7,30253
2016-03-10 15:29:33,87.7,88.02,87.6199,88.0079,35056
2016-03-11 09:40:36,87.98,88.913,87.76,88.8252,37322
2016-03-11 11:02:57,88.865,88.99,88.73,88.95,46435
2016-03-11 12:16:11,88.9341,89.23,88.93,89.23,66862
2016-03-11 13:59:30,89.23,89.319,89.01,89.1532,32557
2016-03-11 15:13:45,89.1535,89.31,89.0301,89.31,50725
2016-03-14 09:38:38,89.31,89.4,89.0,89.07,52337
2016-03-14 11:15:29,89.1,89.1368,88.801,88.9799,32304
2016-03-14 12:48:24,89.0267,89.096,88.8401,89.0778,39428
2016-03-14 14:30:17,89.08,89.2226,89.0461,89.2226,48441
2016-03-14 15:45:02,89.22,89.37,89.211,89.2766,58051
2016-03-15 09:59:24,89.2768,89.3099,88.37,88.38,54053
2016-03-15 11:21:05,88.4041,88.596,88.345,88.4201,29038
2016-03-15 12:43:49,88.4401,88.546,88.3699,88.395,42364
2016-03-15 14:11:33,88.4047,88.69,88.36,88.6799,51569
2016-03-15 15:12:40,88.67,88.76,88.5849,88.68299999999999,32404
2016-03-16 09:47:36,88.705,88.86,88.63,88.82,50239
2016-03-16 11:26:57,88.95,89.02,88.8214,88.97,38523
2016-03-16 13:15:29,88.975,88.9959,88.6,88.6,35971
2016-03-16 14:01:09,88.6,89.0,88.57700000000001,89.0,35291
2016-03-16 14:07:15,88.99,89.25,88.99,89.15,34609
2016-03-16 14:27:03,89.16,89.16,88.75,89.1031,39035
2016-03-16 14:38:19,89.1167,89.35,89.07,89.1339,24700
2016-03-16 15:08:04,89.1184,89.52,89.09,89.26,43049
2016-03-16 15:32:04,89.35,89.425,89.19,89.3965,33269
2016-03-17 09:33:55,89.41,89.5,89.3,89.33,47906
2016-03-17 09:41:41,89.34,89.4,89.16,89.16,24419
2016-03-17 09:45:27,89.162,89.1799,89.1,89.1422,19498
2016-03-17 10:38:22,89.15,89.525,89.14,89.52,28695
2016-03-17 11:26:58,89.515,89.92,89.515,89.92,42863
2016-03-17 12:33:22,89.92,90.07,89.79,90.07,37698
2016-03-17 13:41:21,90.07,90.16,89.94,90.1551,38692
2016-03-17 14:32:18,90.1562,90.41,90.15,90.3437,33061
2016-03-17 15:22:00,90.35,90.355,90.19,90.28,43405
2016-03-17 15:59:48,90.29,90.3599,90.15,90.19,50783
2016-03-18 09:52:19,90.19,90.7359,90.14,90.7264,50748
2016-03-18 10:48:40,90.759,90.93,90.64,90.75,41770
2016-03-18 12:09:38,90.7385,90.835,90.5438,90.62,86713
2016-03-18 14:01:23,90.6301,90.7,90.4489,90.5868,36259
2016-03-18 14:56:51,90.576,90.6199,90.53,90.5401,79741
2016-03-18 15:56:02,90.5495,90.7861,90.5299,90.7299,22762
2016-03-21 10:00:32,90.735,90.79,90.5605,90.75,52287
2016-03-21 11:28:29,90.734,90.7737,90.3908,90.6669,40849
2016-03-21 12:36:36,90.6562,90.7563,90.5258,90.5999,52949
2016-03-21 14:12:57,90.605,90.7941,90.511,90.7941,35119
2016-03-21 15:32:21,90.793,90.8699,90.6761,90.7239,46123
2016-03-21 16:00:00,90.7339,90.77,90.6901,90.74,59036
2016-03-22 10:24:55,90.72,90.72,90.13,90.4499,67082
2016-03-22 11:59:27,90.4401,90.6601,90.4401,90.4801,33895
2016-03-22 12:55:25,90.4878,90.81,90.4831,90.8,31436
2016-03-22 14:02:29,90.8,90.8399,90.725,90.8,36568
2016-03-22 14:40:57,90.8,90.8401,90.7,90.8231,52770
2016-03-22 15:15:48,90.81,90.81,90.47,90.51,42847
2016-03-22 15:59:57,90.48,90.5769,90.461,90.52,41402
2016-03-23 10:27:31,90.51,90.56,89.5101,89.645,69421
2016-03-23 11:28:12,89.6563,89.686,89.43,89.5059,32073
2016-03-23 13:09:23,89.43,89.6099,89.324,89.5268,45083
2016-03-23 14:39:57,89.5541,89.6,89.4035,89.4193,47706
2016-03-23 15:34:04,89.4155,89.426,89.17,89.274,40792
2016-03-24 10:00:32,89.265,89.336,88.37,88.61,55452
2016-03-24 11:28:41,88.61,88.79700000000001,88.491,88.6398,36366
2016-03-24 13:26:00,88.64,88.855,88.595,88.855,99321
2016-03-24 14:39:48,88.85,88.96,88.75,88.9353,82002
2016-03-24 15:44:49,88.9399,89.1008,88.895,89.0876,56261
2016-03-28 10:02:22,89.089,89.35,89.04,89.0561,44663
2016-03-28 12:16:22,89.06,89.2199,88.8651,89.03,35861
2016-03-28 13:41:57,89.04,89.355,89.031,89.331,53323
2016-03-28 15:11:43,89.31,89.42,89.14,89.335,61135
2016-03-28 15:59:53,89.32600000000001,89.355,89.13,89.22,61932
2016-03-29 10:51:27,89.225,89.225,88.6299,88.7671,44276
2016-03-29 11:57:02,88.7669,88.8801,88.7001,88.85,31690
2016-03-29 12:23:17,88.85,89.16,88.8043,89.16,69565
2016-03-29 13:23:12,89.16,89.4138,89.1,89.2138,39932
2016-03-29 14:36:18,89.204,89.62,89.1799,89.6069,60983
2016-03-29 15:26:04,89.6061,89.7578,89.575,89.73,55311
2016-03-30 09:42:22,89.7395,90.2888,89.63,90.2523,46366
2016-03-30 10:50:15,90.251,90.4643,90.1801,90.38,58201
2016-03-30 12:08:03,90.38,90.49,90.1099,90.205,40182
2016-03-30 13:50:14,90.2064,90.2784,89.9535,90.12,48004
2016-03-30 14:52:25,90.12,90.2035,90.09,90.1869,35795
2016-03-30 15:41:00,90.1864,90.2901,90.17,90.17,50044
2016-03-31 10:17:29,90.14,90.29,90.07,90.1571,48681
2016-03-31 12:14:32,90.195,90.2665,90.08,90.213,43525
2016-03-31 13:24:52,90.2199,90.2563,90.1133,90.1575,50623
2016-03-31 14:28:37,90.155,90.155,89.8838,89.8881,47952
2016-03-31 15:07:14,89.885,89.92,89.8064,89.87,57575
2016-03-31 15:52:14,89.8699,90.0799,89.83,90.0143,38267
2016-04-01 09:42:53,90.0101,90.05,89.0899,89.0999,159985
2016-04-01 11:00:31,89.1506,89.79799999999999,89.1506,89.775,50720
2016-04-01 12:28:55,89.751,89.865,89.63,89.676,57848
2016-04-01 13:33:00,89.675,89.9559,89.6641,89.9465,33544
2016-04-01 14:20:07,89.95,90.08,89.921,90.0201,51206
2016-04-01 15:04:20,90.0232,90.1376,89.9401,90.125,80158
2016-04-01 15:58:05,90.1399,90.3301,90.08,90.24,51037
2016-04-04 10:18:49,90.24,90.32,90.0557,90.26,65208
2016-04-04 12:11:03,90.24,90.3,89.965,90.15,56655
2016-04-04 14:08:14,90.1546,90.19,89.8601,89.8601,62893
2016-04-04 14:42:05,89.8632,89.9225,89.77,89.9189,74293
2016-04-04 15:32:59,89.91,89.944,89.74,89.83,57490
2016-04-05 09:49:14,89.83,89.89,89.0069,89.03,50591
2016-04-05 10:54:48,89.031,89.4045,89.02,89.09,40377
2016-04-05 11:47:04,89.1064,89.2737,89.0162,89.12,49796
2016-04-05 13:09:11,89.0973,89.2594,88.99,88.9938,64221
2016-04-05 13:54:35,88.9949,89.145,88.9869,89.124,33606
2016-04-05 15:01:32,89.125,89.2808,89.07,89.2299,187711
2016-04-05 15:54:52,89.2265,89.235,88.92,88.9261,57567
2016-04-06 10:24:36,88.92,89.08,88.7218,88.8299,115346
2016-04-06 11:39:48,88.8101,89.4199,88.76,89.3699,69224
2016-04-06 13:14:53,89.4013,89.58,89.39,89.5699,35080
2016-04-06 14:26:41,89.5652,89.5674,89.2637,89.316,39613
2016-04-06 15:16:30,89.3,89.6205,89.1575,89.6,39107
2016-04-07 09:57:57,89.5936,89.7701,89.1,89.2823,36481
2016-04-07 11:22:02,89.2962,89.34,88.8765,88.8765,62734
2016-04-07 13:03:51,88.8899,89.0299,88.7665,88.8943,37361
2016-04-07 14:05:34,88.89,89.006,88.575,88.585,40421
2016-04-07 14:43:45,88.58,88.58,88.36,88.41,36635
2016-04-07 15:08:46,88.425,88.4799,88.3037,88.4799,30127
2016-04-07 15:40:12,88.515,88.685,88.495,88.56,28408
2016-04-08 09:31:30,88.5741,89.33,88.5546,89.31,54032
2016-04-08 10:56:59,89.3036,89.63,89.286,89.5216,38354
2016-04-08 12:40:24,89.49,89.555,89.18,89.2401,43187
2016-04-08 14:27:12,89.25200000000001,89.3441,89.0999,89.287,41596
2016-04-08 15:54:12,89.295,89.295,88.84,88.9569,43898
2016-04-11 10:14:29,89.0163,89.85,89.01,89.85,53394
2016-04-11 11:50:40,89.8479,89.8479,89.25,89.29,43085
2016-04-11 13:49:46,89.27,89.64,89.27,89.4264,36822
2016-04-11 14:50:32,89.4724,89.529,89.38,89.46,39351
2016-04-11 15:54:02,89.47,89.55799999999999,89.04,89.08,49531
2016-04-12 10:35:25,89.1,89.50299999999999,89.01,89.34,54025
2016-04-12 12:14:36,89.3437,89.91,89.2501,89.7635,35727
2016-04-12 13:55:32,89.7635,89.9999,89.76100000000001,89.8689,43450
2016-04-12 15:07:32,89.8669,90.19,89.8664,90.1699,41419
2016-04-12 15:58:38,90.17,90.1799,89.925,90.04,36054
2016-04-13 11:05:07,90.05,90.75,90.01,90.66,72260
2016-04-13 12:33:25,90.6699,90.965,90.6601,90.801,45506
2016-04-13 14:04:20,90.844,91.0598,90.7901,91.0134,179427
2016-04-13 14:57:47,91.0,91.105,90.9427,90.961,38987
2016-04-13 15:59:30,90.97,91.12,90.9337,91.08,33828
2016-04-14 11:00:25,91.08,91.37,90.8801,91.09,49552
2016-04-14 12:44:14,91.0863,91.305,91.0863,91.275,59752
2016-04-14 14:03:30,91.2775,91.33,91.124,91.1399,37003
2016-04-14 14:54:41,91.15,91.305,91.13,91.2,56398
2016-04-14 15:41:27,91.21,91.225,91.122,91.1836,130630
2016-04-15 10:12:16,91.18,91.2494,90.91,90.93,54758
2016-04-15 11:59:49,90.9001,91.1199,90.88,91.0356,43001
2016-04-15 13:45:53,91.04,91.066,90.846,90.87,81820
2016-04-15 14:58:09,90.87,90.96,90.8399,90.937,77006
2016-04-15 15:59:56,90.96,91.02,90.916,90.97,45489
2016-04-18 10:31:32,90.97,91.2799,90.5101,91.2799,88568
2016-04-18 12:42:03,91.3136,91.61,91.18,91.5899,40228
2016-04-18 14:20:08,91.5999,91.5999,91.41,91.495,38387
2016-04-18 15:42:42,91.5,91.63,91.485,91.6046,32729
2016-04-19 09:49:27,91.6165,92.185,91.5634,92.17,44701
2016-04-19 10:49:35,92.17,92.4563,92.17,92.235,43727
2016-04-19 12:24:55,92.234,92.44,91.9999,92.001,40975
2016-04-19 14:08:05,92.01,92.265,91.9811,92.2272,38670
2016-04-19 15:14:04,92.2239,92.3299,92.2158,92.3299,32470
2016-04-20 09:50:56,92.3294,92.52,92.3,92.5,67347
2016-04-20 10:30:23,92.5165,92.53,92.35,92.46,44236
2016-04-20 12:04:04,92.45,92.7065,92.3,92.6235,41446
2016-04-20 13:28:31,92.6433,92.765,92.5765,92.7275,56098
2016-04-20 14:41:08,92.7565,92.91,92.7565,92.8772,35024
2016-04-20 15:31:55,92.875,92.9699,92.74,92.7434,57273
2016-04-21 10:05:55,92.7415,92.7485,92.31,92.319,39957
2016-04-21 11:02:48,92.305,92.54,92.2371,92.475,143025
2016-04-21 12:35:43,92.475,92.475,92.216,92.34,89350
2016-04-21 14:29:46,92.3101,92.354,91.9765,91.979,35993
2016-04-21 15:53:30,91.8965,92.067,91.835,91.968,27687
2016-04-22 09:55:34,91.965,92.556,91.95,92.546,78226
2016-04-22 11:16:30,92.54,92.6399,92.195,92.2412,30842
2016-04-22 12:23:28,92.2171,92.3938,92.205,92.2206,58952
2016-04-22 14:14:06,92.226,92.5166,92.18,92.4501,30931
2016-04-22 15:31:54,92.458,92.5979,92.4105,92.4999,163555
2016-04-25 10:24:53,92.47,92.65,91.834,91.9001,55568
2016-04-25 11:41:38,91.8499,91.98,91.765,91.8835,30649
2016-04-25 13:14:17,91.898,92.15,91.8142,92.15,28125
2016-04-25 14:44:44,92.15,92.15,91.8965,91.99,54853
2016-04-25 15:44:42,91.9838,92.1,91.9,92.0965,39390
2016-04-26 10:41:57,92.0964,92.6766,92.0433,92.3766,62137
2016-04-26 11:49:39,92.3766,92.4862,92.25,92.4862,33842
2016-04-26 14:12:49,92.575,92.6162,92.4033,92.495,43256
2016-04-26 15:32:51,92.5,92.61,92.4501,92.607,44986
2016-04-27 09:49:42,92.6064,92.9399,92.5564,92.903,49327
2016-04-27 10:49:55,92.92,93.0399,92.71,92.7301,48596
2016-04-27 11:49:21,92.727,92.9465,92.63,92.9435,69422
2016-04-27 13:14:56,92.9362,93.017,92.885,92.97,32498
2016-04-27 14:06:04,92.9528,93.0357,92.83,93.01,32681
2016-04-27 14:58:14,93.02,93.3385,93.02,93.176,52368
2016-04-27 15:57:32,93.18,93.428,93.18,93.2699,54519
2016-04-28 10:34:13,93.24,93.24,92.4622,92.8992,51356
2016-04-28 11:54:22,92.9035,93.205,92.8937,93.1435,90237
2016-04-28 13:35:00,93.13,93.275,93.03,93.0962,423735
2016-04-28 14:40:02,93.0962,93.1687,92.9701,92.9701,40450
2016-04-28 15:25:32,93.0,93.0256,92.255,92.255,79743
2016-04-28 15:59:49,92.2586,92.45,92.18,92.41,37814
2016-04-29 10:32:01,92.41,92.43,91.5601,91.93,44967
2016-04-29 11:51:26,91.9361,92.0565,91.2628,91.3865,31763
2016-04-29 13:24:19,91.41,91.6699,91.3,91.62,72666
2016-04-29 14:39:44,91.62,91.665,91.1878,91.3076,45820
2016-04-29 15:32:25,91.3035,91.6,91.27,91.6,34892
2016-05-02 10:15:49,91.64,92.1,91.64,92.1,53503
2016-05-02 11:45:29,92.1,92.229,91.9365,92.1268,153359
2016-05-02 13:31:11,92.1399,92.39,91.981,92.39,67232
2016-05-02 14:37:02,92.387,92.41,92.31,92.35,42015
2016-05-02 15:39:23,92.3416,92.39,92.26,92.385,38770
2016-05-03 09:59:55,92.3729,92.47,91.25,91.31,47773
2016-05-03 11:00:45,91.31,91.31,91.06,91.0768,45599
2016-05-03 12:47:42,91.0899,91.32,90.9932,91.263,27398
2016-05-03 13:41:31,91.245,91.578,91.245,91.5764,40704
2016-05-03 14:15:23,91.57,91.585,91.3435,91.385,48802
2016-05-03 14:32:15,91.3835,91.42,91.29,91.405,227404
2016-05-03 15:18:13,91.4185,91.49,91.29,91.3001,52780
2016-05-04 09:31:01,91.3235,91.45,90.858,90.93,45663
2016-05-04 10:13:01,90.91,91.2476,90.765,91.2271,28998
2016-05-04 11:05:30,91.1701,91.1875,90.7871,90.8771,103611
2016-05-04 13:32:45,90.896,90.916,90.6,90.744,28539
2016-05-04 14:25:04,90.7159,90.743,90.482,90.67,54391
2016-05-04 15:16:33,90.71,90.7525,90.6164,90.7194,61986
2016-05-05 09:43:45,90.7264,91.105,90.67,90.9399,82640
2016-05-05 10:43:51,90.91,91.3067,90.9099,90.9601,356454
2016-05-05 12:29:49,90.9934,91.0644,90.8165,90.8823,318299
2016-05-05 14:22:53,90.865,90.91,90.474,90.625,38679
2016-05-05 15:44:15,90.6365,90.73,90.5,90.64,40889
2016-05-06 10:06:33,90.624,90.73,90.1911,90.71,44253
2016-05-06 11:11:09,90.72,90.79,90.2199,90.39,45943
2016-05-06 13:20:07,90.391,90.7165,90.3667,90.69,51729
2016-05-06 14:56:32,90.6965,90.985,90.5899,90.945,75264
2016-05-09 09:35:36,90.9465,90.9758,90.78,90.91,76728
2016-05-09 11:30:06,90.89,90.995,90.45,90.5498,65033
2016-05-09 13:11:06,90.53,90.8565,90.5101,90.8565,43562
2016-05-09 14:37:27,90.8365,90.857,90.634,90.765,47251
2016-05-10 09:30:00,90.787,91.05,90.7,91.05,170370
2016-05-10 11:19:12,91.18,91.6165,91.0516,91.5199,34066
2016-05-10 12:45:27,91.5099,91.725,91.46,91.6701,44921
2016-05-10 14:20:55,91.659,91.725,91.59,91.6715,48994
2016-05-10 15:21:08,91.7,91.7799,91.663,91.74,53271
2016-05-10 15:58:23,91.745,91.8762,91.745,91.87,30431
2016-05-11 10:30:00,91.86,91.87,91.435,91.7,37110
2016-05-11 12:00:59,91.71,91.855,91.54,91.7,26947
2016-05-11 13:46:02,91.71,91.75,91.52,91.55,57305
2016-05-11 14:59:20,91.5601,91.59,91.26,91.26,49170
2016-05-12 09:37:01,91.2635,91.73,91.18,91.71,81027
2016-05-12 10:56:32,91.705,91.705,91.14,91.191,61319
2016-05-12 12:53:58,91.191,91.2399,90.77,91.03,40073
2016-05-12 14:42:48,91.025,91.3899,90.925,91.2899,41385
2016-05-12 15:51:59,91.288,91.4599,91.2115,91.2115,44045
2016-05-13 09:53:08,91.2165,91.3,90.93,90.995,40481
2016-05-13 11:16:10,91.1399,91.1399,90.75,90.925,83515
2016-05-13 13:21:38,90.9332,91.1848,90.6885,90.69,69167
2016-05-13 14:33:37,90.6905,90.694,90.17,90.2467,38284
2016-05-13 15:41:05,90.24,90.2995,90.07,90.24,40879
2016-05-16 10:16:31,90.25,90.8001,90.21,90.775,103250
2016-05-16 11:46:16,90.785,90.9899,90.6967,90.9899,58711
2016-05-16 13:37:35,90.9729,91.0399,90.8635,90.9699,51445
2016-05-16 15:16:22,90.9877,91.2726,90.9165,91.215,41359
2016-05-17 09:33:42,91.195,91.2205,90.82,90.96,48392
2016-05-17 11:13:19,90.9562,91.134,90.7168,91.034,33327
2016-05-17 12:47:34,91.035,91.1137,90.79,90.79,49533
2016-05-17 14:26:33,90.8001,90.8664,90.2025,90.2025,46762
2016-05-17 14:55:20,90.19,90.3505,90.1715,90.25,38448
2016-05-17 15:33:15,90.24,90.5,90.14,90.2486,60112
2016-05-18 09:38:37,90.2459,90.44,90.068,90.2199,44646
2016-05-18 11:27:19,90.1571,90.8499,90.1571,90.6842,41723
2016-05-18 13:29:46,90.6942,91.0301,90.6337,90.99,94369
2016-05-18 14:06:46,91.0488,91.0488,90.2675,90.273,42868
2016-05-18 14:39:08,90.35,90.56,89.9399,90.22,52748
2016-05-18 15:07:19,90.2,90.5799,90.17,90.47,56563
2016-05-19 09:33:43,90.4706,90.5,90.09,90.17,94551
2016-05-19 10:15:05,90.17,90.294,89.65,89.7099,69090
2016-05-19 11:34:18,89.72,89.9725,89.6,89.68,68251
2016-05-19 13:43:01,89.68,90.1,89.635,90.09,43825
2016-05-19 15:14:14,90.083,90.2678,90.0,90.2026,47608
2016-05-20 09:56:31,90.2074,90.93,90.14,90.75,39439
2016-05-20 11:47:07,90.7535,91.0199,90.7464,90.9799,45471
2016-05-20 13:10:35,90.9364,90.9499,90.7899,90.7899,436539
2016-05-20 13:41:28,90.78,90.8774,90.68,90.73,48325
2016-05-20 14:23:25,90.7268,90.84,90.66,90.84,50382
2016-05-20 15:30:05,90.84,90.89,90.5724,90.59,59839
2016-05-23 09:50:04,90.609,90.8498,90.58,90.6976,49233
2016-05-23 11:18:24,90.68,90.9171,90.59,90.7659,40517
2016-05-23 12:35:14,90.76,90.8201,90.5799,90.6929,44287
2016-05-23 14:45:03,90.7199,90.868,90.669,90.8643,30889
2016-05-24 09:30:00,90.833,91.0,90.56,91.0,50379
2016-05-24 10:37:33,91.0,91.65,91.0,91.65,46013
2016-05-24 12:15:48,91.63,91.66,91.5335,91.6,52682
2016-05-24 14:28:37,91.6037,91.6699,91.4927,91.539,44901
2016-05-24 15:38:30,91.539,91.784,91.5065,91.7078,41573
2016-05-25 09:57:08,91.7078,92.44,91.61,92.4336,48901
2016-05-25 11:20:34,92.456,92.66,92.405,92.4299,33030
2016-05-25 13:56:31,92.4365,92.58,92.34,92.58,42558
2016-05-25 15:09:44,92.58,92.6341,92.415,92.4768,49196
2016-05-26 09:51:47,92.489,92.6548,92.43,92.4418,81765
2016-05-26 11:36:02,92.4599,92.527,92.2301,92.3801,64240
2016-05-26 14:03:08,92.3906,92.43,92.2941,92.3901,34233
2016-05-26 15:51:44,92.3965,92.4599,92.323,92.3261,50394
2016-05-27 10:13:08,92.325,92.51,92.3,92.501,132100
2016-05-27 12:13:46,92.5024,92.598,92.4363,92.596,40088
2016-05-27 14:20:30,92.5824,92.61,92.43,92.46,39983
2016-05-27 15:36:39,92.4663,92.64,92.4637,92.64,41700
2016-05-31 10:16:36,92.647,93.0001,92.62,93.0001,57007
2016-05-31 11:49:07,93.0099,93.0299,92.6465,92.7055,50512
2016-05-31 13:49:19,92.7065,92.7065,92.5199,92.625,40320
2016-05-31 14:45:20,92.62,92.62,92.29,92.34,36121
2016-05-31 15:53:37,92.2965,92.6721,92.2694,92.67,41326
2016-06-01 10:17:18,92.6766,92.73,92.0076,92.2899,55429
2016-06-01 12:21:53,92.26,92.609,92.2037,92.59,28737
2016-06-01 14:10:20,92.5899,92.6899,92.4964,92.573,45735
2016-06-01 15:18:17,92.6425,92.82,92.64,92.82,41467
2016-06-02 10:32:54,92.83,92.8876,92.3801,92.4984,63283
2016-06-02 11:54:14,92.53,92.71,92.4936,92.71,35165
2016-06-02 14:00:36,92.7064,92.875,92.6228,92.8672,42460
2016-06-02 15:06:34,92.8669,92.96,92.8669,92.89,62459
2016-06-03 09:46:52,92.9066,93.06,92.38,92.38,41558
2016-06-03 10:24:26,92.38,92.4355,92.1505,92.2468,39494
2016-06-03 11:55:56,92.1792,92.5368,92.14,92.53,34666
2016-06-03 13:48:59,92.54,92.695,92.4668,92.64,32290
2016-06-03 15:30:46,92.62,92.9469,92.5968,92.875,51206
2016-06-06 10:00:01,92.8799,93.366,92.72,93.3299,71968
2016-06-06 11:50:47,93.3399,93.5082,93.3073,93.49,42259
2016-06-06 13:35:11,93.5033,93.515,93.115,93.291,60250
2016-06-06 14:54:05,93.3058,93.585,93.3,93.545,36132
2016-06-06 15:59:25,93.555,93.5567,93.4001,93.44,92652
2016-06-07 10:21:39,93.41,93.76,93.41,93.734,69004
2016-06-07 11:39:31,93.76,93.925,93.74,93.8599,33036
2016-06-07 13:13:48,93.8437,93.9567,93.8437,93.9201,30065
2016-06-07 14:40:51,93.9201,93.96,93.868,93.894,40234
2016-06-07 15:44:47,93.896,93.93,93.6423,93.6562,39576
2016-06-08 10:30:00,93.63,94.07,93.63,93.88,36662
2016-06-08 12:24:10,93.8641,93.995,93.73,93.9101,58950
2016-06-08 14:30:06,93.92,93.97,93.8216,93.97,98958
2016-06-08 15:53:43,93.97,94.017,93.9085,93.9899,53133
2016-06-09 10:25:34,93.95,93.97,93.3101,93.36,34462
2016-06-09 12:49:12,93.3668,93.5331,93.306,93.5331,110309
2016-06-09 15:11:28,93.533,93.7832,93.51,93.745,41231
2016-06-10 10:08:35,93.73,93.83,92.83,92.87,44901
2016-06-10 11:08:16,92.88,93.1868,92.8715,93.18,36211
2016-06-10 12:44:39,93.1733,93.2101,92.79,92.891,37218
2016-06-10 14:04:40,92.8967,92.9499,92.61,92.65,36680
2016-06-10 15:22:20,92.6529,92.72,92.55,92.65,37626
2016-06-13 09:33:13,92.66,92.93,92.5001,92.71,48808
2016-06-13 10:53:09,92.71,93.08,92.57,92.91,40279
2016-06-13 12:22:33,92.9287,92.9371,92.546,92.6861,29715
2016-06-13 13:44:29,92.628,92.7835,92.5773,92.63,32222
2016-06-13 15:03:54,92.62,92.64,92.44,92.454,35670
2016-06-13 15:59:42,92.46,92.46,92.15,92.2289,39428
2016-06-14 10:19:24,92.18,92.26,91.8497,91.8497,45703
2016-06-14 11:52:32,91.825,91.8364,91.44,91.5665,37178
2016-06-14 13:31:55,91.57,91.88,91.4741,91.568,44261
2016-06-14 15:07:33,91.63,91.658,91.3427,91.5529,36564
2016-06-14 15:45:58,91.5373,91.88,91.5373,91.7471,34312
2016-06-15 09:57:47,91.7262,92.2799,91.71,92.0665,116104
2016-06-15 10:53:02,92.075,92.3365,92.066,92.2,36484
2016-06-15 13:05:00,92.19,92.305,92.085,92.1023,30148
2016-06-15 14:00:00,92.0923,92.5,92.0823,92.34,40568
2016-06-15 14:12:25,92.53,92.61,92.11,92.1373,22080
2016-06-15 14:46:45,92.1275,92.22,91.97,92.22,35141
2016-06-16 09:34:34,92.225,92.2305,91.2,91.2,44120
2016-06-16 11:25:48,91.19,91.19,90.6943,91.1568,36855
2016-06-16 13:00:51,91.2041,91.68,91.05,91.57,34462
2016-06-16 14:21:19,91.68,91.825,91.4063,91.78,42783
2016-06-16 15:28:46,91.765,91.985,91.7076,91.985,30422
2016-06-17 09:41:24,92.0,92.12,91.8101,92.06,186684
2016-06-17 10:24:49,92.03,92.25,92.003,92.1599,44689
2016-06-17 12:26:40,92.1501,92.1501,91.66,91.9279,36552
2016-06-17 14:10:22,91.9304,92.0196,91.75,91.9825,33165
2016-06-17 15:42:07,91.99,92.21,91.9428,92.0362,30341
2016-06-20 09:49:02,92.0342,93.3395,92.0342,93.25,86697
2016-06-20 11:09:22,93.2382,93.3799,93.12,93.2131,46075
2016-06-20 13:35:20,93.1787,93.1787,92.875,92.91,25942
2016-06-20 15:16:06,92.931,93.0138,92.8185,92.85,53852
2016-06-21 09:48:21,92.85,92.8638,92.05,92.08,35344
2016-06-21 11:22:27,92.0724,92.4285,91.9499,92.39,48922
2016-06-21 13:42:02,92.38,92.3855,92.1667,92.23,85922
2016-06-21 15:22:04,92.23,92.6064,92.2133,92.46,41051
2016-06-22 09:40:35,92.451,92.56,92.34,92.55,67908
2016-06-22 10:33:05,92.55,92.73,92.5126,92.73,44749
2016-06-22 11:45:43,92.7246,92.86,92.553,92.5799,90731
2016-06-22 13:28:39,92.57,92.6625,92.2325,92.31,33294
2016-06-22 14:58:04,92.31,92.491,92.3,92.4199,34662
2016-06-23 09:36:35,92.4025,93.21,91.79,93.05,51905
2016-06-23 10:59:25,93.05,93.1541,92.93,93.1,31868
2016-06-23 13:25:20,93.086,93.2975,93.086,93.206,58805
2016-06-23 14:39:51,93.22,93.24,93.1201,93.2171,58028
2016-06-23 15:49:02,93.2227,93.4069,93.2001,93.4062,46171
2016-06-24 09:37:28,93.4,93.7,90.29,90.79,52460
2016-06-24 09:50:57,90.8,91.29,90.7995,90.9863,20975
2016-06-24 10:02:17,91.03,91.55,90.96,91.55,39203
2016-06-24 10:16:24,91.55,91.7199,91.3248,91.4426,26314
2016-06-24 10:37:33,91.42,91.4599,91.15,91.2799,32846
2016-06-24 11:04:20,91.23,91.35,90.88,90.92,30513
2016-06-24 11:42:03,90.88,91.0499,90.7399,90.9199,43595
2016-06-24 12:39:39,90.9125,91.074,90.6406,90.6826,35211
2016-06-24 13:19:13,90.675,90.6799,90.4501,90.5901,41596
2016-06-24 14:09:18,90.6,90.8418,90.56,90.7085,32906
2016-06-24 14:43:02,90.74,90.776,90.21,90.37,30932
2016-06-24 15:15:26,90.34,90.5124,90.0459,90.08,41582
2016-06-24 15:20:14,90.07,90.078,89.84,89.84,49038
2016-06-24 15:43:52,89.866,90.2899,89.866,90.2899,42431
2016-06-27 09:30:00,90.2895,90.5453,89.23,89.33,57987
2016-06-27 09:42:39,89.16,89.16,88.77,88.81,24657
2016-06-27 10:06:29,88.78,88.84,88.52,88.564,27120
2016-06-27 10:40:08,88.5486,88.6,88.16,88.33,26068
2016-06-27 11:23:17,88.33,88.4,87.89,87.94,76331
2016-06-27 12:19:30,87.94,88.48,87.9163,88.4499,29793
2016-06-27 13:30:22,88.4299,88.527,88.19200000000001,88.4662,35802
2016-06-27 14:25:00,88.4699,88.4699,88.0099,88.04700000000001,32617
2016-06-27 14:56:24,88.06,88.33,88.0,88.0599,41929
2016-06-27 15:26:53,88.071,88.2399,87.89,88.03,42735
2016-06-27 15:50:09,88.03,88.4299,88.03,88.3675,31149
2016-06-28 09:41:41,88.3576,89.46,88.25,89.2,76053
2016-06-28 10:37:39,89.16,89.4,89.1158,89.1624,79026
2016-06-28 11:49:12,89.09,89.1671,88.8662,89.09,50239
2016-06-28 13:01:26,89.11,89.27,89.0666,89.17,34293
2016-06-28 13:43:40,89.17,89.2099,88.975,89.0981,33538
2016-06-28 14:42:44,89.1044,89.3659,89.0,89.31700000000001,43772
2016-06-28 15:15:33,89.31700000000001,89.7491,89.307,89.67,47497
2016-06-28 15:46:31,89.6599,89.76,89.4699,89.7299,30947
2016-06-29 09:41:35,89.73,90.75,89.67,90.54,84153
2016-06-29 10:11:06,90.54,90.709,90.51,90.7,61285
2016-06-29 11:29:53,90.71,91.13,90.705,91.13,53138
2016-06-29 13:13:13,91.14,91.3129,91.09,91.093,44359
2016-06-29 14:35:56,91.1082,91.4658,91.1082,91.441,65498
2016-06-29 15:21:29,91.431,91.5701,91.3342,91.54,58096
2016-06-29 15:59:42,91.54,91.55,91.36,91.45,43164
2016-06-30 09:50:40,91.44,91.78,91.44,91.56,34904
2016-06-30 11:22:48,91.56,92.08,91.4601,91.9275,140542
2016-06-30 12:00:12,91.92,92.17,91.92,92.13,48557
2016-06-30 13:15:51,92.13,92.565,92.114,92.5172,33531
2016-06-30 14:53:29,92.5399,92.75,92.4401,92.66,76099
2016-06-30 16:00:01,92.7,92.9,92.5499,92.86,56998
2016-07-01 10:00:33,92.85,93.08,92.76,93.06,36979
2016-07-01 11:06:02,93.07,93.18,93.0067,93.1599,44098
2016-07-01 13:11:01,93.13,93.13,92.815,92.99,42033
2016-07-01 15:07:14,92.95,93.02,92.8201,93.02,60579
2016-07-05 09:32:28,93.027,93.1,92.42,92.4997,49920
2016-07-05 10:44:46,92.468,92.468,91.9762,92.13,40405
2016-07-05 11:52:35,92.09,92.15,91.9,91.92,45448
2016-07-05 13:44:27,91.9362,92.04,91.7377,91.7377,63535
2016-07-05 15:01:13,91.705,91.98,91.6971,91.8165,48182
2016-07-05 15:47:23,91.8429,92.1697,91.838,92.0899,35051
2016-07-06 10:00:00,92.089,92.1199,91.4891,91.64,200470
2016-07-06 10:40:27,91.65,91.81,91.2722,91.49,44363
2016-07-06 12:58:34,91.4389,92.2599,91.4201,92.2599,42701
2016-07-06 14:37:30,92.2671,92.35,92.1573,92.296,37936
2016-07-06 15:42:06,92.305,92.5,92.294,92.5,47282
2016-07-07 10:27:08,92.5199,93.0665,92.42,92.964,70148
2016-07-07 12:24:18,92.964,93.01,92.38,92.4299,35154
2016-07-07 14:19:30,92.42,92.5399,92.0449,92.1157,39625
2016-07-07 15:12:23,92.08,92.24,91.9701,92.24,54127
2016-07-08 09:39:56,92.22,93.2,92.1705,93.1228,56517
2016-07-08 10:30:54,93.12,93.4701,93.12,93.359,55463
2016-07-08 12:20:35,93.36,93.61,93.274,93.568,73222
2016-07-08 13:43:44,93.558,93.7339,93.519,93.7,59586
2016-07-08 14:45:35,93.7,93.9,93.67,93.852,48590
2016-07-08 15:43:00,93.858,93.905,93.7017,93.715,33971
2016-07-11 10:06:12,93.725,94.22,93.5,94.07,66521
2016-07-11 11:36:20,94.09,94.281,93.9,94.2535,40791
2016-07-11 13:23:33,94.2875,94.3841,94.224,94.3,43867
2016-07-11 14:51:02,94.3041,94.37,94.2735,94.2932,53637
2016-07-11 15:53:58,94.3035,94.3865,94.17,94.1935,36173
2016-07-12 10:33:26,94.22,94.9571,94.14,94.7766,86412
2016-07-12 11:51:46,94.78,95.0865,94.7435,95.0689,56816
2016-07-12 13:33:07,95.057,95.17,95.045,95.17,46230
2016-07-12 15:05:40,95.151,95.1849,95.059,95.08,43766
2016-07-12 15:59:39,95.086,95.1099,94.9941,95.0001,36375
2016-07-13 10:27:57,95.0,95.225,94.86,94.9399,55982
2016-07-13 11:36:04,94.96,95.035,94.78,94.78,34543
2016-07-13 13:06:33,94.7814,94.94,94.6832,94.9376,42556
2016-07-13 14:24:57,94.9378,95.0075,94.85,94.9899,47511
2016-07-13 15:11:06,94.986,95.14,94.986,95.0815,38860
2016-07-14 09:35:09,95.086,95.892,95.02,95.86,42563
2016-07-14 10:06:22,95.82,95.95,95.619,95.9376,38158
2016-07-14 10:36:19,95.93,95.965,95.79,95.868,36609
2016-07-14 12:14:01,95.8699,95.8965,95.715,95.7401,43157
2016-07-14 13:51:29,95.75,95.75,95.4829,95.5599,31292
2016-07-14 14:56:39,95.555,95.7032,95.51,95.68,47427
2016-07-14 15:35:55,95.675,95.795,95.64,95.746,36538
2016-07-14 15:41:27,95.74,95.7567,95.7075,95.7189,34311
2016-07-15 09:53:46,95.67,95.99,95.62,95.7066,67173
2016-07-15 10:19:01,95.7057,95.7967,95.6338,95.64,33851
2016-07-15 11:51:49,95.66,95.775,95.3738,95.3738,40936
2016-07-15 13:31:59,95.389,95.45,95.25,95.43,116377
2016-07-15 15:01:13,95.39,95.5362,95.3638,95.5073,151379
2016-07-15 15:50:00,95.52,95.6337,95.4756,95.55,45429
2016-07-18 10:22:18,95.55,95.63,95.38,95.63,90429
2016-07-18 11:55:13,95.64,95.7488,95.616,95.72,34494
2016-07-18 13:52:23,95.7,95.7399,95.605,95.711,41222
2016-07-18 14:56:27,95.7076,95.759,95.67,95.759,44651
2016-07-18 15:50:47,95.7599,95.79,95.718,95.7501,42886
2016-07-19 10:14:58,95.74,95.76,95.41,95.55,58401
2016-07-19 11:53:15,95.54,95.6277,95.41,95.41,37672
2016-07-19 13:59:50,95.42,95.5251,95.36,95.385,81153
2016-07-19 15:18:31,95.3901,95.5139,95.3901,95.4723,59371
2016-07-20 09:34:42,95.48,95.73,95.47,95.55,100993
2016-07-20 11:19:53,95.55,95.8199,95.3916,95.8181,48827
2016-07-20 13:24:13,95.82,95.86,95.71,95.8037,37136
2016-07-20 14:48:36,95.809,95.8466,95.7726,95.81,69349
2016-07-20 15:48:02,95.805,95.8399,95.701,95.7986,47450
2016-07-21 10:46:07,95.81,95.84,95.66,95.825,76872
2016-07-21 11:54:42,95.8359,95.94,95.516,95.5437,143328
2016-07-21 14:09:07,95.5416,95.6099,95.37,95.4227,41497
2016-07-21 15:32:31,95.3762,95.399,95.235,95.35,38945
2016-07-22 10:14:50,95.37,95.5766,95.355,95.4641,58005
2016-07-22 11:55:01,95.4659,95.72,95.4399,95.7149,83679
2016-07-22 14:17:01,95.715,95.839,95.71,95.807,68109
2016-07-22 15:03:03,95.82,95.85,95.77,95.85,74629
2016-07-25 09:33:57,95.834,95.93,95.6901,95.73,52605
2016-07-25 10:50:03,95.69,95.69,95.355,95.367,46152
2016-07-25 12:04:34,95.3632,95.4388,95.2742,95.33,54844
2016-07-25 14:07:00,95.32,95.44,95.265,95.4342,38738
2016-07-25 15:27:42,95.4342,95.466,95.3327,95.371,43150
2016-07-25 15:59:39,95.37,95.51,95.37,95.51,55078
2016-07-26 10:47:25,95.51,95.8099,95.39,95.63,57395
2016-07-26 11:58:28,95.63,95.63,95.2401,95.5275,50768
2016-07-26 13:54:33,95.525,95.6677,95.4338,95.459,60511
2016-07-26 15:31:01,95.453,95.655,95.3648,95.655,46590
2016-07-27 10:30:00,95.6534,95.74,95.58,95.59,76235
2016-07-27 11:35:08,95.58,95.58,95.2699,95.315,86170
2016-07-27 13:41:43,95.3577,95.359,95.1401,95.2301,53489
2016-07-27 14:00:55,95.234,95.315,95.12,95.12,44070
2016-07-27 14:18:02,95.15,95.46,95.01,95.46,27236
2016-07-27 15:15:12,95.47,95.55,95.3365,95.55,53208
2016-07-28 09:35:19,95.54,95.595,95.03,95.06,169955
2016-07-28 11:32:48,95.069,95.2452,94.8548,94.9938,51004
2016-07-28 13:42:13,95.009,95.1565,94.9142,95.135,39196
2016-07-28 15:16:48,95.1049,95.3252,95.099,95.27,48006
2016-07-28 15:59:44,95.2762,95.43,95.273,95.3,36548
2016-07-29 10:03:06,95.31,95.32,94.93,94.94,66013
2016-07-29 11:41:45,94.94,95.4135,94.86,95.369,41432
2016-07-29 13:29:12,95.355,95.4858,95.265,95.361,46234
2016-07-29 14:57:49,95.3601,95.489,95.3365,95.4095,95363
2016-08-01 09:33:34,95.39,95.5115,95.29,95.35,59763
2016-08-01 11:33:45,95.2677,95.35,95.0546,95.216,30858
2016-08-01 13:38:01,95.2196,95.2196,94.761,94.9556,35720
2016-08-01 15:10:33,94.96,95.0238,94.831,94.832,35817
2016-08-02 09:46:47,94.908,94.94,94.69,94.7565,53099
2016-08-02 11:30:56,94.69,94.73,94.1261,94.2699,43770
2016-08-02 13:04:26,94.2373,94.238,93.9699,93.98,36831
2016-08-02 14:25:21,93.99,94.16,93.885,94.16,35718
2016-08-02 15:14:25,94.1699,94.265,94.14,94.14,47510
2016-08-03 09:30:51,94.14,94.351,94.14,94.34,46857
2016-08-03 10:30:39,94.2501,94.5588,94.2001,94.38,50147
2016-08-03 11:56:43,94.38,94.6399,94.38,94.6137,48101
2016-08-03 12:23:48,94.6137,94.681,94.605,94.6232,36251
2016-08-03 12:52:30,94.6465,94.7364,94.6237,94.7,53525
2016-08-03 12:58:20,94.6901,94.7099,94.69,94.7,38109
2016-08-03 14:18:53,94.7088,94.739,94.5726,94.5726,43487
2016-08-03 15:27:52,94.5863,94.669,94.5137,94.669,49352
2016-08-04 10:25:45,94.6686,94.98,94.6373,94.7466,56921
2016-08-04 12:26:56,94.7271,94.96,94.7158,94.875,34506
2016-08-04 13:24:14,94.87,94.875,94.7425,94.7425,66664
2016-08-04 15:00:41,94.74,94.8,94.69,94.725,42259
2016-08-05 09:41:00,94.7137,95.4,94.6801,95.3975,236184
2016-08-05 11:53:12,95.3701,95.635,95.37,95.615,35305
2016-08-05 14:30:46,95.6136,95.6699,95.581,95.61,42928
2016-08-08 09:31:51,95.6265,96.0,95.5815,95.86,53091
2016-08-08 11:00:02,95.86,96.03,95.8001,95.84,41153
2016-08-08 13:06:33,95.85,95.9273,95.791,95.835,31070
2016-08-08 14:43:35,95.8358,95.865,95.711,95.715,60995
2016-08-08 15:52:52,95.73,95.771,95.67,95.77,1373539
2016-08-09 10:26:48,95.77,96.01,95.77,95.99,91632
2016-08-09 11:50:00,95.98,96.0352,95.901,95.9664,35904
2016-08-09 14:06:02,95.9469,95.9863,95.7001,95.71,37155
2016-08-09 15:13:52,95.71,95.725,95.601,95.67,48925
2016-08-10 10:16:28,95.6735,95.8801,95.6501,95.695,50231
2016-08-10 12:04:48,95.69,95.787,95.4356,95.4677,63481
2016-08-10 14:35:47,95.5199,95.5601,95.26,95.28,46277
2016-08-10 15:34:47,95.2765,95.44,95.26,95.4001,125192
2016-08-11 10:10:02,95.4,95.79,95.29,95.63,160861
2016-08-11 10:53:23,95.63,95.96,95.6201,95.93,54752
2016-08-11 12:03:11,95.93,96.05,95.8828,95.99,71654
2016-08-11 13:22:30,95.9899,96.0538,95.97,95.98,240928
2016-08-11 14:19:45,95.98,96.08,95.9632,96.045,48112
2016-08-11 15:29:59,96.04,96.07,95.9563,95.985,48909
2016-08-12 09:37:42,95.97,96.09,95.77,95.77,50843
2016-08-12 11:25:17,95.78,96.028,95.7501,96.0279,44709
2016-08-12 12:56:39,96.014,96.05,95.8475,95.8663,47313
2016-08-12 14:46:11,95.87,95.87,95.74,95.8682,42623
2016-08-15 09:35:41,95.8757,96.25,95.8266,96.25,252963
2016-08-15 10:31:01,96.25,96.36,96.17,96.35,41525
2016-08-15 11:49:55,96.359,96.4,96.3116,96.3116,29633
2016-08-15 13:34:00,96.33,96.3777,96.3,96.345,58195
2016-08-15 15:09:53,96.3337,96.3799,96.3,96.365,49816
2016-08-15 15:59:58,96.3664,96.3678,96.21,96.23,33802
2016-08-16 10:15:49,96.24,96.24,95.67,95.99,51662
2016-08-16 12:05:50,96.0073,96.08,95.8866,95.9764,79179
2016-08-16 14:17:12,95.9899,96.0862,95.9299,95.9299,35357
2016-08-16 15:37:13,95.905,96.04,95.905,95.975,47109
2016-08-17 10:04:06,95.9734,96.0018,95.545,95.5542,51936
2016-08-17 11:18:38,95.5601,95.675,95.5536,95.6501,32425
2016-08-17 12:52:47,95.6737,95.81,95.465,95.8,45787
2016-08-17 14:02:13,95.8,95.9399,95.68,95.7858,37366
2016-08-17 14:45:11,95.78,96.07,95.762,95.9062,46253
2016-08-17 15:32:04,95.91,96.04,95.89,96.0255,48933
2016-08-17 15:58:58,96.0485,96.1414,96.0336,96.07,33135
2016-08-18 10:30:35,96.07,96.22,96.06,96.18,45327
2016-08-18 12:08:59,96.2,96.36,96.17,96.2,40645
2016-08-18 13:17:24,96.2,96.22,96.1,96.2163,64430
2016-08-18 13:50:33,96.2199,96.293,96.2,96.251,61133
2016-08-18 14:34:27,96.26,96.2952,96.21,96.23,46226
2016-08-18 15:05:12,96.22,96.32,96.2138,96.32,60943
2016-08-18 15:34:20,96.315,96.3763,96.31,96.36,42227
2016-08-19 09:50:56,96.35,96.48,95.8561,95.89,56040
2016-08-19 11:24:08,95.87,96.1575,95.87,96.0999,31673
2016-08-19 13:52:46,96.1482,96.19,96.0001,96.145,36262
2016-08-19 15:48:11,96.144,96.2961,96.115,96.2401,62940
2016-08-22 11:41:02,96.235,96.25,95.75,95.925,47611
2016-08-22 13:47:55,95.9261,96.185,95.89,96.05,40065
2016-08-22 15:14:48,96.06,96.1299,95.98,96.1001,59103
2016-08-23 09:39:16,96.0834,96.56,96.05,96.52,64690
2016-08-23 10:38:02,96.51,96.565,96.43,96.465,22457
2016-08-23 12:47:49,96.47,96.55,96.3625,96.4199,36977
2016-08-23 14:24:23,96.419,96.45,96.33,96.3517,44790
2016-08-23 15:31:01,96.3861,96.4,96.3215,96.3334,63133
2016-08-24 09:59:15,96.3219,96.34,96.13,96.1863,74550
2016-08-24 12:12:15,96.19,96.1999,96.0099,96.1701,39127
2016-08-24 14:14:06,96.1782,96.247,96.033,96.073,48001
2016-08-24 15:40:22,96.0799,96.09,95.785,95.785,43002
2016-08-25 10:52:59,95.77,95.9411,95.7,95.8157,70425
2016-08-25 13:28:39,95.8168,96.01,95.8168,95.899,45301
2016-08-25 14:41:04,95.91,95.91,95.6613,95.767,40914
2016-08-26 09:38:45,95.757,96.191,95.6736,96.1801,65182
2016-08-26 10:08:07,96.185,96.3,95.86,96.18,27002
2016-08-26 11:08:40,96.2,96.46,96.16,96.2765,31299
2016-08-26 12:30:11,96.2401,96.32,95.38,95.515,39070
2016-08-26 14:00:01,95.51,95.7,95.3565,95.3735,42126
2016-08-26 15:01:07,95.3965,95.503,95.2,95.3518,37471
2016-08-29 09:31:42,95.3101,95.79,95.2966,95.77,34944
2016-08-29 11:01:57,95.77,96.1699,95.77,96.169,54590
2016-08-29 13:26:50,96.18,96.3373,96.1485,96.3365,41288
2016-08-29 15:19:38,96.3366,96.3557,96.2263,96.2661,43283
2016-08-30 10:20:35,96.269,96.3663,96.099,96.099,51599
2016-08-30 12:07:06,96.0999,96.2599,96.05,96.25,59266
2016-08-30 14:09:44,96.2461,96.26,95.98,95.98,30584
2016-08-30 15:22:25,95.98,96.1,95.9162,96.0662,51327
2016-08-31 09:35:50,96.0669,96.197,95.99,95.99,73365
2016-08-31 10:53:11,96.0061,96.0799,95.78,95.7865,56159
2016-08-31 13:19:14,95.7769,95.7769,95.43,95.5,40505
2016-08-31 15:04:11,95.5164,95.808,95.5136,95.755,35609
2016-08-31 15:59:49,95.751,96.0,95.75,95.94,40230
2016-09-01 10:14:34,95.95,96.0101,95.65,95.799,55454
2016-09-01 11:30:08,95.81,95.82,95.2,95.4085,46831
2016-09-01 12:52:34,95.4085,95.74,95.2535,95.7035,56158
2016-09-01 14:37:01,95.6762,95.705,95.4668,95.6193,44197
2016-09-02 09:30:19,95.5866,96.25,95.4965,96.25,56359
2016-09-02 10:03:39,96.32,96.435,96.22,96.4037,55114
2016-09-02 11:18:54,96.4,96.4,96.1901,96.2462,33810
2016-09-02 13:00:15,96.247,96.2639,96.01,96.16,44195
2016-09-02 13:50:17,96.165,96.2,96.02,96.105,104532
2016-09-02 15:08:21,96.0801,96.2565,96.07,96.2285,61629
2016-09-06 10:00:15,96.22,97.3,96.195,96.26,63807
2016-09-06 11:33:19,96.27,96.31,96.0,96.1801,32383
2016-09-06 13:39:17,96.185,96.414,96.185,96.35,42032
2016-09-06 15:26:27,96.365,96.4065,96.32,96.3437,46378
2016-09-07 10:01:30,96.33,96.52,96.3201,96.4801,65756
2016-09-07 10:38:02,96.4775,96.61,96.47,96.5666,28448
2016-09-07 12:29:07,96.515,96.535,96.24,96.2901,528886
2016-09-07 14:29:55,96.3054,96.5165,96.295,96.4935,66347
2016-09-07 15:36:21,96.4965,96.5699,96.4465,96.49,43259
2016-09-08 10:06:58,96.49,96.55,96.31,96.381,67309
2016-09-08 11:06:42,96.3959,96.69,96.31,96.67,27564
2016-09-08 11:49:08,96.67,96.74,96.56,96.6134,29710
2016-09-08 12:52:09,96.63,96.705,96.564,96.62,50522
2016-09-08 14:12:41,96.63,96.6768,96.535,96.59,47422
2016-09-08 15:27:33,96.6123,96.705,96.5799,96.679,49289
2016-09-09 09:47:30,96.6663,96.71,95.65,95.9556,59846
2016-09-09 10:40:04,95.91,95.96,95.39,95.46,36226
2016-09-09 11:35:07,95.46,95.5927,95.4,95.5699,37210
2016-09-09 12:10:33,95.5561,95.5561,95.28,95.3152,44612
2016-09-09 13:45:35,95.33,95.33,94.92,94.92,30769
2016-09-09 14:38:54,94.8952,94.96,94.6934,94.9572,43261
2016-09-09 15:18:44,94.97,94.98,94.65,94.82,41815
2016-09-09 15:58:06,94.82,94.898,94.46,94.46,34182
2016-09-12 10:08:59,94.42,94.42,93.61,94.3727,57108
2016-09-12 11:25:00,94.3499,94.6694,94.2638,94.6605,44254
2016-09-12 12:14:13,94.66,94.8065,94.49,94.6863,488331
2016-09-12 13:15:35,94.6879,95.26,94.6711,95.23,33953
2016-09-12 13:30:34,95.23,95.23,94.72,94.72,29847
2016-09-12 14:04:42,94.72,95.43,94.68,95.43,35947
2016-09-12 14:54:43,95.43,95.7862,95.3499,95.6,33688
2016-09-12 15:38:02,95.6252,95.7665,95.59,95.6836,39666
2016-09-12 15:38:11,95.6801,95.69,95.68,95.69,63046
2016-09-12 15:38:18,95.6801,95.7,95.68,95.69,47446
2016-09-12 15:38:25,95.6801,95.7,95.68,95.6936,46584
2016-09-12 15:38:32,95.6936,95.71,95.69,95.6901,36131
2016-09-12 15:38:40,95.6901,95.7,95.65,95.67,37949
2016-09-12 15:38:48,95.66,95.6633,95.6401,95.655,35278
2016-09-13 09:49:37,95.6501,95.87,94.62,94.67,73343
2016-09-13 10:28:15,94.67,94.67,94.23,94.3199,36037
2016-09-13 11:09:43,94.3,94.42,94.09,94.09,34658
2016-09-13 12:26:59,94.105,94.179,93.85,93.97,49146
2016-09-13 13:17:06,93.975,94.145,93.72,94.12,52873
2016-09-13 13:53:13,94.12,94.4566,94.0,94.0,51036
2016-09-13 14:50:48,93.95,94.13,93.73,94.13,46624
2016-09-13 15:23:45,94.13,94.13,93.76,94.0456,45746
2016-09-14 09:30:01,94.02,94.22,93.89,93.99,45658
2016-09-14 10:30:59,93.99,94.5038,93.74,94.46,67105
2016-09-14 11:58:01,94.46,94.49,93.91,94.125,37125
2016-09-14 13:33:50,94.15,94.2064,93.9499,94.08,60896
2016-09-14 14:38:02,94.077,94.077,93.5943,93.73,56336
2016-09-14 15:23:29,93.7269,93.8299,93.5,93.5,54880
2016-09-15 09:30:35,93.5,93.67,93.419,93.51,39846
2016-09-15 09:44:27,93.53,93.73,93.45,93.53,36474
2016-09-15 10:24:15,93.54,94.0165,93.44,93.9066,40306
2016-09-15 11:48:12,93.899,94.436,93.812,94.33,38033
2016-09-15 13:30:36,94.3184,94.4,94.1301,94.295,54794
2016-09-15 15:20:54,94.335,94.7401,94.3263,94.4737,46799
2016-09-16 09:32:16,94.5,94.6163,93.99,93.99,100308
2016-09-16 10:43:28,94.01,94.03,93.69,93.961,37421
2016-09-16 12:48:47,93.99,94.0735,93.81,94.0171,43912
2016-09-16 14:35:00,93.97,93.9766,93.6537,93.9299,44400
2016-09-16 20:00:00,93.96,94.1274,93.8801,94.0,56263
2016-09-19 11:28:32,94.38,94.73,94.34,94.6058,79766
2016-09-19 13:55:46,94.6,94.6756,94.02,94.1799,32440
2016-09-19 15:12:35,94.2135,94.4762,94.2135,94.3599,58139
2016-09-20 10:01:48,94.3663,94.69,94.12,94.6095,85127
2016-09-20 12:26:22,94.6005,94.6099,94.2665,94.341,44012
2016-09-20 14:27:40,94.33,94.33,94.0946,94.237,51398
2016-09-20 15:54:59,94.2434,94.3465,94.2035,94.2035,46333
2016-09-21 11:10:03,94.1959,94.67,94.05,94.4857,81935
2016-09-21 13:58:07,94.45,94.5355,94.21,94.4,50930
2016-09-21 14:06:18,94.4,94.69,94.32,94.58,23247
2016-09-21 14:38:29,94.58,94.769,94.33,94.5363,32621
2016-09-21 15:31:33,94.56,95.0,94.555,94.9766,49355
2016-09-22 10:06:35,94.9835,95.8968,94.9835,95.745,54305
2016-09-22 12:26:25,95.747,95.84,95.5229,95.5448,43370
2016-09-22 14:19:38,95.61,95.7467,95.4843,95.4843,43103
2016-09-22 15:57:32,95.4843,95.8052,95.4843,95.73,53724
2016-09-23 12:00:03,95.7,95.71,95.3352,95.347,83983
2016-09-23 14:26:52,95.35,95.3848,95.1101,95.22,33438
2016-09-23 15:44:23,95.26,95.43,95.21,95.2443,56288
2016-09-26 10:06:38,95.259,95.2873,93.93,94.0515,58822
2016-09-26 11:26:15,94.0564,94.235,94.0139,94.0163,36535
2016-09-26 13:16:14,94.0238,94.07,93.9058,93.9058,36418
2016-09-26 14:39:28,93.8936,93.9,93.705,93.72,40307
2016-09-26 15:27:08,93.6969,93.86,93.69,93.829,33243
2016-09-27 09:33:39,93.84,93.878,93.457,93.49,54980
2016-09-27 11:14:11,93.5399,94.026,93.5399,93.75,45828
2016-09-27 13:14:19,93.749,94.2511,93.749,94.22,90133
2016-09-27 14:57:46,94.21,94.28,94.1137,94.15,49506
2016-09-27 15:59:43,94.15,94.208,94.0763,94.17,41597
2016-09-28 11:02:20,94.17,94.48,93.9184,93.9184,62388
2016-09-28 13:01:31,93.9357,94.1665,93.84,94.062,37911
2016-09-28 14:45:40,94.0637,94.86,94.0399,94.8,51412
2016-09-28 15:42:41,94.8,94.915,94.715,94.824,43435
2016-09-29 10:01:09,94.824,95.04,94.73,94.94,60293
2016-09-29 12:01:24,94.9799,95.0543,94.625,94.7765,38632
2016-09-29 13:18:07,94.7764,94.98,93.985,94.15,82569
2016-09-29 14:18:52,94.1435,94.3,93.7899,94.193,49027
2016-09-29 15:45:55,94.193,94.5065,94.1399,94.32,36373
2016-09-30 10:27:43,94.3067,94.83,94.1,94.7137,72232
2016-09-30 12:24:51,94.7299,95.1774,94.711,95.035,36023
2016-09-30 14:38:28,95.0375,95.205,94.9765,95.1856,62306
2016-09-30 15:37:13,95.19,95.31,95.1768,95.2136,51636
2016-10-03 10:07:56,95.208,95.275,94.48,94.609,89771
2016-10-03 12:27:50,94.5732,94.729,94.4234,94.4234,43901
2016-10-03 14:36:58,94.429,94.6735,94.429,94.6055,49577
2016-10-03 15:54:31,94.59,94.75,94.4855,94.684,39640
2016-10-04 11:04:53,94.6701,94.79,94.359,94.4276,51070
2016-10-04 12:18:26,94.4136,94.7291,94.2763,94.4801,50980
2016-10-04 14:25:46,94.49,94.58,93.9899,94.0334,43121
2016-10-04 15:29:03,93.99,94.127,93.881,94.127,59868
2016-10-05 10:19:28,94.1062,94.8013,94.08,94.67,39870
2016-10-05 12:01:02,94.643,94.9188,94.6001,94.8375,53518
2016-10-05 14:25:00,94.8401,94.9599,94.83,94.9428,284624
2016-10-05 15:39:47,94.94,95.0398,94.8348,94.9,44483
2016-10-06 10:30:45,94.8799,94.9244,94.4351,94.46,44221
2016-10-06 11:59:15,94.4799,94.7888,94.3301,94.7458,64483
2016-10-06 14:09:00,94.7458,94.9077,94.71,94.8657,130250
2016-10-06 15:52:02,94.8557,94.9178,94.7943,94.8335,45352
2016-10-07 09:48:54,94.8401,95.09,94.55,94.62,54826
2016-10-07 10:31:25,94.63,94.7,94.52,94.63,57332
2016-10-07 12:31:15,94.6385,94.7066,94.197,94.2888,39400
2016-10-07 14:34:36,94.2864,94.7499,94.22,94.7499,44375
2016-10-10 09:30:04,94.7285,95.04,94.57,95.01,76933
2016-10-10 10:45:17,95.12,95.31,95.11,95.27,52372
2016-10-10 13:01:26,95.27,95.28,94.95,95.0199,37688
2016-10-10 15:17:02,95.049,95.129,94.99,95.005,51102
2016-10-11 10:22:04,95.0,95.06,94.31,94.335,64049
2016-10-11 12:00:56,94.3354,94.379,93.9,94.075,43013
2016-10-11 14:01:41,94.0707,94.237,93.634,93.6601,44101
2016-10-11 15:11:07,93.6601,93.7463,93.4859,93.6515,44146
2016-10-11 16:00:01,93.6515,93.9359,93.625,93.91,51235
2016-10-12 10:09:29,93.92,94.0146,93.625,93.9418,70044
2016-10-12 12:04:32,93.946,94.065,93.783,93.895,34566
2016-10-12 12:47:02,93.8975,94.1,93.865,94.0731,42456
2016-10-12 13:46:22,94.06,94.09,93.9438,93.9762,47228
2016-10-12 14:02:03,93.97,94.1,93.955,94.0347,44741
2016-10-12 14:10:54,94.03,94.108,93.9134,94.0724,42149
2016-10-12 15:15:44,94.0724,94.127,93.9,94.0,53619
2016-10-13 09:37:10,93.999,94.0286,93.09,93.09,54531
2016-10-13 10:37:00,93.09,93.13,92.7801,93.0769,52690
2016-10-13 11:45:00,93.0454,93.319,92.9066,93.24,33293
2016-10-13 13:01:27,93.235,93.5,93.125,93.47,49385
2016-10-13 14:36:35,93.4415,93.74,93.35,93.638,42296
2016-10-13 15:18:55,93.6281,93.8191,93.615,93.7631,40857
2016-10-14 10:07:15,93.7499,94.3161,93.494,94.247,79313
2016-10-14 12:02:15,94.2428,94.36,93.7166,93.7225,55535
2016-10-14 14:25:18,93.749,93.926,93.5957,93.8355,32672
2016-10-14 15:32:11,93.809,93.88,93.6455,93.73,60722
2016-10-17 10:33:58,93.755,93.85,93.3901,93.6356,78445
2016-10-17 12:16:10,93.6285,93.6285,93.3964,93.446,28002
2016-10-17 13:58:24,93.4468,93.4953,93.24,93.2428,72156
2016-10-17 15:24:58,93.2438,93.439,93.215,93.3283,53109
2016-10-18 09:44:06,93.3355,94.1,93.272,93.9172,63910
2016-10-18 10:48:03,93.8799,93.9048,93.58,93.65,39602
2016-10-18 12:52:05,93.67,93.9599,93.65,93.8631,38614
2016-10-18 14:29:09,93.865,93.9266,93.805,93.9266,54037
2016-10-18 15:49:28,93.921,93.94,93.7931,93.8134,54152
2016-10-19 10:45:54,93.823,94.2199,93.81,94.2199,59903
2016-10-19 13:11:42,94.2198,94.33,94.1401,94.2828,80631
2016-10-19 15:22:51,94.284,94.3771,94.23,94.3068,52712
2016-10-20 09:41:59,94.304,94.307,93.88,93.89,97572
2016-10-20 11:50:20,93.98,94.3101,93.6843,93.9238,37491
2016-10-20 14:09:34,93.9025,94.22,93.8949,94.09,37956
2016-10-20 15:36:31,94.0635,94.17,93.974,94.017,41747
2016-10-21 09:38:20,94.01,94.139,93.28,93.4,57422
2016-10-21 11:16:55,93.39,93.6427,93.315,93.5773,54950
2016-10-21 13:43:00,93.5761,93.7092,93.525,93.5844,40747
2016-10-21 15:00:14,93.5966,93.8,93.5938,93.792,44247
2016-10-24 09:51:41,93.79,94.2269,93.705,94.2269,49922
2016-10-24 12:17:49,94.22,94.22,93.9013,93.9069,33104
2016-10-24 14:27:40,93.904,93.9247,93.7667,93.9247,54712
2016-10-24 15:43:10,93.9338,93.9841,93.9063,93.9373,50946
2016-10-25 10:21:23,93.91,94.19,93.88,94.1401,82882
2016-10-25 11:33:54,94.1462,94.1462,93.743,93.94,49838
2016-10-25 12:56:30,93.94,93.9797,93.77,93.8756,49880
2016-10-25 14:43:44,93.86,93.96,93.8366,93.8923,112715
2016-10-25 15:25:42,93.8899,93.9073,93.79,93.8299,57591
2016-10-26 09:30:15,93.8392,93.87,93.46,93.49,45195
2016-10-26 10:55:22,93.49,93.9043,93.43,93.84,49826
2016-10-26 13:10:05,93.8476,94.1301,93.8476,93.9301,42533
2016-10-26 14:43:44,93.854,93.92,93.7001,93.8759,39577
2016-10-26 15:56:06,93.8746,94.01,93.8116,93.9266,42810
2016-10-27 11:13:56,93.9295,94.33,93.7199,93.9149,54183
2016-10-27 13:39:44,93.911,94.2239,93.88,94.1878,125886
2016-10-27 15:22:15,94.1794,94.18,93.8962,93.8962,48320
2016-10-28 09:56:47,93.885,93.9669,93.69,93.79,58623
2016-10-28 12:24:05,93.7299,94.0491,93.58,94.0066,45706
2016-10-28 13:39:14,94.015,94.0975,93.163,93.2101,34793
2016-10-28 14:17:51,93.25,93.37,93.05,93.37,28727
2016-10-28 15:03:17,93.37,93.6769,93.3637,93.58,33991
2016-10-31 09:32:58,93.5567,93.728,93.4034,93.62,47147
2016-10-31 11:28:55,93.62,93.75,93.523,93.75,25962
2016-10-31 13:48:02,93.75,93.859,93.6641,93.709,395917
2016-10-31 14:47:26,93.7401,93.7401,93.54,93.5696,60882
2016-10-31 15:04:12,93.5668,93.59,93.53,93.557,454587
2016-11-01 09:33:01,93.57,93.84,93.51,93.74,43614
2016-11-01 10:01:16,93.76,93.76,93.52,93.5899,27300
2016-11-01 12:21:32,93.5501,93.5501,93.0,93.0,37398
2016-11-01 13:48:01,92.97,93.0743,92.66,92.6933,64825
2016-11-01 14:36:29,92.674,92.8467,92.4003,92.78,51937
2016-11-01 15:21:09,92.7899,92.87,92.66,92.7959,59677
2016-11-01 15:36:55,92.795,92.92,92.7799,92.82,39348
2016-11-02 09:40:39,92.835,93.08,92.69,92.84,86185
2016-11-02 10:53:44,92.83,92.943,92.51,92.51,40479
2016-11-02 12:01:06,92.52,92.75,92.5029,92.6035,32306
2016-11-02 13:44:40,92.5901,92.764,92.44,92.4794,40824
2016-11-02 14:26:47,92.509,92.68,92.2645,92.6301,337689
2016-11-02 15:13:06,92.6661,92.72,92.53,92.6534,49922
2016-11-02 15:59:45,92.6586,92.78,92.459,92.51,30961
2016-11-03 11:08:51,92.505,92.8442,92.48,92.755,51701
2016-11-03 13:13:40,92.7564,92.8199,92.3663,92.435,39738
2016-11-03 14:48:36,92.4034,92.56,92.395,92.4299,37165
2016-11-03 15:53:42,92.451,92.48,92.1478,92.2099,46992
2016-11-04 10:20:37,92.195,92.4,92.09,92.2899,109617
2016-11-04 11:50:33,92.3237,92.6366,92.2954,92.4535,41021
2016-11-04 12:51:05,92.46,92.701,92.4563,92.63,57027
2016-11-04 14:40:11,92.6253,92.67,92.4901,92.5065,43828
2016-11-04 15:24:53,92.52,92.5266,92.26,92.305,44274
2016-11-07 09:58:29,92.3,93.5269,91.71,93.5199,46788
2016-11-07 10:56:42,93.524,93.7,93.504,93.6789,58743
2016-11-07 12:37:16,93.665,93.975,93.665,93.9185,49299
2016-11-07 14:37:29,93.9,94.0133,93.864,93.9792,45841
2016-11-07 15:42:41,93.9637,93.9637,93.8041,93.8899,57291
2016-11-08 10:31:35,93.8784,94.13,93.7315,93.9713,66254
2016-11-08 12:18:47,93.983,94.65,93.9335,94.65,51347
2016-11-08 14:19:21,94.6664,94.745,94.43,94.4825,42632
2016-11-08 15:19:35,94.4832,94.57,94.3,94.482,43721
2016-11-09 09:31:40,94.525,94.65,93.86,94.4972,71430
2016-11-09 09:36:09,94.5,94.8,94.4901,94.72,37505
2016-11-09 09:49:26,94.7525,94.89,94.36,94.84,53530
2016-11-09 10:19:14,94.83,95.06,94.445,94.445,46185
2016-11-09 11:00:58,94.5,94.8999,94.4801,94.875,56726
2016-11-09 11:38:06,94.815,95.6899,94.815,95.64,50770
2016-11-09 11:43:57,95.6658,95.6955,95.5699,95.6263,41790
2016-11-09 11:44:08,95.6299,95.63,95.61,95.6153,34959
2016-11-09 11:44:24,95.6167,95.64,95.61,95.6267,38515
2016-11-09 11:44:41,95.6299,95.63,95.6149,95.6269,37224
2016-11-09 11:44:57,95.62,95.67,95.6167,95.6567,33329
2016-11-09 11:46:37,95.6567,95.7,95.6467,95.7,40710
2016-11-09 12:11:29,95.7,96.0477,95.501,95.501,62791
2016-11-09 12:51:11,95.5299,95.8066,95.5199,95.7519,59065
2016-11-09 13:28:04,95.72,96.0035,95.71,95.73,56946
2016-11-09 14:13:13,95.73,96.11,95.69,95.9977,46677
2016-11-09 14:43:16,95.9984,96.34,95.9884,96.3399,41003
2016-11-09 15:12:16,96.34,96.37,96.2301,96.3399,56108
2016-11-09 15:20:22,96.35,96.4765,96.32,96.4565,25744
2016-11-09 15:47:12,96.4693,96.4965,96.09,96.09,41229
2016-11-09 15:59:47,96.09,96.134,95.96,96.03,24011
2016-11-10 09:35:17,96.02,96.7817,96.01,96.78,36822
2016-11-10 09:40:33,96.79,97.04,96.79,97.04,34642
2016-11-10 09:45:51,97.035,97.24,97.02,97.2389,16530
2016-11-10 10:02:51,97.23,97.29,96.98,96.995,21354
2016-11-10 10:24:14,96.945,96.9763,96.7,96.81,23145
2016-11-10 10:42:36,96.8,96.8,96.45,96.72,37891
2016-11-10 11:08:20,96.73,96.86,96.3465,96.47,22843
2016-11-10 11:42:08,96.43,96.85,96.23,96.8499,29322
2016-11-10 12:16:06,96.8639,97.05,96.72,97.01,21498
2016-11-10 13:01:48,97.03,97.23,96.8701,97.17,44627
2016-11-10 13:25:37,97.1243,97.325,97.11,97.1426,24243
2016-11-10 13:52:20,97.174,97.45,97.16,97.44,107949
2016-11-10 14:03:33,97.46,97.52,97.36,97.4099,39918
2016-11-10 14:34:08,97.3999,97.475,97.215,97.215,33276
2016-11-10 15:01:21,97.22,97.38,97.21,97.3,36267
2016-11-10 15:27:27,97.28,97.3661,97.1704,97.21,30372
2016-11-10 15:45:14,97.2199,97.24,97.06,97.1,58999
2016-11-11 09:34:22,97.06,97.19,96.6801,96.74,367648
2016-11-11 09:43:47,96.79,96.825,96.68,96.8059,54070
2016-11-11 10:25:25,96.81,96.81,96.582,96.6166,30426
2016-11-11 11:07:40,96.5071,96.6299,96.332,96.463,43855
2016-11-11 11:57:33,96.46,96.54,96.26,96.486,53901
2016-11-11 12:40:34,96.5463,96.79,96.5463,96.7799,75290
2016-11-11 13:22:57,96.78,96.8199,96.66,96.8199,66983
2016-11-11 14:06:29,96.8165,96.8746,96.7285,96.73,64646
2016-11-11 14:55:26,96.7499,96.8459,96.6275,96.655,56759
2016-11-11 15:22:05,96.6532,96.7566,96.5717,96.736,43889
2016-11-11 15:41:13,96.72,96.835,96.7066,96.77,31344
2016-11-11 15:51:56,96.77,96.98,96.77,96.959,44322
2016-11-11 15:59:45,96.9599,96.9832,96.87,96.9,37211
2016-11-14 09:44:20,96.9,97.36,96.89,97.27,68940
2016-11-14 09:47:32,97.27,97.44,97.27,97.43,45416
2016-11-14 10:19:02,97.43,97.83,97.38,97.76,18822
2016-11-14 10:39:14,97.76,97.79,97.5,97.5368,576757
2016-11-14 11:18:03,97.5145,97.5539,97.34,97.4761,49803
2016-11-14 12:06:22,97.48,97.5365,97.3558,97.3558,44728
2016-11-14 12:41:19,97.36,97.4058,97.2195,97.36,49484
2016-11-14 12:48:14,97.36,97.39,97.3099,97.34,36931
2016-11-14 13:20:32,97.3299,97.46,97.25,97.45,50556
2016-11-14 14:05:24,97.4355,97.56,97.4,97.42,40538
2016-11-14 14:31:16,97.4199,97.5169,97.3865,97.425,67510
2016-11-14 14:43:46,97.42,97.4671,97.36,97.36,28694
2016-11-14 14:50:24,97.3567,97.4799,97.3558,97.469,42307
2016-11-14 15:12:55,97.479,97.64,97.46,97.64,43948
2016-11-14 15:32:50,97.64,97.71,97.61,97.6999,46266
2016-11-14 15:53:55,97.6999,97.72,97.49,97.5757,45886
2016-11-15 09:32:34,97.57,97.7,97.53,97.68,252041
2016-11-15 09:40:43,97.68,97.72,97.59,97.59,38159
2016-11-15 10:32:12,97.54,97.64,97.42,97.5799,60741
2016-11-15 11:12:11,97.55,97.77,97.4839,97.7599,37064
2016-11-15 11:41:38,97.7567,97.8,97.68,97.7099,42030
2016-11-15 12:29:54,97.7099,97.8,97.65,97.77,32154
2016-11-15 12:55:05,97.7695,97.82,97.715,97.7767,88069
2016-11-15 13:46:07,97.776,97.83,97.7165,97.82,41294
2016-11-15 14:02:36,97.82,97.9101,97.7972,97.87,43648
2016-11-15 14:30:31,97.87,98.0,97.85,98.0,47692
2016-11-15 14:48:38,98.0,98.13,98.0,98.12,28332
2016-11-15 15:08:47,98.13,98.2357,98.1072,98.16,37111
2016-11-15 15:31:02,98.16,98.2199,98.12,98.2199,44579
2016-11-15 15:44:07,98.21,98.29,98.1756,98.265,43931
2016-11-15 15:59:05,98.26,98.32,98.183,98.32,38197
2016-11-16 09:38:28,98.311,98.37,98.0,98.01,85701
2016-11-16 10:12:42,98.0,98.04,97.79,97.84,22180
2016-11-16 11:06:59,97.84,97.9368,97.7466,97.77,47110
2016-11-16 12:19:04,97.7666,97.8199,97.5401,97.55,41158
2016-11-16 13:52:11,97.5401,97.6865,97.5401,97.6453,64811
2016-11-16 15:05:00,97.6332,97.7581,97.6332,97.7581,63623
2016-11-16 15:08:43,97.7581,97.82,97.755,97.8,110138
2016-11-16 15:34:54,97.8,97.84,97.7047,97.7053,79325
2016-11-17 09:31:52,97.71,97.85,97.6411,97.76,60449
2016-11-17 10:20:11,97.82,98.1,97.82,97.96,41985
2016-11-17 11:16:52,97.9658,98.04,97.795,98.0186,42404
2016-11-17 12:03:28,98.0199,98.1723,97.9,98.1111,45622
2016-11-17 13:26:38,98.113,98.1765,98.0101,98.0699,36192
2016-11-17 14:25:38,98.07,98.11,97.9428,98.01,50143
2016-11-17 15:00:32,98.015,98.015,97.9156,97.96,35744
2016-11-17 15:46:01,97.9637,98.04,97.94,98.01,43684
2016-11-18 09:39:41,98.0367,98.4,97.8999,97.92,68802
2016-11-18 11:10:08,97.92,98.0939,97.8295,97.8799,39006
2016-11-18 12:37:56,97.8701,97.9559,97.8361,97.9099,53213
2016-11-18 14:13:56,97.8858,98.0467,97.875,97.9565,40983
2016-11-18 15:13:39,97.9538,97.9901,97.8959,97.985,52811
2016-11-18 15:50:31,97.99,98.08,97.98,98.03,96007
2016-11-21 09:32:24,98.02,98.79,97.87,98.4,73003
2016-11-21 09:50:21,98.4,98.42,98.3364,98.36,41997
2016-11-21 10:47:29,98.33,98.37,98.18,98.3064,34343
2016-11-21 11:19:19,98.3064,98.43,98.2969,98.42,39694
2016-11-21 12:06:11,98.415,98.43,98.37,98.375,48369
2016-11-21 13:21:51,98.385,98.5736,98.361,98.54,27909
2016-11-21 13:52:19,98.5458,98.57,98.5,98.55,81983
2016-11-21 14:16:24,98.56,98.57,98.49,98.51,56111
2016-11-21 14:49:04,98.51,98.5365,98.4659,98.51,45465
2016-11-21 15:12:30,98.51,98.55,98.4791,98.5,71683
2016-11-21 15:28:36,98.5,98.52,98.47,98.4966,74291
2016-11-21 15:56:13,98.4949,98.62,98.4755,98.6,52785
2016-11-22 09:42:02,98.59,98.882,98.5899,98.79,84483
2016-11-22 10:14:35,98.79,98.86,98.7465,98.826,25529
2016-11-22 10:46:45,98.8288,98.8569,98.66,98.67,36374
2016-11-22 11:29:26,98.67,98.7,98.55,98.57,33451
2016-11-22 12:00:58,98.56,98.56,98.405,98.405,29945
2016-11-22 13:17:36,98.4062,98.5763,98.375,98.566,43682
2016-11-22 14:20:29,98.5658,98.62,98.5558,98.62,37573
2016-11-22 14:58:52,98.63,98.7965,98.602,98.78,42690
2016-11-22 15:29:19,98.78,98.7999,98.738,98.7801,60596
2016-11-22 15:55:21,98.7841,98.9361,98.7841,98.905,27538
2016-11-23 09:53:26,98.9,98.93,98.5944,98.6763,55850
2016-11-23 10:42:44,98.6701,99.0165,98.67,98.88,26302
2016-11-23 11:38:19,98.89,98.9965,98.8439,98.9034,38982
2016-11-23 12:36:56,98.905,99.06,98.88,98.99,31980
2016-11-23 13:35:25,99.02,99.12,99.014,99.07,45067
2016-11-23 14:26:17,99.075,99.0931,99.0156,99.0428,44474
2016-11-23 15:16:08,99.0535,99.1,98.9865,99.04,85191
2016-11-23 15:53:46,99.0437,99.165,99.03,99.13,39421
2016-11-25 09:43:30,99.11,99.37,99.1,99.31,79631
2016-11-25 10:32:07,99.3,99.3863,99.2063,99.3657,36778
2016-11-25 11:34:00,99.345,99.4239,99.3399,99.36,34716
2016-11-25 12:40:32,99.365,99.43,99.35,99.406,45811
2016-11-28 09:52:45,99.4,99.52,99.25,99.28,45633
2016-11-28 11:04:44,99.2808,99.41,99.0677,99.094,36192
2016-11-28 12:12:02,99.1099,99.26,99.041,99.23,38655
2016-11-28 13:23:59,99.21,99.3358,99.21,99.2767,42756
2016-11-28 14:33:53,99.27,99.34,99.2262,99.2462,37612
2016-11-28 15:05:05,99.245,99.27,99.185,99.2041,46217
2016-11-28 15:33:29,99.2034,99.2199,99.047,99.0765,36181
2016-11-29 09:30:10,99.0732,99.08,98.88,98.91,51541
2016-11-29 10:26:01,98.9,99.0098,98.72,98.92,42202
2016-11-29 11:57:09,98.8799,99.1864,98.875,99.0999,41321
2016-11-29 13:33:53,99.1061,99.13,98.98,99.0862,33419
2016-11-29 14:39:26,99.085,99.1883,99.085,99.185,163163
2016-11-29 15:19:46,99.1878,99.22,98.99,99.0012,46625
2016-11-29 15:59:00,99.006,99.0369,98.8939,98.97,37803
2016-11-30 09:33:31,98.97,99.61,98.94,99.605,115957
2016-11-30 09:55:02,99.61,99.72,99.57,99.57,17875
2016-11-30 10:29:31,99.59,99.68,99.5,99.5424,45622
2016-11-30 11:20:55,99.53,99.81,99.53,99.81,42850
2016-11-30 12:12:14,99.81,99.83,99.5745,99.681,27823
2016-11-30 13:26:34,99.6866,99.79,99.655,99.7873,48316
2016-11-30 14:13:04,99.79,99.8299,99.57,99.6269,118466
2016-11-30 14:36:57,99.6269,99.6499,99.52,99.52,139637
2016-11-30 15:07:49,99.5444,99.56,99.48,99.521,33964
2016-11-30 15:37:28,99.5265,99.735,99.4501,99.6658,233202
2016-11-30 15:58:04,99.665,99.69,99.5701,99.5701,55690
2016-12-01 09:47:09,99.5701,99.78,99.3922,99.7585,284734
2016-12-01 10:09:52,99.7585,99.91,99.6056,99.885,66110
2016-12-01 10:36:55,99.885,100.02,99.78,99.9862,85084
2016-12-01 11:19:35,99.99,100.03,99.8321,99.8321,27412
2016-12-01 12:00:24,99.8399,100.0999,99.8299,100.055,33118
2016-12-01 12:47:20,100.07,100.085,99.89,99.92,35147
2016-12-01 13:29:12,99.9385,99.9385,99.6561,99.7099,54240
2016-12-01 14:28:01,99.7061,99.785,99.62,99.6941,47961
2016-12-01 15:19:31,99.66,99.7142,99.584,99.59,34770
2016-12-01 15:45:15,99.5861,99.6177,99.5301,99.5783,39711
2016-12-02 09:37:13,99.565,99.8,99.5261,99.5261,992390
2016-12-02 10:18:34,99.5261,99.8366,99.5257,99.7862,45388
2016-12-02 11:39:40,99.7765,99.9061,99.7133,99.7961,34671
2016-12-02 12:52:26,99.7966,99.7966,99.5122,99.65,39369
2016-12-02 13:40:54,99.655,99.715,99.45,99.49,49858
2016-12-02 14:34:58,99.52,99.5283,99.4248,99.52,47849
2016-12-02 15:10:21,99.5185,99.55,99.49,99.5099,68051
2016-12-02 15:59:42,99.5099,99.6999,99.4925,99.55,47097
2016-12-05 09:52:22,99.55,100.22,99.55,100.22,122166
2016-12-05 10:04:33,100.22,100.35,100.2194,100.33,29433
2016-12-05 11:04:31,100.33,100.35,100.1661,100.29,35823
2016-12-05 12:06:09,100.2875,100.2875,100.12,100.12,38343
2016-12-05 13:21:52,100.11,100.1686,100.04,100.1467,32344
2016-12-05 14:06:55,100.1465,100.1465,99.99,100.0,64043
2016-12-05 15:01:43,99.995,100.0399,99.91,100.0359,39284
2016-12-05 15:48:15,100.0459,100.1285,100.0224,100.11,50069
2016-12-06 09:56:38,100.1148,100.27,99.9756,99.98,71788
2016-12-06 10:47:45,99.96,100.1902,99.93,100.166,54629
2016-12-06 11:32:50,100.17,100.2772,100.1,100.2261,34804
2016-12-06 12:31:24,100.21,100.4159,100.175,100.4159,31360
2016-12-06 13:09:19,100.42,100.4825,100.39,100.45,30121
2016-12-06 14:07:05,100.45,100.4665,100.3874,100.4301,40818
2016-12-06 14:35:23,100.4368,100.51,100.4173,100.49,245135
2016-12-06 15:04:49,100.49,100.56,100.4694,100.55,42018
2016-12-06 15:32:39,100.5455,100.5559,100.4585,100.4769,41565
2016-12-06 15:49:31,100.4799,100.6,100.4799,100.57,33327
2016-12-07 09:30:07,100.56,100.66,100.555,100.63,62633
2016-12-07 09:47:18,100.64,100.67,100.54,100.5915,56787
2016-12-07 10:15:01,100.6,100.81,100.6,100.76,27130
2016-12-07 10:57:09,100.76,100.89,100.76,100.8331,30135
2016-12-07 11:37:35,100.8454,100.9,100.81,100.9,46497
2016-12-07 12:08:02,100.8899,101.01,100.8863,101.01,19361
2016-12-07 12:56:13,101.0166,101.13,100.98,101.1199,29962
2016-12-07 13:10:49,101.12,101.29,101.12,101.27,38227
2016-12-07 13:21:14,101.27,101.42,101.25,101.41,35323
2016-12-07 13:42:09,101.4,101.5399,101.33,101.53,33911
2016-12-07 13:53:49,101.53,101.64,101.5,101.63,60021
2016-12-07 14:16:46,101.63,101.77,101.63,101.67,25566
2016-12-07 14:55:18,101.6941,101.7162,101.5466,101.6101,37109
2016-12-07 15:22:13,101.62,101.755,101.585,101.75,50519
2016-12-07 15:32:14,101.75,101.89,101.747,101.86,23108
2016-12-07 15:39:18,101.865,102.0,101.855,102.0,42523
2016-12-07 15:59:00,102.0,102.01,101.78,101.91,29444
2016-12-08 09:32:41,101.93,102.1,101.91,102.09,64172
2016-12-08 09:45:12,102.09,102.24,102.03,102.1756,31042
2016-12-08 10:12:22,102.2,102.2156,101.83,101.83,23762
2016-12-08 11:25:39,101.8365,102.0899,101.8365,102.07,39280
2016-12-08 12:24:17,102.0739,102.34,101.99,102.34,43156
2016-12-08 12:41:47,102.34,102.43,102.34,102.4,48016
2016-12-08 13:18:47,102.4,102.52,102.37,102.42,39115
2016-12-08 13:59:18,102.4142,102.65,102.385,102.64,36852
2016-12-08 14:23:22,102.64,102.66,102.43,102.43,39343
2016-12-08 14:41:22,102.42,102.47,102.24,102.2799,31516
2016-12-08 15:01:26,102.279,102.3472,102.1939,102.3279,50117
2016-12-08 15:33:18,102.3179,102.34,102.24,102.28,57936
2016-12-08 15:56:49,102.2829,102.4093,102.2748,102.2858,32337
2016-12-09 09:41:29,102.27,102.44,102.23,102.2965,187252
2016-12-09 10:24:00,102.29,102.43,102.27,102.37,65188
2016-12-09 11:19:26,102.37,102.555,102.34,102.467,28192
2016-12-09 12:02:14,102.46,102.476,102.309,102.3675,43329
2016-12-09 13:15:37,102.3571,102.49,102.3361,102.4749,34852
2016-12-09 14:04:44,102.47,102.575,102.455,102.5665,52535
2016-12-09 14:40:06,102.56,102.6,102.53,102.56,36091
2016-12-09 15:09:41,102.57,102.71,102.5461,102.7,31384
2016-12-09 15:25:45,102.6961,102.84,102.6957,102.78,37138
2016-12-09 15:49:34,102.7857,102.83,102.73,102.73,31941
2016-12-12 09:33:17,102.7263,103.05,102.7263,103.0018,161937
2016-12-12 09:52:23,103.01,103.25,102.99,103.1999,28576
2016-12-12 10:18:50,103.19,103.28,103.02,103.039,32386
2016-12-12 11:10:40,103.01,103.07,102.89,102.9599,28386
2016-12-12 12:00:32,103.0,103.02,102.775,102.8446,37411
2016-12-12 13:17:09,102.806,102.82,102.6635,102.7315,38688
2016-12-12 14:04:25,102.7635,102.8,102.685,102.7499,44847
2016-12-12 14:25:43,102.745,102.875,102.7343,102.8562,36844
2016-12-12 15:06:28,102.855,102.855,102.6402,102.702,50270
2016-12-12 15:51:30,102.7165,102.7756,102.6573,102.7568,32281
2016-12-13 09:40:46,102.7799,103.31,102.7,103.31,215158
2016-12-13 10:01:49,103.31,103.39,103.1448,103.1731,23078
2016-12-13 10:43:42,103.178,103.18,102.77,102.906,48674
2016-12-13 11:06:48,102.906,102.98,102.8675,102.9299,32080
2016-12-13 11:28:06,102.9201,103.1,102.89,103.06,18503
2016-12-13 11:48:21,103.03,103.03,102.91,102.9525,45552
2016-12-13 11:56:00,102.95,102.99,102.95,102.96,30053
2016-12-13 12:37:57,102.96,103.2368,102.9563,103.2242,35810
2016-12-13 13:18:21,103.2263,103.41,103.2236,103.4,28684
2016-12-13 13:44:52,103.4001,103.53,103.4001,103.4199,24006
2016-12-13 14:19:11,103.403,103.42,103.2096,103.24,43419
2016-12-13 15:00:21,103.25,103.3568,103.21,103.26,53225
2016-12-13 15:30:51,103.26,103.35,103.22,103.35,54830
2016-12-13 15:56:00,103.3456,103.42,103.2741,103.32,269626
2016-12-14 09:34:54,103.32,103.34,103.0,103.13,188201
2016-12-14 10:09:22,103.12,103.22,102.91,102.91,41124
2016-12-14 10:53:00,102.92,103.09,102.92,102.94,40883
2016-12-14 11:46:30,102.935,103.1,102.855,102.8774,42961
2016-12-14 12:47:20,102.8966,103.1056,102.895,103.0655,37603
2016-12-14 13:48:31,103.08,103.2183,103.08,103.1699,41690
2016-12-14 14:03:45,103.1676,103.35,103.08,103.33,23356
2016-12-14 14:10:14,103.33,103.51,103.1784,103.26,17497
2016-12-14 14:25:26,103.33,103.34,102.9134,102.92,30553
2016-12-14 14:26:39,102.87,102.89,102.769,102.769,48473
2016-12-14 14:34:00,102.761,102.7899,102.45,102.7,30465
2016-12-14 14:51:10,102.6961,102.895,102.62,102.7642,32710
2016-12-14 15:01:12,102.7,102.74,102.39,102.5291,30627
2016-12-14 15:10:17,102.5115,102.57,102.16,102.18,40125
2016-12-14 15:21:00,102.18,102.2735,101.99,102.18,28101
2016-12-14 15:37:17,102.2168,102.6956,102.1699,102.6956,33133
2016-12-14 15:53:20,102.6885,102.7465,102.23,102.23,34301
2016-12-14 16:00:00,102.18,102.3168,102.13,102.21,45544
2016-12-15 09:50:20,102.21,102.62,102.21,102.6,173872
2016-12-15 10:33:22,102.61,103.035,102.57,102.95,28599
2016-12-15 11:23:09,102.9699,103.195,102.875,103.1467,41538
2016-12-15 12:14:32,103.1301,103.135,102.865,102.955,88046
2016-12-15 13:35:47,102.964,103.04,102.8367,102.95,28278
2016-12-15 14:17:51,102.95,102.96,102.59,102.759,38822
2016-12-15 15:00:35,102.7564,102.88,102.69,102.79,51436
2016-12-15 15:15:13,102.8069,102.87,102.7601,102.7939,73515
2016-12-15 15:41:37,102.781,102.84,102.701,102.75,56768
2016-12-15 18:30:00,102.7538,102.86,102.7,102.75,178826
2016-12-16 09:37:32,103.1,103.13,102.83,102.84,29805
2016-12-16 10:37:09,102.84,102.96,102.8066,102.8535,49554
2016-12-16 11:22:29,102.86,103.0138,102.7165,102.7165,51354
2016-12-16 12:23:01,102.6701,102.8775,102.67,102.71,50510
2016-12-16 13:35:22,102.691,102.74,102.4615,102.5041,44626
2016-12-16 14:36:21,102.5059,102.61,102.4735,102.57,36577
2016-12-16 15:02:21,102.561,102.65,102.5247,102.585,67401
2016-12-16 15:46:47,102.55,102.559,102.41,102.5366,33954
2016-12-19 09:42:12,102.535,102.73,102.47,102.66,45993
2016-12-19 10:58:18,102.67,102.84,102.61,102.7534,46447
2016-12-19 12:04:05,102.759,102.775,102.41,102.45,52783
2016-12-19 13:31:21,102.445,102.69,102.445,102.672,71110
2016-12-19 14:25:05,102.632,102.8,102.583,102.766,42703
2016-12-19 15:02:47,102.76,102.8,102.61,102.6358,49818
2016-12-19 15:38:25,102.6401,102.6589,102.4849,102.65,35249
2016-12-19 15:59:26,102.6449,102.73,102.64,102.72,43169
2016-12-20 09:53:36,102.74,103.2614,102.69,103.234,81142
2016-12-20 11:11:38,103.224,103.245,103.091,103.22,34669
2016-12-20 12:21:51,103.2168,103.2435,103.0,103.0443,36168
2016-12-20 13:41:04,103.041,103.1248,103.02,103.0764,36936
2016-12-20 14:49:28,103.0737,103.13,102.91,102.998,43257
2016-12-20 15:39:46,103.0057,103.0863,102.96,103.06,55037
2016-12-20 15:59:43,103.0638,103.14,103.02,103.105,60030
2016-12-21 10:16:45,103.105,103.17,102.4,102.4833,429851
2016-12-21 11:07:46,102.483,102.52,102.4,102.4726,53451
2016-12-21 12:53:15,102.5062,102.5657,102.488,102.5433,34597
2016-12-21 13:57:23,102.5459,102.5459,102.45,102.45,33993
2016-12-21 14:58:15,102.45,102.5159,102.45,102.5035,39716
2016-12-21 15:30:46,102.5069,102.525,102.39,102.41,48425
2016-12-21 16:00:00,102.41,102.42,102.32,102.32,50150
2016-12-22 09:51:23,102.32,102.34,102.11,102.179,88703
2016-12-22 11:11:53,102.1899,102.2616,102.07,102.105,36037
2016-12-22 12:15:28,102.115,102.145,102.0035,102.065,40792
2016-12-22 13:11:54,102.055,102.1669,102.0339,102.16,29145
2016-12-22 14:20:55,102.1584,102.2813,102.1,102.2299,54451
2016-12-22 15:09:31,102.24,102.25,102.11,102.1235,44216
2016-12-22 15:47:22,102.11,102.18,102.0363,102.18,49100
2016-12-23 09:37:37,102.1764,102.25,102.1,102.2,68092
2016-12-23 11:05:54,102.21,102.29,102.1601,102.212,55444
2016-12-23 12:46:40,102.2164,102.245,102.125,102.2198,43993
2016-12-23 14:15:20,102.205,102.245,102.15,102.24,68100
2016-12-23 15:13:16,102.241,102.2661,102.2241,102.25,64442
2016-12-23 18:30:00,102.2399,102.3378,102.22,102.32,33653
2016-12-27 10:49:29,102.32,102.5986,102.32,102.5699,84656
2016-12-27 11:50:09,102.568,102.587,102.5,102.5071,49018
2016-12-27 13:29:06,102.5164,102.549,102.47,102.5331,73335
2016-12-27 14:45:31,102.5324,102.606,102.515,102.595,44534
2016-12-27 15:34:33,102.59,102.615,102.515,102.52,43792
2016-12-27 15:56:55,102.52,102.53,102.45,102.46,61981
2016-12-28 09:36:14,102.47,102.7,102.44,102.61,89500
2016-12-28 10:11:05,102.62,102.6359,102.1739,102.1739,63691
2016-12-28 11:38:11,102.2338,102.305,102.1669,102.305,52304
2016-12-28 12:24:55,102.3,102.31,101.87,101.8766,42325
2016-12-28 13:20:37,101.8701,101.913,101.76,101.8275,196459
2016-12-28 14:12:38,101.83,101.87,101.729,101.73,38215
2016-12-28 14:33:26,101.69,101.72,101.62,101.695,41891
2016-12-28 15:09:29,101.6975,101.78,101.6153,101.74,47202
2016-12-28 15:41:52,101.72,101.75,101.63,101.63,32597
2016-12-28 15:55:18,101.63,101.68,101.59,101.68,44413
2016-12-29 09:43:38,101.68,101.8485,101.58,101.79,54265
2016-12-29 10:49:43,101.77,101.82,101.548,101.548,58578
2016-12-29 11:28:45,101.5365,101.57,101.4999,101.56,38739
2016-12-29 11:51:38,101.564,101.59,101.46,101.46,53741
2016-12-29 12:11:27,101.46,101.495,101.36,101.36,35077
2016-12-29 12:29:59,101.35,101.43,101.3,101.42,29613
2016-12-29 13:27:48,101.42,101.4782,101.3801,101.4203,58887
2016-12-29 14:34:33,101.4255,101.6172,101.365,101.49,49480
2016-12-29 14:53:26,101.48,101.5699,101.48,101.55,63389
2016-12-29 15:19:47,101.55,101.56,101.4935,101.5164,59206
2016-12-29 15:45:55,101.5432,101.5532,101.48,101.5086,69583
2016-12-30 09:31:15,101.5,101.74,101.48,101.74,99834
2016-12-30 10:08:50,101.7179,101.81,101.4,101.485,26919
2016-12-30 11:40:51,101.4767,101.6159,101.435,101.5899,40421
2016-12-30 12:50:50,101.6,101.717,101.38,101.39,35097
2016-12-30 14:11:38,101.38,101.51,101.3,101.3,34385
2016-12-30 14:46:39,101.3,101.34,101.23,101.23,40041
2016-12-30 15:02:03,101.24,101.25,101.05,101.0768,48272
2016-12-30 15:36:30,101.081,101.325,101.081,101.235,53207
2016-12-30 15:59:27,101.239,101.39,101.09,101.38,47076
2017-01-03 09:48:39,101.38,102.25,101.345,102.05,72684
2017-01-03 10:24:54,102.0984,102.43,101.991,102.337,50730
2017-01-03 11:03:27,102.3436,102.429,101.8301,101.891,126681
2017-01-03 11:42:14,101.85,102.03,101.6736,101.68,80328
2017-01-03 12:09:07,101.63,101.83,101.6,101.78,46741
2017-01-03 12:42:32,101.78,101.82,101.6387,101.6387,73558
2017-01-03 13:20:11,101.6387,101.7161,101.5801,101.69,29881
2017-01-03 13:39:54,101.69,101.7844,101.6735,101.7243,52155
2017-01-03 14:24:09,101.72,101.7943,101.63,101.758,31640
2017-01-03 14:46:07,101.7542,101.78,101.6901,101.7501,42989
2017-01-03 15:10:22,101.7538,101.94,101.7538,101.94,42672
2017-01-03 15:30:03,101.94,101.9735,101.83,101.8701,42220
2017-01-03 15:46:50,101.8725,102.109,101.8342,102.1,52571
2017-01-03 16:18:55,102.1031,102.28,101.878,102.28,299190
2017-01-04 09:43:57,102.21,102.77,102.21,102.6335,55143
2017-01-04 10:22:28,102.645,102.74,102.58,102.622,54624
2017-01-04 10:52:34,102.6232,102.64,102.5,102.594,55400
2017-01-04 11:24:13,102.594,102.675,102.59,102.66,55909
2017-01-04 11:47:55,102.66,102.76,102.6237,102.74,47117
2017-01-04 12:17:43,102.74,102.795,102.7,102.7452,55642
2017-01-04 12:53:17,102.7499,102.78,102.72,102.7663,69275
2017-01-04 13:35:22,102.7547,102.785,102.72,102.7453,61530
2017-01-04 14:05:39,102.749,102.76,102.712,102.736,72708
2017-01-04 14:40:15,102.7164,102.8933,102.7141,102.869,56053
2017-01-04 15:14:23,102.87,102.87,102.7532,102.8043,67069
2017-01-04 15:36:32,102.83,102.8499,102.7925,102.8499,59619
2017-01-04 15:49:34,102.845,102.915,102.7774,102.7965,60229
2017-01-05 09:31:49,102.79,102.84,102.594,102.594,177452
2017-01-05 10:16:51,102.58,102.6456,102.4813,102.5531,48389
2017-01-05 11:28:13,102.55,102.57,102.1439,102.21,36472
2017-01-05 12:38:23,102.2,102.215,101.9515,102.1687,33985
2017-01-05 13:31:43,102.1665,102.295,102.115,102.2399,53159
2017-01-05 14:28:36,102.2299,102.3919,102.2144,102.3466,59106
2017-01-05 15:05:59,102.3467,102.36,102.2253,102.276,53103
2017-01-05 15:32:33,102.28,102.36,102.26,102.36,61140
2017-01-05 15:54:39,102.3661,102.37,102.29,102.35,49447
2017-01-06 09:35:03,102.34,102.55,102.32,102.33,99219
2017-01-06 11:08:35,102.25,102.383,102.13,102.3156,48534
2017-01-06 12:20:16,102.3069,102.7051,102.3047,102.656,35515
2017-01-06 13:29:58,102.659,102.7899,102.6459,102.675,135857
2017-01-06 14:26:14,102.67,102.8059,102.67,102.7239,42446
2017-01-06 15:23:52,102.6661,102.7368,102.64,102.6899,57584
2017-01-06 16:10:00,102.6765,102.75,102.59,102.64,45724
2017-01-09 10:11:20,102.64,102.64,101.963,102.06,71881
2017-01-09 11:34:34,102.07,102.3367,102.07,102.2487,47043
2017-01-09 13:06:53,102.25,102.26,102.123,102.1733,55690
2017-01-09 14:24:48,102.1734,102.1799,102.04,102.0439,60012
2017-01-09 15:10:32,102.0533,102.0801,101.9799,102.02,61428
2017-01-09 15:59:50,102.02,102.1,101.93,101.93,33134
2017-01-10 10:11:17,101.93,101.97,101.77,101.94,61581
2017-01-10 11:32:06,101.93,102.31,101.9,102.2543,36327
2017-01-10 12:47:51,102.2571,102.5,102.2567,102.4359,33123
2017-01-10 14:04:57,102.4167,102.42,101.98,102.0267,35159
2017-01-10 14:44:24,102.0201,102.1062,101.9741,102.06,48986
2017-01-10 15:31:28,102.0659,102.1984,102.03,102.1859,46609
2017-01-10 16:11:32,102.1865,102.2565,101.97,102.08,78480
2017-01-11 10:01:10,102.01,102.1831,101.8,102.1699,53529
2017-01-11 11:05:53,102.18,102.231,102.02,102.1533,57107
2017-01-11 11:44:11,102.1501,102.28,101.66,101.84,26242
2017-01-11 12:50:06,101.89,102.2,101.73,101.795,33142
2017-01-11 13:53:47,101.8162,101.985,101.686,101.925,51284
2017-01-11 14:47:08,101.95,102.1185,101.95,102.05,43665
2017-01-11 15:36:40,102.06,102.1801,102.035,102.1801,39989
2017-01-12 09:44:51,102.1984,102.38,101.94,102.0,66458
2017-01-12 10:37:11,101.99,102.0199,101.5,101.5592,62122
2017-01-12 11:43:10,101.5565,101.6499,101.37,101.5258,31557
2017-01-12 12:55:11,101.5264,101.8242,101.4542,101.775,28338
2017-01-12 14:17:01,101.7642,101.995,101.75,101.99,34267
2017-01-12 14:46:16,101.99,102.0899,101.9065,102.0359,49166
2017-01-12 15:31:39,102.015,102.051,101.9299,102.0264,34679
2017-01-13 09:33:01,102.0,102.29,101.9901,102.28,51679
2017-01-13 10:21:38,102.28,102.5162,102.28,102.34,61296
2017-01-13 11:41:38,102.33,102.4065,102.2731,102.341,41225
2017-01-13 12:56:12,102.3272,102.3461,102.08,102.1869,35576
2017-01-13 13:57:53,102.1801,102.2147,102.1099,102.1259,67070
2017-01-13 14:37:05,102.128,102.1455,101.9701,102.0865,201476
2017-01-13 15:10:47,102.0831,102.16,102.0301,102.1,91802
2017-01-13 15:20:00,102.095,102.1266,102.07,102.125,71016
2017-01-13 15:32:30,102.125,102.1464,102.09,102.1165,75772
2017-01-13 15:41:38,102.115,102.2215,102.11,102.18,60210
2017-01-17 09:37:43,102.18,102.74,101.781,101.8659,1615707
2017-01-17 10:42:09,101.8525,102.0102,101.71,101.9663,72600
2017-01-17 11:45:17,101.9536,101.989,101.762,101.8599,75433
2017-01-17 12:37:25,101.8599,101.96,101.83,101.9,75997
2017-01-17 13:37:33,101.899,101.9657,101.8601,101.945,41130
2017-01-17 14:21:14,101.9434,101.9443,101.7619,101.77,89242
2017-01-17 15:02:01,101.78,101.78,101.51,101.555,91369
2017-01-17 15:42:30,101.5431,101.68,101.5041,101.613,70759
2017-01-18 09:34:40,101.615,101.81,101.59,101.59,58105
2017-01-18 10:19:10,101.59,101.8153,101.46,101.8153,45083
2017-01-18 11:20:57,101.765,101.82,101.6542,101.73,38597
2017-01-18 12:46:56,101.7399,101.8192,101.6063,101.6668,49517
2017-01-18 14:02:50,101.6632,101.6966,101.5939,101.696,54314
2017-01-18 14:59:55,101.666,101.7634,101.6535,101.7318,98827
2017-01-18 15:32:15,101.7165,101.785,101.69,101.716,62125
2017-01-19 09:35:46,101.73,101.96,101.7285,101.93,60416
2017-01-19 10:46:19,101.93,101.93,101.48,101.6158,49366
2017-01-19 12:11:21,101.6209,101.66,101.42,101.6,55118
2017-01-19 13:39:38,101.5766,101.59,101.462,101.5341,47519
2017-01-19 14:20:34,101.5399,101.5399,101.1,101.1,48963
2017-01-19 15:00:21,101.17,101.3234,101.1541,101.2622,59530
2017-01-19 15:37:42,101.2521,101.4029,101.2,101.3468,46078
2017-01-19 15:59:33,101.34,101.43,101.275,101.39,45092
2017-01-20 09:52:12,101.39,102.0155,101.33,101.8701,142365
2017-01-20 11:19:09,101.8706,101.9499,101.8532,101.9359,54979
2017-01-20 12:15:14,101.95,101.958,101.591,101.591,49601
2017-01-20 13:13:36,101.5975,101.77,101.4025,101.6015,62909
2017-01-20 14:21:05,101.609,101.6766,101.4831,101.4831,52204
2017-01-20 15:12:35,101.48,101.688,101.4232,101.679,47420
2017-01-20 15:51:30,101.628,101.67,101.472,101.6488,65597
2017-01-23 10:06:59,101.6384,101.72,101.5,101.56,89572
2017-01-23 11:12:51,101.5601,101.5601,101.169,101.2469,49639
2017-01-23 11:50:52,101.245,101.245,100.99,101.01,44794
2017-01-23 13:04:54,101.04,101.1789,100.9899,101.1683,40031
2017-01-23 14:23:12,101.19,101.36,101.09,101.1241,36322
2017-01-23 15:15:43,101.105,101.2658,101.105,101.1747,41408
2017-01-23 15:57:11,101.178,101.3658,101.178,101.3,41877
2017-01-24 10:02:07,101.28,101.56,101.27,101.51,96215
2017-01-24 11:11:14,101.5057,101.7565,101.49,101.736,53218
2017-01-24 12:28:24,101.729,101.9635,101.71,101.9635,42062
2017-01-24 13:19:34,101.961,102.13,101.9409,102.07,33906
2017-01-24 14:23:03,102.076,102.2465,102.044,102.2066,51390
2017-01-24 14:48:58,102.21,102.23,102.15,102.2066,44687
2017-01-24 15:17:20,102.19,102.3366,102.19,102.2665,59307
2017-01-24 15:55:40,102.26,102.2663,102.084,102.0967,38888
2017-01-25 10:00:24,102.1,102.69,102.07,102.66,51872
2017-01-25 10:32:48,102.66,102.755,102.6367,102.6562,69949
2017-01-25 11:05:10,102.6599,102.86,102.6465,102.86,30923
2017-01-25 12:05:50,102.86,102.9,102.6966,102.7958,43284
2017-01-25 13:22:10,102.789,102.8969,102.76,102.8969,39887
2017-01-25 14:10:40,102.87,102.9669,102.8338,102.956,42324
2017-01-25 14:55:15,102.9535,103.0358,102.8859,102.888,51494
2017-01-25 15:27:42,102.8865,102.9078,102.82,102.8867,30507
2017-01-25 15:59:58,102.8769,103.041,102.8769,102.9683,35759
2017-01-26 10:01:56,102.99,103.04,102.88,102.99,84744
2017-01-26 11:07:22,103.0099,103.13,102.9233,102.9646,66622
2017-01-26 12:17:37,102.9662,103.0099,102.81,102.8738,34209
2017-01-26 13:32:51,102.87,102.87,102.7157,102.7632,43377
2017-01-26 14:24:37,102.7701,102.8699,102.7639,102.81,35217
2017-01-26 15:07:44,102.8001,102.9193,102.8001,102.83,43220
2017-01-26 15:51:35,102.83,102.8938,102.77,102.789,33312
2017-01-27 10:16:28,102.8,102.9,102.578,102.59,58536
2017-01-27 11:23:42,102.5867,102.6363,102.391,102.4561,39071
2017-01-27 12:30:15,102.4599,102.5568,102.415,102.4566,38861
2017-01-27 13:28:48,102.4567,102.4867,102.4,102.4537,38310
2017-01-27 14:21:39,102.4543,102.4983,102.45,102.4531,42067
2017-01-27 14:55:08,102.46,102.518,102.4501,102.46,193541
2017-01-27 15:49:22,102.45,102.498,102.3934,102.42,65032
2017-01-30 09:36:06,102.43,102.51,101.9401,101.97,39993
2017-01-30 09:52:04,101.97,102.04,101.6199,101.64,64145
2017-01-30 11:00:22,101.6408,101.7857,101.3439,101.3865,53642
2017-01-30 11:57:46,101.4099,101.6499,101.4099,101.62,30335
2017-01-30 13:02:26,101.6299,101.63,101.486,101.545,58513
2017-01-30 13:53:04,101.545,101.599,101.406,101.408,46825
2017-01-30 14:19:29,101.404,101.58,101.3999,101.5636,41183
2017-01-30 14:34:53,101.5965,101.7288,101.5834,101.694,41666
2017-01-30 15:00:30,101.704,101.704,101.62,101.66,30435
2017-01-30 15:03:16,101.6639,101.67,101.606,101.61,30850
2017-01-30 15:03:36,101.61,101.62,101.61,101.6101,32003
2017-01-30 15:29:59,101.6139,101.624,101.5234,101.6,38233
2017-01-31 09:32:17,101.61,101.92,101.61,101.7452,58467
2017-01-31 10:22:42,101.6647,101.82,101.4,101.6077,81891
2017-01-31 11:13:52,101.57,101.6599,101.42,101.539,49827
2017-01-31 12:16:47,101.54,101.5967,101.3668,101.5799,46865
2017-01-31 13:24:26,101.6141,101.6668,101.5134,101.5956,31055
2017-01-31 14:15:30,101.62,101.627,101.4301,101.4567,45750
2017-01-31 15:03:04,101.4569,101.7737,101.4569,101.765,345378
2017-01-31 15:24:45,101.75,101.84,101.7344,101.8331,354577
2017-02-01 09:32:14,101.8265,102.32,101.8,102.2445,51624
2017-02-01 10:39:19,102.2445,102.38,101.8663,101.8663,37756
2017-02-01 11:40:41,101.83,101.889,101.695,101.7226,58431
2017-02-01 12:51:24,101.725,101.7499,101.56,101.7301,47338
2017-02-01 13:55:04,101.74,101.798,101.702,101.72,35774
2017-02-01 14:36:48,101.7163,101.935,101.55,101.68,51883
2017-02-01 15:17:55,101.68,101.7299,101.5216,101.72,55939
2017-02-02 09:34:51,101.704,101.869,101.44,101.55,74525
2017-02-02 10:37:23,101.4862,101.65,101.38,101.5784,62288
2017-02-02 11:37:49,101.5787,101.9099,101.57,101.7601,44874
2017-02-02 12:52:43,101.7631,101.829,101.5105,101.8041,40501
2017-02-02 13:58:56,101.795,101.8467,101.646,101.84,159402
2017-02-02 14:38:50,101.845,101.845,101.5553,101.615,50840
2017-02-02 15:13:56,101.6038,101.666,101.54,101.6649,53116
2017-02-03 09:31:16,101.6443,102.58,101.62,102.52,64977
2017-02-03 10:35:22,102.51,102.6976,102.24,102.5853,43553
2017-02-03 11:24:30,102.6134,102.842,102.6134,102.7,36170
2017-02-03 12:40:29,102.7,102.8132,102.6762,102.7664,42936
2017-02-03 14:33:53,102.7664,102.83,102.72,102.73,52905
2017-02-03 15:08:18,102.7457,102.85,102.74,102.8465,52051
2017-02-03 15:55:44,102.8465,102.8667,102.76,102.84,42352
2017-02-06 10:06:36,102.8367,102.8367,102.53,102.6839,64656
2017-02-06 11:34:08,102.6561,102.8047,102.5734,102.6363,38004
2017-02-06 12:57:26,102.641,102.6799,102.4801,102.4801,42832
2017-02-06 14:10:47,102.4767,102.4767,102.3399,102.416,68469
2017-02-06 14:53:07,102.42,102.44,102.36,102.4,106251
2017-02-06 15:34:26,102.4065,102.4568,102.395,102.446,46637
2017-02-07 09:43:22,102.4333,102.71,102.403,102.6775,57056
2017-02-07 09:45:40,102.675,102.73,102.66,102.725,50856
2017-02-07 09:56:35,102.725,102.74,102.641,102.6501,59899
2017-02-07 11:26:02,102.66,102.6836,102.4477,102.4477,34693
2017-02-07 12:53:59,102.4351,102.509,102.2147,102.25,47401
2017-02-07 13:58:38,102.25,102.3399,102.18,102.306,39648
2017-02-07 14:44:33,102.3009,102.3301,102.2643,102.308,52155
2017-02-07 15:02:30,102.318,102.4,102.3,102.396,28022
2017-02-07 15:35:29,102.396,102.42,102.3,102.3,37026
2017-02-08 09:32:08,102.2899,102.3178,101.95,102.0,135792
2017-02-08 10:06:46,101.99,102.09,101.9176,102.0301,44396
2017-02-08 11:13:07,101.99,102.308,101.949,102.2869,30267
2017-02-08 11:57:13,102.265,102.3461,102.09,102.13,34275
2017-02-08 13:11:24,102.1299,102.2499,102.1147,102.2237,37390
2017-02-08 14:12:13,102.22,102.34,102.22,102.2852,74314
2017-02-08 14:50:24,102.278,102.33,102.25,102.315,271254
2017-02-08 15:29:36,102.325,102.35,102.25,102.34,37760
2017-02-09 09:57:50,102.3444,102.62,102.32,102.608,65129
2017-02-09 10:42:47,102.585,102.9701,102.58,102.9701,53351
2017-02-09 11:32:49,102.98,103.1899,102.98,103.128,38907
2017-02-09 12:30:40,103.13,103.16,103.04,103.04,41063
2017-02-09 13:53:13,103.04,103.11,103.0208,103.1042,47345
2017-02-09 14:40:06,103.1061,103.21,103.106,103.21,49464
2017-02-09 15:24:03,103.2034,103.23,103.13,103.1357,45314
2017-02-10 09:35:19,103.1358,103.33,103.07,103.32,70105
2017-02-10 10:06:06,103.32,103.36,103.24,103.26,60607
2017-02-10 10:56:41,103.24,103.41,103.2098,103.34,31962
2017-02-10 11:50:52,103.35,103.37,103.2666,103.345,43098
2017-02-10 12:34:48,103.3366,103.4999,103.31,103.4761,33001
2017-02-10 13:19:00,103.4601,103.53,103.4358,103.5,34676
2017-02-10 13:46:42,103.485,103.6,103.4637,103.5861,28698
2017-02-10 14:05:25,103.5858,103.6458,103.5064,103.5064,32743
2017-02-10 14:27:38,103.5001,103.6,103.5001,103.5401,40220
2017-02-10 14:53:30,103.555,103.5667,103.47,103.4735,349045
2017-02-10 15:31:15,103.48,103.53,103.46,103.53,48647
2017-02-10 15:59:54,103.53,103.5701,103.4868,103.49,46440
2017-02-13 09:43:24,103.49,103.93,103.4484,103.91,63384
2017-02-13 10:09:14,103.9,103.97,103.8,103.97,30315
2017-02-13 10:26:59,103.97,103.975,103.91,103.92,36981
2017-02-13 10:46:57,103.92,103.98,103.8831,103.9439,39254
2017-02-13 11:08:36,103.95,103.9956,103.9125,103.9235,37551
2017-02-13 11:29:32,103.9216,104.0466,103.91,104.015,26933
2017-02-13 12:21:22,104.02,104.032,103.9457,103.99,29533
2017-02-13 13:04:30,103.9863,104.12,103.985,104.12,37065
2017-02-13 13:28:54,104.1185,104.23,104.0901,104.22,35364
2017-02-13 13:51:50,104.22,104.31,104.2028,104.2069,35567
2017-02-13 14:38:12,104.2093,104.225,104.1237,104.1237,36325
2017-02-13 15:28:17,104.11,104.16,104.0719,104.079,33670
2017-02-13 15:55:34,104.08,104.18,104.07,104.115,34311
2017-02-14 09:35:35,104.11,104.11,104.0,104.09,70299
2017-02-14 10:02:35,104.09,104.15,103.93,104.04,44670
2017-02-14 10:32:22,104.01,104.1399,103.9562,104.02,38491
2017-02-14 11:27:08,104.01,104.1467,103.9251,104.125,35751
2017-02-14 12:49:46,104.125,104.2799,104.059,104.26,30522
2017-02-14 13:17:17,104.26,104.5162,104.26,104.46,41194
2017-02-14 13:57:54,104.46,104.56,104.4366,104.5365,35402
2017-02-14 14:26:23,104.5336,104.6332,104.5036,104.62,43100
2017-02-14 15:00:42,104.63,104.63,104.48,104.53,101114
2017-02-14 15:32:42,104.53,104.561,104.4967,104.5453,55214
2017-02-14 15:56:15,104.5301,104.67,104.52,104.6363,31329
2017-02-15 10:17:29,104.63,104.67,104.5033,104.58,79432
2017-02-15 10:56:12,104.5832,104.89,104.5832,104.88,21844
2017-02-15 11:25:33,104.8727,105.04,104.85,104.99,28173
2017-02-15 12:03:12,104.99,105.025,104.7686,104.91,23826
2017-02-15 13:03:36,104.89,104.97,104.8155,104.9565,34707
2017-02-15 13:53:00,104.98,105.08,104.88,105.08,26523
2017-02-15 14:36:13,105.08,105.15,105.0266,105.1164,42551
2017-02-15 15:06:12,105.11,105.17,105.0833,105.118,45421
2017-02-15 15:19:37,105.1065,105.299,105.1065,105.28,32038
2017-02-15 15:41:00,105.27,105.2875,105.1961,105.22,32300
2017-02-15 16:00:00,105.22,105.2385,105.135,105.17,34462
2017-02-16 10:21:55,105.17,105.2962,105.0,105.04,47274
2017-02-16 11:08:13,105.05,105.2071,104.75,104.76,38880
2017-02-16 12:12:56,104.75,105.0,104.7,104.8867,44241
2017-02-16 13:32:37,104.89,105.06,104.8352,104.8468,33179
2017-02-16 14:20:52,104.8399,104.9166,104.7952,104.8199,37888
2017-02-16 14:54:48,104.8167,104.8499,104.7537,104.84,55694
2017-02-16 15:25:39,104.8432,104.9666,104.8301,104.96,38149
2017-02-16 15:58:33,104.96,105.04,104.92,105.04,72106
2017-02-17 09:48:34,105.04,105.07,104.61,104.76,43696
2017-02-17 10:42:54,104.77,104.82,104.685,104.73,35542
2017-02-17 11:13:38,104.72,104.81,104.712,104.81,54761
2017-02-17 11:50:07,104.7901,104.7901,104.62,104.7251,39882
2017-02-17 13:11:09,104.7351,104.869,104.7351,104.7832,57692
2017-02-17 14:30:26,104.7801,104.9364,104.7444,104.9348,41155
2017-02-17 15:17:56,104.932,105.06,104.932,105.03,51412
2017-02-17 15:50:54,105.03,105.14,105.03,105.1,46344
2017-02-21 09:41:02,105.09,105.68,105.075,105.65,676746
2017-02-21 10:07:28,105.64,105.8,105.628,105.8,29797
2017-02-21 10:22:56,105.8054,105.94,105.8,105.9399,34702
2017-02-21 10:56:28,105.93,105.98,105.8353,105.86,26062
2017-02-21 11:49:20,105.86,105.895,105.591,105.62,41821
2017-02-21 12:50:26,105.62,105.8246,105.62,105.7766,33040
2017-02-21 13:56:38,105.779,105.7863,105.675,105.6839,38525
2017-02-21 14:41:09,105.6935,105.85,105.6935,105.85,42229
2017-02-21 15:13:12,105.85,105.9199,105.8416,105.875,47153
2017-02-21 15:32:06,105.885,106.0,105.885,105.965,42222
2017-02-21 15:51:17,105.961,106.0199,105.94,106.0144,37081
2017-02-21 15:59:03,106.0168,106.0199,105.91,105.91,38701
2017-02-22 10:01:44,105.92,105.952,105.58,105.74,227761
2017-02-22 10:39:50,105.74,105.93,105.64,105.93,41155
2017-02-22 11:36:52,105.93,105.93,105.6835,105.7272,41019
2017-02-22 13:04:32,105.725,105.83,105.6832,105.8181,48244
2017-02-22 14:02:09,105.8163,105.8768,105.8144,105.85,33094
2017-02-22 14:34:32,105.85,105.85,105.61,105.7565,57129
2017-02-22 15:15:47,105.7572,105.8053,105.6901,105.7901,54255
2017-02-22 15:59:04,105.7952,105.8452,105.76,105.76,48030
2017-02-23 09:31:40,105.75,106.17,105.72,106.09,99031
2017-02-23 10:10:57,106.09,106.09,105.87,105.87,36745
2017-02-23 11:12:43,105.87,105.88,105.62,105.63,39628
2017-02-23 12:19:20,105.63,106.02,105.62,106.02,38184
2017-02-23 13:31:06,106.0356,106.0866,105.9,105.91,31458
2017-02-23 14:28:22,105.91,106.0299,105.9,106.01,52726
2017-02-23 15:08:04,106.01,106.08,105.99,106.03,50398
2017-02-23 15:49:24,106.03,106.1,105.9186,105.9199,30210
2017-02-24 09:37:59,105.9157,105.98,105.42,105.53,188803
2017-02-24 10:15:18,105.5341,105.73,105.51,105.57,33607
2017-02-24 11:04:24,105.575,105.7,105.51,105.7,47940
2017-02-24 11:48:49,105.7,105.7399,105.57,105.629,37673
2017-02-24 13:07:21,105.6299,105.7499,105.5965,105.645,33170
2017-02-24 14:08:08,105.632,105.6568,105.5535,105.6272,36698
2017-02-24 14:56:42,105.6272,105.655,105.57,105.5946,47979
2017-02-24 15:41:00,105.6071,105.78,105.555,105.7576,35281
2017-02-27 09:52:12,105.7565,105.96,105.7565,105.9146,44928
2017-02-27 10:47:33,105.92,106.12,105.8601,106.0999,27045
2017-02-27 12:04:28,106.1254,106.1254,105.885,105.9163,44055
2017-02-27 13:32:18,105.9163,106.0831,105.91,106.0666,45813
2017-02-27 14:28:53,106.065,106.15,106.0501,106.1455,52124
2017-02-27 15:06:59,106.15,106.18,106.12,106.1667,32831
2017-02-27 15:27:29,106.165,106.21,106.1431,106.16,40376
2017-02-27 15:59:33,106.16,106.22,106.09,106.1,55472
2017-02-28 10:37:29,106.1043,106.13,105.7993,105.9392,59289
2017-02-28 11:57:23,105.94,105.99,105.8765,105.9061,45341
2017-02-28 13:28:40,105.9001,105.9053,105.58,105.805,51257
2017-02-28 14:37:51,105.809,105.91,105.7115,105.7954,51539
2017-02-28 15:18:23,105.7868,105.895,105.7735,105.8553,53986
2017-02-28 15:54:01,105.86,105.909,105.7,105.8957,33331
2017-03-01 09:35:28,105.89,106.98,105.83,106.97,37771
2017-03-01 09:52:20,106.96,107.04,106.95,107.04,28648
2017-03-01 10:05:54,107.04,107.21,107.03,107.16,24474
2017-03-01 10:34:28,107.1665,107.3,107.14,107.23,35734
2017-03-01 11:05:00,107.22,107.23,107.12,107.19,37325
2017-03-01 11:29:24,107.21,107.37,107.205,107.37,40224
2017-03-01 12:04:05,107.37,107.48,107.3301,107.48,26804
2017-03-01 12:22:21,107.4801,107.64,107.4801,107.57,33385
2017-03-01 12:42:01,107.5652,107.6152,107.52,107.535,37896
2017-03-01 13:29:23,107.539,107.5999,107.495,107.5178,38005
2017-03-01 14:11:36,107.52,107.58,107.4901,107.53,50379
2017-03-01 14:24:51,107.53,107.75,107.52,107.75,49228
2017-03-01 14:43:55,107.75,107.75,107.63,107.64,50477
2017-03-01 15:05:11,107.64,107.7355,107.6335,107.68,43568
2017-03-01 15:30:09,107.68,107.6899,107.59,107.6,37914
2017-03-01 15:56:34,107.59,107.65,107.44,107.47,36383
2017-03-02 09:40:05,107.47,107.5,107.0,107.24,50726
2017-03-02 10:28:01,107.24,107.339,107.1051,107.235,53831
2017-03-02 11:25:12,107.2175,107.238,107.0066,107.07,30172
2017-03-02 12:19:54,107.0657,107.08,106.89,107.0,73078
2017-03-02 13:59:45,106.949,107.079,106.9316,107.03,39817
2017-03-02 14:48:43,107.02,107.1365,106.9254,107.1166,47877
2017-03-02 15:22:01,107.1066,107.1375,106.81,106.8847,45864
2017-03-02 15:43:55,106.9036,106.935,106.75,106.75,35469
2017-03-02 15:58:07,106.74,106.8464,106.71,106.74,22859
2017-03-03 09:53:04,106.74,106.86,106.64,106.72,70735
2017-03-03 10:25:20,106.72,106.7299,106.5653,106.6198,29061
2017-03-03 11:07:10,106.62,106.6682,106.52,106.637,42018
2017-03-03 12:00:35,106.63,106.6411,106.5169,106.58,41895
2017-03-03 12:56:31,106.58,106.6923,106.5535,106.6499,56685
2017-03-03 13:36:27,106.64,106.72,106.53,106.59,34981
2017-03-03 14:29:18,106.59,106.7442,106.59,106.64,36562
2017-03-03 15:20:48,106.62,106.718,106.62,106.6754,43988
2017-03-03 15:50:11,106.7,106.81,106.65,106.6754,36920
2017-03-03 15:59:40,106.68,106.73,106.62,106.71,45567
2017-03-06 09:40:39,106.72,106.72,106.1055,106.1345,128086
2017-03-06 10:35:04,106.115,106.2873,106.05,106.05,38889
2017-03-06 11:37:06,106.05,106.121,105.9665,106.04,36701
2017-03-06 12:23:59,106.04,106.0795,105.999,106.06,44276
2017-03-06 13:08:15,106.09,106.2167,106.09,106.2167,36053
2017-03-06 13:34:48,106.209,106.3268,106.2039,106.32,31149
2017-03-06 14:05:18,106.32,106.32,106.21,106.23,42757
2017-03-06 14:39:11,106.2352,106.27,106.214,106.2469,53279
2017-03-06 15:08:16,106.245,106.28,106.2301,106.28,45388
2017-03-06 15:24:22,106.29,106.3662,106.29,106.35,38985
2017-03-06 15:41:43,106.35,106.4,106.27,106.4,32853
2017-03-06 15:54:33,106.4,106.4173,106.34,106.35,41572
2017-03-07 09:30:01,106.3469,106.35,106.0,106.0,237733
2017-03-07 10:41:55,106.0,106.1089,105.761,106.07,73634
2017-03-07 12:10:36,106.1134,106.1157,105.8099,105.8639,28958
2017-03-07 13:42:59,105.8586,106.01,105.835,105.8866,36900
2017-03-07 14:47:08,105.8801,105.955,105.8442,105.92,37212
2017-03-07 15:33:38,105.915,105.98,105.8599,105.8599,49687
2017-03-07 15:59:31,105.8538,105.87,105.71,105.81,33136
2017-03-08 10:30:46,105.8,106.15,105.76,105.9834,56569
2017-03-08 11:30:50,106.0,106.03,105.7901,105.815,39851
2017-03-08 13:04:15,105.8,105.827,105.669,105.77,39024
2017-03-08 14:21:26,105.7773,105.9,105.6,105.6,39925
2017-03-08 15:12:14,105.5945,105.7499,105.5442,105.71,58973
2017-03-08 15:34:42,105.7034,105.71,105.42,105.48,30770
2017-03-08 15:59:41,105.48,105.4999,105.38,105.46,31814
2017-03-09 10:26:34,105.46,105.78,105.37,105.6769,48800
2017-03-09 11:24:58,105.67,105.67,105.5164,105.5666,39051
2017-03-09 12:31:44,105.5931,105.6899,105.53,105.5353,33216
2017-03-09 13:50:48,105.5299,105.64,105.41,105.44,39692
2017-03-09 14:04:35,105.47,105.47,105.29,105.29,30947
2017-03-09 14:24:52,105.29,105.3199,105.08,105.22,32496
2017-03-09 14:56:49,105.24,105.3065,105.165,105.26,45588
2017-03-09 15:22:43,105.2536,105.4833,105.2536,105.4371,44916
2017-03-09 15:59:50,105.43,105.6143,105.42,105.57,49238
2017-03-10 09:55:49,105.57,106.14,105.57,105.9999,75356
2017-03-10 11:21:41,105.9967,106.069,105.62,105.697,38886
2017-03-10 12:55:12,105.6965,105.8099,105.54,105.56,38667
2017-03-10 13:56:01,105.529,105.6393,105.41,105.6272,34701
2017-03-10 15:01:53,105.6218,105.7846,105.592,105.7846,54666
2017-03-13 09:32:27,105.7665,105.98,105.7354,105.98,38482
2017-03-13 11:16:49,105.98,105.98,105.711,105.7134,57273
2017-03-13 12:31:39,105.7067,105.835,105.6443,105.7299,32256
2017-03-13 14:03:32,105.713,105.8,105.6869,105.7268,43227
2017-03-13 14:35:19,105.7265,105.78,105.6899,105.7754,63749
2017-03-13 15:27:11,105.776,105.8166,105.7267,105.746,51228
2017-03-13 15:59:29,105.759,105.87,105.74,105.87,31068
2017-03-14 10:21:11,105.87,105.88,105.11,105.14,45275
2017-03-14 11:25:41,105.1368,105.3754,105.065,105.34,62926
2017-03-14 12:50:18,105.33,105.439,105.17,105.2364,36156
2017-03-14 14:17:25,105.1866,105.37,105.1866,105.33,29642
2017-03-14 15:06:42,105.31,105.425,105.2593,105.4166,46323
2017-03-15 09:36:21,105.4046,105.73,105.391,105.65,53877
2017-03-15 10:34:59,105.65,105.87,105.63,105.83,87342
2017-03-15 12:04:00,105.86,105.88,105.75,105.8655,56196
2017-03-15 13:44:26,105.8636,106.0267,105.8634,105.9001,60763
2017-03-15 14:05:42,105.8954,106.1452,105.84,106.11,47655
2017-03-15 14:07:10,106.11,106.21,106.1,106.14,46080
2017-03-15 14:42:45,106.121,106.2054,106.01,106.1438,50422
2017-03-15 15:28:09,106.1463,106.3353,106.1,106.2531,49221
2017-03-15 15:51:01,106.2731,106.5,106.2731,106.31,24815
2017-03-16 09:47:23,106.3066,106.45,106.21,106.37,71606
2017-03-16 11:03:09,106.39,106.4601,106.04,106.04,39906
2017-03-16 12:13:44,106.04,106.15,105.9925,106.0892,48854
2017-03-16 13:42:18,106.072,106.24,106.0637,106.1223,37889
2017-03-16 14:39:15,106.1299,106.26,106.1299,106.205,34859
2017-03-16 15:51:18,106.1853,106.1853,105.9566,106.065,44929
2017-03-17 10:08:30,106.05,106.24,105.96,105.9899,45445
2017-03-17 11:33:10,105.9869,106.04,105.8199,105.8463,61111
2017-03-17 13:07:30,105.8263,105.9531,105.77,105.9152,82380
2017-03-17 14:17:23,105.9145,106.1172,105.9,106.0761,40991
2017-03-17 15:28:51,106.0848,106.115,105.8853,105.8853,35285
2017-03-20 09:40:42,105.8873,105.9166,105.41,105.4301,65279
2017-03-20 10:47:35,105.421,105.65,105.375,105.62,86973
2017-03-20 11:34:24,105.6165,105.6701,105.5166,105.5278,34209
2017-03-20 12:37:25,105.525,105.61,105.4957,105.515,29496
2017-03-20 13:24:51,105.519,105.61,105.4701,105.5039,35669
2017-03-20 14:12:58,105.4935,105.5331,105.2865,105.41,34087
2017-03-20 14:51:12,105.4,105.447,105.2401,105.2499,30319
2017-03-20 15:31:19,105.2433,105.53,105.2433,105.53,36821
2017-03-21 09:46:34,105.5335,105.71,105.34,105.5363,67114
2017-03-21 10:25:34,105.525,105.528,105.07,105.0711,53133
2017-03-21 10:49:06,105.07,105.07,104.85,104.87,46730
2017-03-21 11:03:49,104.87,104.87,104.46,104.54,41070
2017-03-21 11:17:35,104.52,104.59,104.2801,104.31,34652
2017-03-21 11:33:12,104.31,104.35,104.1653,104.2,36218
2017-03-21 11:57:48,104.2,104.36,104.04,104.34,39621
2017-03-21 12:12:37,104.32,104.548,104.32,104.4247,38312
2017-03-21 12:27:41,104.46,104.46,104.28,104.28,92031
2017-03-21 12:54:09,104.3,104.42,104.11,104.21,64386
2017-03-21 13:24:10,104.21,104.28,103.97,103.97,51832
2017-03-21 13:52:38,103.9645,104.19,103.96,103.99,53494
2017-03-21 14:20:31,103.9963,104.2,103.88,104.1725,52235
2017-03-21 14:47:55,104.17,104.2625,104.0,104.0663,62557
2017-03-21 15:10:52,104.0543,104.2255,103.97,104.2,209575
2017-03-21 15:38:27,104.2024,104.2192,104.03,104.03,60652
2017-03-21 15:51:54,104.04,104.06,103.79,103.79,52023
2017-03-21 15:58:49,103.79,103.91,103.78,103.84,53790
2017-03-22 09:35:50,103.82,103.91,103.52,103.71,65396
2017-03-22 10:01:40,103.7,103.7763,103.501,103.53,30297
2017-03-22 10:45:00,103.6451,103.8871,103.49,103.741,29558
2017-03-22 11:57:30,103.735,104.0766,103.735,103.9467,29231
2017-03-22 13:04:34,103.94,103.986,103.53,103.61,34560
2017-03-22 13:46:37,103.61,103.88,103.5853,103.77,42398
2017-03-22 14:16:17,103.77,103.81,103.6501,103.746,412621
2017-03-22 15:01:21,103.71,103.91,103.7,103.88,51462
2017-03-22 15:58:54,103.9,104.1,103.8699,103.96,27411
2017-03-23 09:41:18,103.97,104.08,103.73,103.97,85281
2017-03-23 10:54:54,103.961,104.3863,103.95,104.3863,32757
2017-03-23 12:09:22,104.43,104.61,104.3531,104.4399,33223
2017-03-23 13:12:23,104.4266,104.5766,104.21,104.25,183617
2017-03-23 13:52:17,104.23,104.34,104.11,104.3034,33671
2017-03-23 14:39:22,104.33,104.3434,104.205,104.27,65102
2017-03-23 15:34:40,104.25,104.3768,103.73,103.77,32428
2017-03-23 15:59:30,103.765,104.0,103.74,103.94,37319
2017-03-24 10:01:13,103.92,103.94,103.5,103.59,103569
2017-03-24 11:45:04,103.57,103.8065,103.56,103.66,32561
2017-03-24 12:30:00,103.6633,103.7299,103.4155,103.59,37890
2017-03-24 13:20:07,103.5543,103.625,103.35,103.42,30610
2017-03-24 14:38:00,103.42,103.53,103.27,103.34,35334
2017-03-24 15:01:57,103.3065,103.3199,103.026,103.026,45967
2017-03-24 15:36:35,103.02,103.1,102.855,103.09,35299
2017-03-24 15:46:50,103.0652,103.5,103.0652,103.2,37152
2017-03-27 09:31:55,103.2,103.43,102.11,102.17,49494
2017-03-27 10:20:14,102.25,102.6146,102.1401,102.46,65111
2017-03-27 11:32:27,102.4435,102.92,102.425,102.92,37470
2017-03-27 13:04:33,102.91,103.08,102.795,103.07,210772
2017-03-27 14:06:48,103.08,103.1,102.84,102.94,44663
2017-03-27 14:48:17,102.9401,102.9501,102.7347,102.89,49152
2017-03-27 15:33:18,102.9284,103.09,102.8801,103.0544,46348
2017-03-28 09:59:18,103.0748,103.185,102.94,103.02,68873
2017-03-28 11:29:05,103.02,103.7,103.02,103.66,48540
2017-03-28 12:31:19,103.66,103.8399,103.605,103.7252,48494
2017-03-28 13:47:21,103.725,103.896,103.65,103.89,79333
2017-03-28 14:37:06,103.89,104.12,103.88,104.02,41883
2017-03-28 15:36:59,104.0199,104.1461,103.955,103.9734,52400
2017-03-29 09:40:58,103.9899,104.0633,103.71,103.81,49929
2017-03-29 10:21:20,103.83,103.89,103.65,103.85,68187
2017-03-29 11:40:03,103.85,104.1199,103.8074,103.845,37071
2017-03-29 13:06:45,103.837,104.0,103.837,103.92,28611
2017-03-29 14:25:00,103.9034,104.02,103.9034,104.0,50137
2017-03-29 14:49:24,103.9924,104.02,103.9637,103.9934,46290
2017-03-29 15:57:46,103.99,104.07,103.9089,103.9089,38031
2017-03-30 10:22:14,103.9033,104.2702,103.86,104.2051,49440
2017-03-30 11:19:53,104.19,104.4982,104.1749,104.475,60022
2017-03-30 12:34:08,104.475,104.505,104.295,104.35,44714
2017-03-30 14:26:12,104.3349,104.5012,104.1844,104.4939,34268
2017-03-30 14:56:39,104.5,104.55,104.4066,104.4066,43025
2017-03-31 09:40:24,104.4232,104.5152,104.16,104.28,43488
2017-03-31 11:13:42,104.2422,104.3801,104.1999,104.2262,55282
2017-03-31 12:21:12,104.2262,104.37,104.2262,104.35,47668
2017-03-31 13:50:52,104.347,104.42,104.24,104.32,51170
2017-03-31 15:00:40,104.3199,104.33,104.1264,104.1682,55264
2017-03-31 15:43:41,104.1942,104.3777,104.1942,104.3199,66958
2017-04-03 09:32:17,104.32,104.32,104.0,104.04,91959
2017-04-03 10:21:00,104.04,104.1,103.64,103.7074,74425
2017-04-03 11:17:38,103.7799,103.8399,103.2101,103.38,48552
2017-04-03 12:19:41,103.36,103.3889,103.0907,103.2762,34168
2017-04-03 13:50:48,103.2329,103.54,103.2329,103.3999,34213
2017-04-03 14:55:22,103.4022,103.67,103.3257,103.626,51319
2017-04-03 15:43:39,103.626,103.77,103.6001,103.735,49596
2017-04-04 10:00:50,103.7359,103.82,103.4515,103.6365,133121
2017-04-04 11:31:25,103.61,103.7839,103.37,103.705,48750
2017-04-04 12:46:34,103.6883,103.8554,103.6883,103.7272,28554
2017-04-04 14:20:15,103.71,103.8461,103.5956,103.825,40398
2017-04-04 15:22:23,103.8099,103.87,103.69,103.705,43536
2017-04-04 15:59:58,103.6913,103.87,103.6913,103.87,62204
2017-04-05 10:00:00,103.87,104.6,103.86,104.55,61949
2017-04-05 10:30:38,104.52,104.8167,104.5,104.67,35567
2017-04-05 11:28:58,104.66,104.66,104.2366,104.24,52887
2017-04-05 12:13:19,104.24,104.47,104.174,104.3976,55690
2017-04-05 13:41:20,104.405,104.6266,104.39,104.5437,53153
2017-04-05 14:22:28,104.54,104.58,104.4147,104.45,45095
2017-04-05 15:21:22,104.3744,104.4599,103.8,103.8,142326
2017-04-05 15:32:56,103.7766,103.79,103.52,103.52,40880
2017-04-05 15:59:27,103.54,103.6455,103.408,103.45,39931
2017-04-06 09:55:18,103.46,103.64,103.3,103.64,88959
2017-04-06 10:37:15,103.619,103.8799,103.615,103.8799,169011
2017-04-06 11:18:39,103.855,103.855,103.63,103.83,44419
2017-04-06 13:23:40,103.8465,104.0647,103.757,104.057,51429
2017-04-06 14:29:56,104.06,104.1455,103.86,103.8735,67673
2017-04-06 15:32:42,103.88,103.9332,103.627,103.71,35994
2017-04-07 09:34:24,103.72,103.89,103.57,103.57,235043
2017-04-07 10:07:10,103.57,103.91,103.4645,103.65,38565
2017-04-07 12:29:50,103.621,103.8499,103.5699,103.7968,37643
2017-04-07 14:07:23,103.815,104.08,103.75,104.04,48005
2017-04-07 15:17:38,104.0264,104.0351,103.79,103.8113,43287
2017-04-07 15:59:58,103.81,103.87,103.65,103.68,43041
2017-04-10 10:38:34,103.66,104.2,103.65,104.1735,79448
2017-04-10 12:11:42,104.16,104.16,103.57,103.57,34433
2017-04-10 13:33:03,103.58,103.9648,103.5157,103.9499,39872
2017-04-10 15:01:25,103.9599,104.055,103.8331,104.0465,52002
2017-04-10 15:43:28,104.0452,104.0665,103.8,103.86,48383
2017-04-11 10:08:14,103.86,103.86,103.25,103.4453,61168
2017-04-11 10:52:32,103.46,103.46,103.0,103.015,116813
2017-04-11 11:30:20,103.01,103.1943,102.95,103.0599,40244
2017-04-11 12:29:14,103.12,103.43,103.1011,103.42,32277
2017-04-11 13:09:17,103.43,103.605,103.35,103.559,171658
2017-04-11 13:59:20,103.5501,103.5601,103.3657,103.4432,36002
2017-04-11 14:36:49,103.4501,103.518,103.311,103.4816,73588
2017-04-11 15:08:53,103.4853,103.6401,103.4467,103.451,41625
2017-04-11 15:33:43,103.45,103.52,103.36,103.52,70581
2017-04-11 15:56:02,103.52,103.59,103.451,103.59,442548
2017-04-12 10:11:20,103.5854,103.71,103.36,103.4899,847684
2017-04-12 11:25:44,103.46,103.65,103.28,103.3369,53323
2017-04-12 12:38:14,103.3334,103.3334,103.1034,103.2413,54510
2017-04-12 13:57:28,103.2265,103.4637,103.1665,103.3929,47849
2017-04-12 14:44:30,103.3929,103.53,103.2714,103.2835,53175
2017-04-12 15:21:47,103.28,103.3879,103.2083,103.38,69781
2017-04-13 09:39:30,103.38,103.38,102.89,103.115,56962
2017-04-13 10:47:36,103.1175,103.355,103.1,103.2744,60818
2017-04-13 12:00:07,103.245,103.3,103.1664,103.23,40545
2017-04-13 13:17:35,103.2053,103.209,102.67,102.7463,48854
2017-04-13 14:24:56,102.7432,102.86,102.645,102.8242,733523
2017-04-13 15:18:10,102.8171,102.91,102.58,102.6139,55321
2017-04-13 15:52:13,102.626,102.6799,102.41,102.56,33279
2017-04-17 10:13:18,102.56,103.0,102.38,102.675,76369
2017-04-17 11:22:08,102.6715,102.84,102.6468,102.81,54658
2017-04-17 12:58:40,102.84,102.9335,102.7734,102.87,39905
2017-04-17 14:33:25,102.87,102.95,102.84,102.9454,67329
2017-04-17 15:28:40,102.9434,103.2,102.9024,103.2,151297
2017-04-18 09:38:03,103.2,103.26,102.7401,102.87,54949
2017-04-18 10:36:53,102.9205,103.1069,102.7966,102.888,37201
2017-04-18 11:56:31,102.9232,102.96,102.6,102.62,48265
2017-04-18 13:12:36,102.581,102.6792,102.45,102.6792,34836
2017-04-18 14:17:15,102.6762,102.9516,102.6762,102.9482,33281
2017-04-18 15:13:51,102.9481,102.9866,102.8199,102.8464,54750
2017-04-19 09:33:03,102.8599,103.28,102.84,103.23,58323
2017-04-19 10:34:58,103.21,103.29,103.0798,103.1514,28517
2017-04-19 12:23:53,103.14,103.16,102.82,102.921,58860
2017-04-19 14:04:32,102.9117,102.9399,102.7432,102.78,47380
2017-04-19 15:13:37,102.7835,102.7835,102.5,102.5901,40278
2017-04-19 15:58:33,102.6012,102.62,102.3737,102.5,30540
2017-04-20 10:29:23,102.5,102.9304,102.491,102.845,49276
2017-04-20 10:53:36,102.84,102.9262,102.7935,102.9262,30183
2017-04-20 11:49:04,102.9262,103.12,102.8267,103.12,44462
2017-04-20 13:21:24,103.12,103.3899,103.12,103.2565,46962
2017-04-20 14:19:54,103.2555,103.5899,103.2548,103.4534,51991
2017-04-20 15:28:31,103.4547,103.5334,103.33,103.4019,34775
2017-04-21 10:18:45,103.4047,103.505,103.1059,103.1865,51521
2017-04-21 11:41:05,103.19,103.235,102.9,103.0263,38717
2017-04-21 13:10:25,103.0348,103.105,102.79,102.815,30887
2017-04-21 14:32:01,102.75,103.0864,102.69,103.0653,62336
2017-04-21 15:28:19,103.0838,103.12,102.8253,102.925,33883
2017-04-24 09:51:42,102.9299,104.01,102.81,103.911,61936
2017-04-24 11:11:57,103.9452,104.1,103.865,103.9765,101599
2017-04-24 12:52:57,103.9885,103.9885,103.755,103.93,60669
2017-04-24 14:05:33,103.945,104.0472,103.87,104.01,42648
2017-04-24 14:55:37,104.01,104.1465,103.985,104.0257,48925
2017-04-24 15:54:21,104.0099,104.145,103.972,104.0,82568
2017-04-25 09:52:09,103.9875,104.6566,103.91,104.591,56682
2017-04-25 10:50:01,104.5872,104.76,104.57,104.5962,27878
2017-04-25 12:07:12,104.5799,104.6633,104.53,104.65,48809
2017-04-25 13:38:24,104.6456,104.6456,104.4763,104.5966,74578
2017-04-25 14:47:11,104.59,104.7233,104.5662,104.7134,57375
2017-04-25 15:40:51,104.7,104.75,104.6356,104.6752,49182
2017-04-26 09:53:16,104.6744,104.73,104.5612,104.73,66183
2017-04-26 11:02:46,104.73,104.94,104.71,104.8993,29408
2017-04-26 11:56:16,104.9099,105.18,104.76,104.8399,28322
2017-04-26 13:41:43,104.85,105.1199,104.83,104.9799,53143
2017-04-26 14:46:43,105.059,105.13,104.83,105.0,25510
2017-04-26 15:42:42,104.9965,105.01,104.71,104.7473,47934
2017-04-27 10:40:53,104.75,104.7566,104.3062,104.345,49672
2017-04-27 12:12:29,104.3401,104.3544,104.0815,104.2108,40951
2017-04-27 13:23:26,104.1966,104.57,104.1501,104.4637,34686
2017-04-27 14:54:35,104.4636,104.5231,104.411,104.485,42089
2017-04-27 15:58:04,104.49,104.495,104.3354,104.36,69303
2017-04-28 10:22:56,104.3863,104.53,104.08,104.1,48242
2017-04-28 12:07:08,104.11,104.21,103.991,104.08,43706
2017-04-28 14:02:42,104.085,104.085,103.9235,104.0112,38122
2017-04-28 15:29:51,104.0252,104.04,103.9365,103.9749,52336
2017-05-01 10:00:43,103.9799,104.17,103.89,103.93,59050
2017-05-01 11:35:16,103.9332,104.115,103.83,104.02,42103
2017-05-01 12:56:44,104.01,104.14,103.81,103.9654,36553
2017-05-01 14:43:40,103.9664,104.2439,103.905,104.115,68385
2017-05-01 15:42:16,104.12,104.152,104.0534,104.11,159624
2017-05-02 09:46:28,104.11,104.12,103.81,103.81,72391
2017-05-02 10:49:01,103.83,103.8327,103.6949,103.7,56060
2017-05-02 12:04:45,103.7,103.7765,103.6449,103.7701,40960
2017-05-02 13:32:44,103.7735,103.8866,103.7601,103.8565,35060
2017-05-02 14:56:07,103.8569,103.86,103.6653,103.67,43415
2017-05-02 15:54:07,103.69,103.81,103.685,103.7863,35864
2017-05-03 10:40:00,103.7838,103.9167,103.64,103.8264,49599
2017-05-03 11:54:44,103.8299,103.8899,103.6001,103.8758,48826
2017-05-03 13:52:53,103.8859,103.9299,103.7436,103.7993,35557
2017-05-03 14:26:03,103.79,104.01,103.77,103.8733,36146
2017-05-03 15:54:47,103.8742,104.0501,103.8234,104.0501,34274
2017-05-04 10:57:54,104.03,104.3,103.9301,103.9601,59703
2017-05-04 12:15:55,104.0031,104.097,103.696,103.696,84443
2017-05-04 14:16:51,103.7069,103.96,103.62,103.932,30676
2017-05-04 15:33:13,103.89,104.0047,103.765,103.931,48874
2017-05-05 09:55:46,103.9671,104.27,103.8954,104.0166,56481
2017-05-05 11:15:52,104.0535,104.1657,104.0166,104.1262,33056
2017-05-05 13:05:27,104.1248,104.1731,104.0,104.0624,43985
2017-05-05 14:45:33,104.0629,104.1999,104.0029,104.1999,57493
2017-05-05 15:47:19,104.1976,104.35,104.1976,104.344,47628
2017-05-08 10:22:13,104.3332,104.49,104.28,104.3299,45919
2017-05-08 11:51:51,104.3,104.37,104.1652,104.2433,35667
2017-05-08 14:05:55,104.235,104.3388,104.191,104.338,39353
2017-05-08 15:29:07,104.3269,104.3269,104.2411,104.275,49663
2017-05-09 09:54:32,104.2749,104.46,104.19,104.3528,45242
2017-05-09 11:30:26,104.3687,104.459,104.22,104.2543,36101
2017-05-09 12:55:08,104.2568,104.3799,104.16,104.16,66989
2017-05-09 14:08:23,104.1442,104.21,104.0637,104.1333,66863
2017-05-09 15:16:04,104.1254,104.18,104.0846,104.16,37919
2017-05-10 09:33:10,104.1569,104.1569,103.82,103.96,48781
2017-05-10 11:04:01,103.94,104.091,103.92,104.06,62839
2017-05-10 12:04:23,104.07,104.2013,104.07,104.1566,75353
2017-05-10 13:47:44,104.1599,104.2199,104.1142,104.1363,58541
2017-05-10 15:03:39,104.1336,104.1966,104.08,104.1836,45993
2017-05-11 09:40:36,104.188,104.21,103.946,103.946,50186
2017-05-11 10:35:47,103.93,103.9364,103.44,103.5339,30831
2017-05-11 11:29:36,103.505,103.79,103.494,103.7456,57135
2017-05-11 13:31:37,103.7139,103.915,103.692,103.8301,42079
2017-05-11 14:58:23,103.8347,104.0272,103.8236,103.915,44247
2017-05-11 15:59:54,103.9134,103.9763,103.89,103.935,37064
2017-05-12 11:11:24,103.94,103.95,103.412,103.5099,96159
2017-05-12 13:09:09,103.5026,103.61,103.4343,103.4436,34900
2017-05-12 14:38:36,103.4302,103.5239,103.4047,103.5133,40187
2017-05-12 15:49:59,103.5153,103.568,103.439,103.49,45228
2017-05-15 10:52:23,103.525,104.255,103.4949,104.22,67608
2017-05-15 13:19:59,104.248,104.31,104.1699,104.2165,39199
2017-05-15 14:57:48,104.2136,104.28,104.038,104.038,42365
2017-05-16 09:37:36,104.0365,104.34,104.035,104.21,64417
2017-05-16 10:42:28,104.2263,104.2349,103.87,103.87,433186
2017-05-16 11:45:30,103.87,104.0165,103.8344,103.975,79971
2017-05-16 12:07:21,103.955,104.0799,103.945,104.0,202075
2017-05-16 12:45:08,104.0136,104.068,103.9865,103.99,78980
2017-05-16 14:12:50,103.9953,104.0267,103.9031,103.92,56963
2017-05-16 15:21:52,103.9258,103.94,103.85,103.935,50018
2017-05-17 09:38:00,103.939,103.9954,103.0,103.15,64581
2017-05-17 09:58:16,103.15,103.19,102.79,102.79,35598
2017-05-17 10:41:18,102.77,102.87,102.7101,102.795,38412
2017-05-17 11:26:12,102.8547,102.8999,102.5766,102.8363,40565
2017-05-17 12:46:29,102.85,102.9373,102.681,102.739,51987
2017-05-17 13:51:49,102.7553,102.8366,102.48,102.5801,174930
2017-05-17 14:03:05,102.5801,102.5801,102.4801,102.541,18365
2017-05-17 14:24:43,102.5401,102.598,102.29,102.3292,76991
2017-05-17 14:48:36,102.33,102.3901,102.15,102.16,107698
2017-05-17 15:30:04,102.179,102.535,102.169,102.4,45898
2017-05-17 15:57:36,102.4134,102.51,102.1399,102.1499,39643
2017-05-18 09:43:05,102.1435,102.2,101.81,101.94,58992
2017-05-18 10:43:46,101.945,102.4,101.7824,102.25,70301
2017-05-18 12:00:03,102.26,102.3399,102.05,102.06,49328
2017-05-18 13:18:53,102.06,102.21,101.9775,102.09,40115
2017-05-18 14:22:08,102.1,102.58,101.98,102.58,37561
2017-05-18 15:15:28,102.58,102.6999,102.43,102.4999,47952
2017-05-18 16:00:00,102.4999,102.5,102.22,102.22,58809
2017-05-19 10:52:21,102.22,103.069,102.22,103.0531,53733
2017-05-19 12:42:44,103.0599,103.27,103.0063,103.22,41725
2017-05-19 14:06:44,103.22,103.3157,103.1686,103.2414,462997
2017-05-19 14:06:57,103.245,103.2468,103.221,103.2215,36237
2017-05-19 14:51:20,103.221,103.385,103.2201,103.355,442983
2017-05-19 15:47:40,103.3354,103.3354,102.9154,102.951,42907
2017-05-22 10:06:36,102.9768,103.446,102.96,103.446,59364
2017-05-22 11:52:18,103.4449,103.4449,103.1094,103.235,45158
2017-05-22 13:45:40,103.2342,103.5139,103.2342,103.39,36530
2017-05-22 15:16:00,103.3935,103.43,103.3557,103.41,29666
2017-05-23 09:51:06,103.4133,103.62,103.37,103.5007,75352
2017-05-23 11:16:16,103.4999,103.68,103.45,103.68,50099
2017-05-23 12:51:26,103.6672,103.844,103.6432,103.72,46676
2017-05-23 14:33:04,103.7166,103.849,103.7,103.7691,40965
2017-05-23 15:44:59,103.765,103.89,103.739,103.75,48403
2017-05-24 10:20:58,103.75,103.9,103.72,103.736,74511
2017-05-24 12:00:38,103.7346,103.85,103.69,103.6932,35030
2017-05-24 13:33:32,103.7,103.748,103.6436,103.65,43887
2017-05-24 14:46:51,103.65,103.81,103.57,103.7401,31545
2017-05-24 15:58:56,103.74,103.88,103.62,103.86,40671
2017-05-25 10:43:27,103.8699,104.26,103.82,104.22,51744
2017-05-25 12:21:57,104.2199,104.25,103.8534,103.97,35511
2017-05-25 14:00:26,103.97,104.09,103.9,104.0066,143033
2017-05-25 15:11:10,104.0099,104.0348,103.93,103.9832,43856
2017-05-26 10:25:17,103.9952,104.06,103.87,103.96,68164
2017-05-26 12:55:14,103.96,104.05,103.8947,104.0447,32912
2017-05-26 15:00:02,104.0447,104.0599,103.9834,104.006,38722
2017-05-30 09:37:23,104.03,104.05,103.677,103.79,55869
2017-05-30 11:10:50,103.76,103.8661,103.6201,103.8269,48233
2017-05-30 13:05:29,103.82,103.9153,103.7568,103.8699,222348
2017-05-30 15:05:07,103.8765,103.8867,103.788,103.875,38601
2017-05-30 15:59:47,103.8759,103.8759,103.75,103.78,38848
2017-05-31 11:11:39,103.78,103.88,103.27,103.5,74270
2017-05-31 13:17:11,103.4655,103.5065,103.28,103.4799,30834
2017-05-31 14:45:43,103.38,103.52,103.3,103.48,52128
2017-05-31 15:29:25,103.48,103.5492,103.39,103.54,51732
2017-05-31 18:30:00,103.54,103.63,103.525,103.59,64729
2017-06-01 10:52:32,103.78,104.03,103.63,103.8531,47136
2017-06-01 12:03:26,103.8301,104.1775,103.8301,104.1775,72380
2017-06-01 13:52:04,104.1775,104.4599,104.14,104.43,340644
2017-06-01 14:47:07,104.43,104.5056,104.391,104.4552,143237
2017-06-01 15:30:38,104.4666,104.4843,104.35,104.4006,49675
2017-06-02 09:34:58,104.39,104.63,104.39,104.56,58430
2017-06-02 10:51:55,104.55,104.6,104.3,104.5182,86369
2017-06-02 12:40:24,104.5359,104.68,104.4335,104.597,39029
2017-06-02 14:37:29,104.5953,104.7,104.5534,104.59,43110
2017-06-02 15:58:08,104.5983,104.6549,104.46,104.46,58307
2017-06-05 11:06:40,104.46,104.6152,104.383,104.4906,53849
2017-06-05 12:55:26,104.5069,104.6,104.4133,104.555,31535
2017-06-05 14:57:41,104.5701,104.6373,104.5053,104.5252,37125
2017-06-05 15:59:53,104.5292,104.5569,104.42,104.44,42461
2017-06-06 11:00:23,104.45,104.45,103.9506,104.1129,69686
2017-06-06 13:00:31,104.09,104.2754,104.031,104.199,32027
2017-06-06 14:43:23,104.2,104.3599,104.1032,104.3428,50199
2017-06-06 15:53:40,104.358,104.3792,104.13,104.13,47597
2017-06-07 10:12:09,104.1243,104.419,104.1243,104.3599,52145
2017-06-07 12:03:29,104.3647,104.376,104.1,104.1661,34077
2017-06-07 13:52:21,104.175,104.24,103.999,104.15,31729
2017-06-07 15:19:43,104.2,104.3799,104.2,104.2801,41128
2017-06-08 10:18:33,104.2865,104.61,104.25,104.609,37749
2017-06-08 11:11:31,104.635,104.635,104.36,104.575,36556
2017-06-08 12:25:56,104.572,104.8499,104.5301,104.81,33426
2017-06-08 13:34:14,104.82,104.85,104.66,104.6866,36268
2017-06-08 15:04:31,104.684,104.7865,104.4,104.4859,39877
2017-06-09 09:32:13,104.4714,104.84,104.4552,104.81,90001
2017-06-09 09:39:42,104.8531,104.903,104.82,104.86,46454
2017-06-09 09:47:25,104.86,104.911,104.84,104.9,41878
2017-06-09 10:12:54,104.9,105.15,104.9,105.11,30507
2017-06-09 10:42:23,105.11,105.3,105.07,105.2162,47521
2017-06-09 11:25:58,105.22,105.377,105.22,105.33,44475
2017-06-09 12:19:42,105.34,105.48,105.32,105.45,49618
2017-06-09 13:07:47,105.45,105.467,105.28,105.46,32069
2017-06-09 14:14:46,105.43,105.4851,105.29,105.3963,37173
2017-06-09 14:50:10,105.4154,105.46,105.09,105.21,33533
2017-06-09 15:30:55,105.21,105.4368,105.02,105.37,24895
2017-06-09 15:58:39,105.37,105.59,105.27,105.55,37515
2017-06-12 09:33:03,105.551,106.04,105.52,106.04,64095
2017-06-12 09:42:52,106.04,106.13,105.85,105.94,117701
2017-06-12 10:04:00,105.95,106.1,105.76,105.78,36102
2017-06-12 10:38:31,105.84,106.01,105.7799,105.79,44516
2017-06-12 12:30:50,105.8,105.9492,105.5131,105.615,57715
2017-06-12 14:24:26,105.611,105.65,105.5,105.5786,36308
2017-06-12 15:37:24,105.5735,105.7263,105.5263,105.711,55351
2017-06-13 09:58:58,105.7067,106.04,105.6533,105.9125,60915
2017-06-13 10:56:31,105.9025,105.9699,105.8294,105.9699,33881
2017-06-13 12:41:54,105.9967,106.0799,105.88,106.0064,31453
2017-06-13 14:16:11,106.0301,106.152,105.988,106.11,83607
2017-06-13 15:36:34,106.1165,106.1499,106.04,106.13,46471
2017-06-14 10:00:39,106.1247,106.17,105.87,105.9366,53665
2017-06-14 11:34:36,105.9199,105.9599,105.6504,105.6965,37413
2017-06-14 13:41:20,105.6965,105.81,105.595,105.7134,33721
2017-06-14 14:43:08,105.7067,105.9401,105.68,105.75,24496
2017-06-14 15:32:11,105.7668,105.95,105.67,105.8766,40983
2017-06-15 10:04:11,105.88,106.09,105.4076,105.77,44981
2017-06-15 11:39:51,105.75,105.83,105.459,105.7847,39522
2017-06-15 13:40:58,105.803,105.8138,105.62,105.751,29973
2017-06-15 15:02:06,105.75,105.79,105.68,105.7754,46644
2017-06-16 09:33:37,105.77,105.89,105.64,105.64,55001
2017-06-16 10:13:23,105.66,105.66,105.28,105.3393,22472
2017-06-16 12:32:01,105.3317,105.6486,105.3058,105.6111,33825
2017-06-16 14:57:34,105.6265,105.6265,105.4585,105.5635,51926
2017-06-19 09:31:24,105.59,106.1,105.49,106.084,51574
2017-06-19 11:03:55,106.03,106.37,105.96,106.2261,49331
2017-06-19 12:58:39,106.2201,106.37,106.1565,106.3548,71403
2017-06-19 14:50:22,106.365,106.4068,106.1915,106.2165,37759
2017-06-19 15:57:28,106.1966,106.36,106.1901,106.31,46349
2017-06-20 10:30:12,106.31,106.34,105.8427,105.8765,111715
2017-06-20 12:49:14,105.8766,105.97,105.78,105.7933,37588
2017-06-20 14:47:00,105.7861,105.9466,105.78,105.8109,38911
2017-06-21 09:39:12,105.8199,105.8764,105.51,105.549,48903
2017-06-21 11:42:51,105.5355,105.67,105.2457,105.3474,33508
2017-06-21 13:19:02,105.3474,105.4401,105.09,105.1367,31264
2017-06-21 14:42:13,105.1546,105.1926,104.9561,105.1771,34499
2017-06-21 15:40:54,105.18,105.2164,105.0529,105.0529,43742
2017-06-22 09:50:38,105.0572,105.19,104.99,105.1058,68793
2017-06-22 10:53:57,105.1444,105.2663,105.0045,105.2465,70938
2017-06-22 12:38:02,105.2586,105.38,105.2031,105.2371,48372
2017-06-22 14:12:02,105.229,105.2692,105.19,105.2046,31519
2017-06-22 15:34:19,105.2133,105.31,105.175,105.175,37993
2017-06-23 10:01:14,105.17,105.171,104.9261,105.0501,44569
2017-06-23 11:45:09,105.0331,105.239,104.9957,105.1399,48732
2017-06-23 14:26:40,105.1395,105.179,105.0267,105.03,182493
2017-06-23 15:49:33,105.0274,105.0401,104.801,104.948,36722
2017-06-26 10:34:47,104.94,105.6185,104.93,105.5165,69979
2017-06-26 13:18:30,105.4401,105.5061,105.1969,105.4001,35472
2017-06-26 15:22:58,105.401,105.5399,105.37,105.48,49074
2017-06-27 09:33:04,105.4671,105.4746,104.72,104.77,56927
2017-06-27 11:21:48,104.755,104.9963,104.5961,104.98,25916
2017-06-27 13:25:28,104.99,105.085,104.84,104.924,40008
2017-06-27 14:40:07,104.92,104.925,104.5554,104.6915,34454
2017-06-27 15:55:19,104.6732,104.7266,104.4062,104.4167,43829
2017-06-28 10:10:50,104.4,105.24,104.34,105.2039,34581
2017-06-28 11:26:13,105.21,105.251,105.0278,105.24,58049
2017-06-28 12:55:07,105.2471,105.3899,105.235,105.34,101281
2017-06-28 14:40:04,105.33,105.42,105.2665,105.29,39867
2017-06-28 15:38:03,105.29,105.315,105.24,105.24,37600
2017-06-29 09:50:42,105.2264,105.8,105.14,105.54,60715
2017-06-29 10:44:11,105.596,105.596,105.285,105.4669,69161
2017-06-29 11:34:58,105.48,105.5399,104.88,105.0299,73569
2017-06-29 12:45:19,105.0299,105.06,104.72,104.765,59328
2017-06-29 14:03:42,104.762,104.8267,104.3435,104.6415,36661
2017-06-29 14:59:08,104.725,105.01,104.725,104.96,36510
2017-06-29 15:42:17,104.961,105.0754,104.8899,104.9376,39326
2017-06-30 09:49:09,104.9371,105.3432,104.79,105.22,40194
2017-06-30 10:50:21,105.22,105.26,104.876,104.9,121377
2017-06-30 12:31:30,104.875,105.05,104.8432,104.9832,38170
2017-06-30 14:02:38,105.01,105.1,104.9345,105.0199,50492
2017-06-30 14:50:32,105.0249,105.17,105.01,105.165,74511
2017-06-30 15:43:10,105.17,105.26,105.1601,105.2488,41328
2017-07-03 09:32:00,105.2688,105.58,104.96,105.579,80064
2017-07-03 10:15:36,105.58,105.895,105.5363,105.8873,51893
2017-07-03 11:16:29,105.9034,106.2375,105.835,106.16,42403
2017-07-03 12:24:35,106.1775,106.2,105.8286,105.895,69831
2017-07-05 09:38:33,105.9,106.015,105.54,105.54,70292
2017-07-05 11:16:18,105.59,105.68,105.2999,105.68,65346
2017-07-05 12:34:27,105.68,105.68,105.4733,105.5615,54384
2017-07-05 13:57:34,105.569,105.64,105.5601,105.565,35992
2017-07-05 15:14:06,105.62,105.68,105.5143,105.5699,50575
2017-07-05 15:59:40,105.5634,105.675,105.5634,105.64,487779
2017-07-06 10:13:11,105.64,105.64,104.9721,105.135,66366
2017-07-06 11:31:04,105.135,105.335,105.0401,105.2157,56671
2017-07-06 13:23:05,105.2156,105.305,105.1362,105.2984,42906
2017-07-06 14:34:57,105.2801,105.2853,104.8347,104.867,47775
2017-07-06 15:28:54,104.8601,104.909,104.72,104.7299,67401
2017-07-07 09:30:50,104.725,104.89,104.6,104.89,110151
2017-07-07 10:39:21,104.89,104.89,104.6,104.6462,53933
2017-07-07 12:50:30,104.6451,105.09,104.6451,105.0342,35638
2017-07-07 14:30:03,105.0365,105.0835,104.9631,105.01,49361
2017-07-07 15:49:02,105.015,105.09,104.95,105.07,53260
2017-07-10 09:49:26,105.07,105.075,104.79,104.9552,71351
2017-07-10 11:59:01,104.9648,105.0499,104.8731,105.0299,57564
2017-07-10 12:03:04,105.0368,105.0368,105.01,105.0249,25975
2017-07-10 12:03:29,105.0249,105.0585,105.02,105.0585,30509
2017-07-10 13:37:09,105.0549,105.1165,105.0434,105.081,49607
2017-07-10 14:58:16,105.0701,105.0855,105.0047,105.0194,40117
2017-07-10 15:48:33,105.02,105.055,104.95,104.97,58955
2017-07-11 10:27:41,104.9742,104.9899,104.7035,104.7439,71010
2017-07-11 11:51:00,104.775,104.8656,104.28,104.575,37442
2017-07-11 13:45:23,104.615,104.7501,104.5235,104.7501,50261
2017-07-11 15:17:15,104.76,104.7951,104.6942,104.7947,103411
2017-07-12 10:10:19,104.805,105.4653,104.72,105.4199,51237
2017-07-12 12:13:19,105.4133,105.455,105.1499,105.225,30217
2017-07-12 14:18:28,105.2158,105.3874,105.1858,105.3535,86979
2017-07-12 15:52:42,105.3515,105.3699,105.24,105.2455,101487
2017-07-13 11:23:23,105.254,105.3899,105.135,105.36,59659
2017-07-13 13:43:39,105.3543,105.4499,105.3336,105.4132,34330
2017-07-13 14:55:40,105.41,105.4454,105.38,105.425,47760
2017-07-14 09:30:18,105.4201,105.5,105.23,105.25,89357
2017-07-14 11:17:33,105.2764,105.505,105.13,105.4694,54835
2017-07-14 11:18:17,105.4653,105.48,105.455,105.46,31504
2017-07-14 11:42:45,105.47,105.4761,105.4,105.46,31556
2017-07-14 12:07:47,105.46,105.49,105.45,105.455,43760
2017-07-14 13:55:47,105.455,105.715,105.4352,105.6999,52431
2017-07-14 15:43:19,105.6934,105.9163,105.6934,105.905,55548
2017-07-17 10:32:02,105.8847,105.8847,105.5764,105.685,63889
2017-07-17 12:45:10,105.6965,105.889,105.6965,105.7959,46090
2017-07-17 13:57:51,105.81,105.87,105.7735,105.8,81747
2017-07-17 15:16:58,105.7953,105.8111,105.671,105.671,53134
2017-07-18 10:04:04,105.6747,105.6948,105.375,105.4138,43061
2017-07-18 12:00:49,105.4334,105.51,105.15,105.3401,61776
2017-07-18 14:13:36,105.3308,105.3868,105.2336,105.3699,51350
2017-07-18 15:18:22,105.3563,105.3864,105.28,105.3844,66426
2017-07-19 10:08:08,105.3854,105.7992,105.3762,105.768,51698
2017-07-19 11:06:22,105.7656,105.77,105.6259,105.68,59421
2017-07-19 12:40:05,105.6895,105.709,105.6262,105.665,75260
2017-07-19 14:23:37,105.6675,105.809,105.6461,105.795,30945
2017-07-19 15:55:41,105.792,105.94,105.79,105.9172,68155
2017-07-20 10:31:18,105.9154,106.21,105.9154,106.03,57969
2017-07-20 11:47:51,106.03,106.1478,105.8272,105.89,222806
2017-07-20 13:41:39,105.94,106.1699,105.93,106.1635,68733
2017-07-20 15:10:32,106.1766,106.19,106.09,106.135,55680
2017-07-20 15:59:51,106.1328,106.1825,105.99,106.0175,33103
2017-07-21 10:32:12,106.01,106.01,105.51,105.6585,54599
2017-07-21 13:04:40,105.6434,105.8128,105.6128,105.805,33179
2017-07-21 14:53:40,105.8256,105.86,105.7501,105.7989,58205
2017-07-24 10:07:00,105.7751,105.85,105.691,105.7262,61678
2017-07-24 12:37:27,105.739,105.7453,105.6199,105.71,32543
2017-07-24 15:05:28,105.72,105.8099,105.695,105.809,46959
2017-07-24 15:59:57,105.7959,105.8054,105.68,105.71,41334
2017-07-25 10:18:59,105.72,106.44,105.72,106.2999,61156
2017-07-25 11:44:46,106.345,106.5379,106.3301,106.5379,38291
2017-07-25 13:34:26,106.5465,106.6075,106.415,106.45,28312
2017-07-25 15:15:01,106.445,106.47,106.3989,106.4033,45226
2017-07-26 09:42:39,106.41,106.53,106.31,106.3631,109469
2017-07-26 11:53:05,106.35,106.4399,106.2654,106.4,31220
2017-07-26 13:54:33,106.4,106.43,106.235,106.2663,45934
2017-07-26 15:13:58,106.22,106.3937,106.19,106.2089,35415
2017-07-27 09:30:22,106.2089,106.26,106.0439,106.1277,82775
2017-07-27 11:09:07,106.1,106.24,106.03,106.1774,44714
2017-07-27 13:01:36,106.19,106.31,106.1065,106.16,62146
2017-07-27 14:38:57,106.16,106.2199,105.89,105.9978,35396
2017-07-27 15:56:19,105.9629,106.22,105.8855,106.2027,40902
2017-07-28 09:32:30,106.2076,106.345,106.11,106.27,68740
2017-07-28 11:08:18,106.27,106.28,105.8665,105.9237,41311
2017-07-28 14:13:42,105.93,106.1248,105.93,106.0001,108690
2017-07-28 15:58:58,106.0047,106.25,105.9904,106.2,46969
2017-07-31 10:02:49,106.2,106.46,106.17,106.3475,172363
2017-07-31 11:29:37,106.3458,106.4444,106.305,106.4243,53621
2017-07-31 13:47:06,106.4385,106.5766,106.4008,106.5701,51104
2017-07-31 15:09:04,106.5699,106.62,106.4666,106.4688,31992
2017-07-31 15:58:07,106.4799,106.63,106.47,106.48,47000
2017-07-31 15:59:02,106.48,106.49,106.42,106.44,85433
2017-08-01 09:41:16,106.44,106.71,106.4,106.55,303475
2017-08-01 11:24:02,106.565,106.68,106.4499,106.4842,32691
2017-08-01 13:10:41,106.48,106.7469,106.46,106.6969,63985
2017-08-01 15:04:23,106.6936,106.72,106.6508,106.6899,82277
2017-08-01 15:59:56,106.667,106.72,106.64,106.71,52901
2017-08-02 10:38:50,106.71,106.71,106.3161,106.3953,62776
2017-08-02 11:51:06,106.3853,106.545,106.2953,106.515,49898
2017-08-02 13:48:52,106.5068,106.55,106.3864,106.52,46555
2017-08-02 15:02:43,106.5215,106.5937,106.505,106.5766,44277
2017-08-03 09:47:32,106.5701,106.6536,106.515,106.54,53507
2017-08-03 11:26:50,106.541,106.6495,106.4922,106.4931,30033
2017-08-03 13:40:48,106.4974,106.51,106.399,106.49,34037
2017-08-03 15:05:48,106.4701,106.5441,106.425,106.4599,37956
2017-08-03 15:59:03,106.446,106.5442,106.355,106.42,41165
2017-08-04 10:51:54,106.42,106.79,106.42,106.62,71041
2017-08-04 12:41:10,106.6262,106.707,106.6,106.6712,33545
2017-08-04 14:38:30,106.66,106.7253,106.5865,106.6068,41682
2017-08-04 15:56:59,106.6022,106.68,106.5636,106.68,46321
2017-08-07 10:04:13,106.6605,106.6847,106.5737,106.64,101773
2017-08-07 10:19:50,106.64,106.67,106.6,106.6012,83036
2017-08-07 12:27:41,106.6016,106.6072,106.4756,106.6034,47376
2017-08-07 14:18:08,106.605,106.6699,106.6038,106.6438,37452
2017-08-07 15:42:59,106.65,106.6753,106.63,106.65,46750
2017-08-08 10:54:23,106.6334,106.89,106.51,106.89,74930
2017-08-08 12:11:41,106.94,107.1653,106.9331,107.1653,41644
2017-08-08 13:35:06,107.1553,107.1569,106.6147,106.675,50529
2017-08-08 15:13:44,106.679,106.74,106.5491,106.58,45768
2017-08-09 09:50:09,106.5563,106.5705,105.9736,106.1461,52219
2017-08-09 11:33:41,106.18,106.27,106.005,106.0766,54097
2017-08-09 13:30:45,106.0799,106.22,106.071,106.134,34287
2017-08-09 15:30:36,106.1266,106.1393,105.965,106.1,34136
2017-08-10 10:22:29,106.1132,106.31,105.5,105.6553,66890
2017-08-10 12:03:32,105.66,105.7371,105.4125,105.46,45884
2017-08-10 14:10:35,105.4262,105.5878,105.3447,105.432,24220
2017-08-10 15:21:07,105.4299,105.6769,105.2199,105.2199,48411
2017-08-11 09:47:31,105.2,105.23,104.991,104.991,83998
2017-08-11 11:35:39,104.98,105.23,104.93,105.0235,80016
2017-08-11 13:54:39,105.0001,105.065,104.92,104.9601,69649
2017-08-11 15:36:11,104.9659,105.0437,104.7633,104.81,59889
2017-08-14 10:19:55,104.8215,105.801,104.8048,105.7333,98307
2017-08-14 12:30:29,105.7495,105.969,105.7423,105.8415,35350
2017-08-14 14:54:26,105.8415,105.8568,105.63,105.6666,49864
2017-08-14 15:57:04,105.6666,105.8239,105.6548,105.78,35217
2017-08-15 10:48:58,105.79,105.99,105.66,105.7429,60945
2017-08-15 13:37:08,105.7432,105.7664,105.57,105.667,29768
2017-08-15 15:16:01,105.6634,105.8448,105.63,105.8377,48657
2017-08-15 15:59:43,105.831,105.8799,105.68,105.7,44021
2017-08-16 11:07:30,105.7,106.12,105.68,106.0099,338659
2017-08-16 13:19:50,105.99,106.0399,105.8819,105.8895,54224
2017-08-16 14:48:55,105.88,105.905,105.6258,105.7046,53782
2017-08-16 15:57:17,105.7346,105.7961,105.7034,105.7266,28417
2017-08-17 10:05:13,105.72,105.78,105.33,105.4,129305
2017-08-17 11:40:01,105.41,105.42,105.0598,105.15,51144
2017-08-17 13:32:28,105.14,105.16,104.71,104.751,51730
2017-08-17 15:05:31,104.7753,104.836,104.55,104.55,67625
2017-08-18 09:30:00,104.58,104.58,104.04,104.04,52616
2017-08-18 11:20:57,104.03,104.1039,103.7865,103.975,41471
2017-08-18 13:01:22,104.0235,104.6244,104.0065,104.51,40161
2017-08-18 14:21:21,104.51,104.51,104.2,104.2136,42582
2017-08-18 15:46:42,104.199,104.2964,104.1131,104.22,47108
2017-08-21 10:11:07,104.22,104.23,103.71,103.8563,126044
2017-08-21 11:36:49,103.82,104.0699,103.73,103.9846,38404
2017-08-21 11:40:55,103.99,104.04,103.9601,104.0146,34538
2017-08-21 11:46:51,104.0046,104.0346,103.9915,104.03,31092
2017-08-21 12:41:57,104.03,104.16,104.0024,104.0934,40927
2017-08-21 14:43:26,104.0761,104.09,103.8701,103.8835,71410
2017-08-21 15:53:53,103.9466,104.13,103.8753,104.13,52940
2017-08-22 11:01:35,104.1145,104.63,104.03,104.6027,85683
2017-08-22 13:43:57,104.6072,104.77,104.5173,104.714,36035
2017-08-22 15:21:44,104.7108,104.909,104.6772,104.9012,38081
2017-08-23 09:36:29,104.9012,104.9837,104.4083,104.59,85750
2017-08-23 12:01:27,104.58,104.9447,104.58,104.88,51292
2017-08-23 14:28:36,104.8755,104.9385,104.69,104.7036,39184
2017-08-23 15:59:56,104.7399,104.8301,104.65,104.65,44993
2017-08-24 11:17:21,104.66,104.8485,104.52,104.7056,230885
2017-08-24 12:59:52,104.6963,104.7458,104.5201,104.6756,31166
2017-08-24 15:09:04,104.679,104.805,104.439,104.451,57373
2017-08-25 10:00:18,104.4393,105.0,104.3545,104.9834,62530
2017-08-25 11:25:28,105.0,105.11,104.7601,104.7732,30018
2017-08-25 14:12:46,104.7872,104.9699,104.7601,104.9665,48073
2017-08-25 15:38:20,104.9772,105.0509,104.88,104.9199,60666
2017-08-28 10:51:58,104.9037,104.9745,104.4838,104.5651,68777
2017-08-28 13:59:22,104.6034,104.63,104.33,104.45,41973
2017-08-28 15:10:25,104.4335,104.4699,104.395,104.44,34283
2017-08-29 10:00:18,104.43,104.6,103.87,104.0756,67549
2017-08-29 12:02:59,104.0556,104.3166,103.9558,104.2533,40308
2017-08-29 14:04:29,104.2446,104.4869,104.235,104.4,55027
2017-08-29 15:20:39,104.3924,104.575,104.3924,104.575,37819
2017-08-30 09:33:05,104.5625,104.5976,104.39,104.39,47376
2017-08-30 11:20:35,104.42,104.67,104.3625,104.61,51992
2017-08-30 14:10:38,104.5985,104.9078,104.59,104.845,46998
2017-08-30 15:40:36,104.845,104.88,104.7,104.7144,39297
2017-08-31 09:46:51,104.71,105.1,104.625,105.05,51678
2017-08-31 11:18:08,105.06,105.2001,104.97,105.086,69706
2017-08-31 13:05:51,105.0669,105.11,104.9434,105.06,35085
2017-08-31 14:55:40,105.069,105.2065,105.0332,105.2065,46174
2017-08-31 15:54:45,105.21,105.3163,105.1538,105.24,69378
2017-09-01 10:45:10,105.235,105.61,105.0661,105.5868,83658
2017-09-01 12:51:00,105.5985,105.7,105.51,105.69,42066
2017-09-01 15:17:05,105.7299,105.7869,105.66,105.675,50436
2017-09-05 10:00:46,105.675,105.6799,105.0965,105.13,57996
2017-09-05 11:41:02,105.13,105.1868,104.8349,104.9051,93933
2017-09-05 13:18:32,104.9068,104.9168,104.235,104.31,32861
2017-09-05 14:40:34,104.33,104.6146,104.27,104.505,48663
2017-09-05 15:36:08,104.5067,104.61,104.3336,104.55,38779
2017-09-06 10:16:36,104.55,105.1185,104.4601,105.05,72526
2017-09-06 12:21:08,105.0061,105.0785,104.8025,104.885,35645
2017-09-06 14:29:30,104.8519,105.0999,104.85,105.0701,33852
2017-09-06 15:50:00,105.0701,105.14,105.03,105.03,43307
2017-09-07 10:51:53,105.0101,105.08,104.5068,104.685,60859
2017-09-07 12:56:38,104.6843,104.6901,104.3237,104.49,33093
2017-09-07 14:55:19,104.49,104.5,104.385,104.47,79806
2017-09-08 09:32:57,104.468,104.55,104.2864,104.33,61130
2017-09-08 11:41:18,104.3191,104.7799,104.3191,104.6926,49641
2017-09-08 13:48:10,104.67,104.715,104.5466,104.581,50365
2017-09-08 15:56:10,104.5901,104.8366,104.5723,104.64,45365
2017-09-11 11:17:12,104.6385,105.6576,104.6385,105.6576,54305
2017-09-11 13:32:25,105.6535,105.9799,105.64,105.95,52732
2017-09-11 15:17:29,105.9341,105.9658,105.8535,105.951,40894
2017-09-12 09:47:35,105.9677,106.3983,105.85,106.35,53366
2017-09-12 11:30:54,106.3454,106.4499,106.245,106.3364,52899
2017-09-12 13:38:32,106.335,106.5686,106.335,106.5149,45293
2017-09-12 15:23:41,106.51,106.5699,106.4001,106.4868,49180
2017-09-13 10:25:14,106.4801,106.65,106.3412,106.6455,55271
2017-09-13 12:50:22,106.62,106.6875,106.5799,106.6875,38443
2017-09-13 15:18:03,106.669,106.7199,106.581,106.6566,196198
2017-09-14 10:28:36,106.6732,106.768,106.58,106.7339,53462
2017-09-14 12:43:30,106.7432,106.78,106.67,106.7663,52533
2017-09-14 14:33:22,106.7644,106.801,106.69,106.745,44187
2017-09-14 15:52:59,106.727,106.7399,106.6645,106.71,55294
2017-09-15 10:58:24,106.7066,106.7977,106.6261,106.71,52736
2017-09-15 13:34:35,106.7158,106.8359,106.6864,106.8334,46187
2017-09-15 15:40:38,106.8399,106.9709,106.8,106.94,49097
2017-09-18 09:41:02,106.94,107.28,106.91,107.28,65213
2017-09-18 10:38:42,107.31,107.42,107.29,107.3456,35779
2017-09-18 12:25:28,107.3499,107.4,107.29,107.31,38661
2017-09-18 14:18:54,107.317,107.3699,107.2366,107.2366,45723
2017-09-18 15:39:16,107.2,107.4072,107.2,107.4,52169
2017-09-18 15:59:55,107.4,107.43,107.35,107.38,65723
2017-09-19 11:30:40,107.4,107.5473,107.3259,107.4985,296125
2017-09-19 13:12:09,107.5,107.6366,107.4931,107.6253,47329
2017-09-19 14:55:20,107.6232,107.64,107.5659,107.5842,36798
2017-09-20 09:51:24,107.58,107.68,107.5321,107.64,413636
2017-09-20 11:28:26,107.65,107.7544,107.5401,107.75,56324
2017-09-20 13:33:21,107.753,107.83,107.6526,107.6666,35202
2017-09-20 14:29:07,107.6634,107.7473,107.465,107.5644,35928
2017-09-20 15:36:09,107.5537,107.75,107.54,107.6815,58251
2017-09-21 09:35:32,107.699,107.8263,107.6,107.82,50910
2017-09-21 11:18:59,107.81,107.811,107.5,107.7348,48824
2017-09-21 12:56:27,107.7367,107.7799,107.7113,107.7499,155874
2017-09-21 14:56:27,107.76,107.7699,107.6328,107.68,86488
2017-09-21 15:50:46,107.6736,107.7599,107.63,107.64,75346
2017-09-22 10:32:43,107.641,107.641,107.44,107.6299,52697
2017-09-22 13:37:16,107.6263,107.7044,107.5626,107.62,53543
2017-09-22 14:57:53,107.62,107.6299,107.5633,107.6061,41058
2017-09-22 16:00:00,107.6039,107.76,107.6,107.65,55311
2017-09-25 09:41:33,107.63,107.93,107.63,107.92,94353
2017-09-25 10:16:50,107.92,108.06,107.8953,108.0454,29208
2017-09-25 10:54:18,108.0554,108.16,107.8859,107.8859,28668
2017-09-25 12:08:25,107.875,107.91,107.57,107.7282,44752
2017-09-25 14:26:15,107.695,107.9266,107.63,107.9,48904
2017-09-25 15:29:37,107.9,108.0299,107.82,108.0045,33906
2017-09-26 09:56:21,108.0,108.0398,107.3311,107.44,52520
2017-09-26 11:12:17,107.4653,107.5,107.35,107.3601,40205
2017-09-26 13:26:32,107.3667,107.475,107.2844,107.36,40778
2017-09-26 14:54:47,107.36,107.459,107.34,107.38,50637
2017-09-26 15:57:50,107.38,107.44,107.275,107.2778,37805
2017-09-27 10:22:56,107.28,107.71,107.25,107.519,57202
2017-09-27 10:52:09,107.519,107.52,107.25,107.25,50895
2017-09-27 11:40:49,107.25,107.347,107.14,107.34,35999
2017-09-27 14:03:27,107.3336,107.58,107.245,107.58,57974
2017-09-27 15:36:36,107.5695,107.7267,107.5355,107.705,39072
2017-09-28 10:04:45,107.709,107.73,107.465,107.515,54566
2017-09-28 12:19:18,107.5166,107.6561,107.3701,107.6561,73785
2017-09-28 14:44:28,107.6537,107.7385,107.617,107.6575,94114
2017-09-28 15:30:37,107.6385,107.7299,107.6208,107.642,46810
2017-09-29 09:46:52,107.645,107.69,107.5638,107.658,56676
2017-09-29 10:59:51,107.652,107.81,107.51,107.79,46382
2017-09-29 12:53:17,107.79,107.925,107.7643,107.85,39515
2017-09-29 14:34:20,107.845,107.87,107.805,107.86,48631
2017-09-29 15:54:10,107.8611,107.8999,107.8043,107.87,54940
2017-10-02 10:00:14,107.87,108.13,107.83,108.125,51636
2017-10-02 10:56:58,108.13,108.25,108.095,108.139,38744
2017-10-02 11:38:09,108.14,108.2299,108.055,108.225,41061
2017-10-02 12:29:56,108.2399,108.4,108.22,108.3499,20578
2017-10-02 13:16:57,108.368,108.44,108.36,108.4163,68654
2017-10-02 14:01:32,108.41,108.5,108.39,108.4583,33824
2017-10-02 14:46:52,108.46,108.49,108.43,108.4753,95983
2017-10-02 15:42:25,108.48,108.519,108.46,108.503,35892
2017-10-03 09:30:00,108.5099,108.67,108.45,108.67,47526
2017-10-03 09:51:05,108.64,108.64,108.49,108.535,26844
2017-10-03 10:57:04,108.54,108.62,108.52,108.56,27261
2017-10-03 12:36:16,108.59,108.6766,108.55,108.639,27165
2017-10-03 14:02:03,108.63,108.72,108.6255,108.6968,111640
2017-10-03 14:58:46,108.6934,108.78,108.6833,108.7263,27936
2017-10-03 15:45:01,108.724,108.8272,108.72,108.8,85463
2017-10-04 09:40:52,108.7942,108.93,108.76,108.89,85532
2017-10-04 10:35:20,108.88,108.93,108.78,108.8965,25912
2017-10-04 11:37:56,108.91,108.99,108.8982,108.985,28629
2017-10-04 12:56:40,108.985,109.1262,108.975,109.01,20314
2017-10-04 14:07:28,109.02,109.06,108.9185,108.949,34665
2017-10-04 15:00:41,108.94,108.98,108.92,108.965,41153
2017-10-05 09:30:51,108.9634,109.06,108.8546,109.01,52390
2017-10-05 10:22:34,109.0,109.19,108.9121,109.17,47245
2017-10-05 11:36:56,109.17,109.3,109.16,109.3,36167
2017-10-05 12:38:01,109.31,109.555,109.3,109.47,18541
2017-10-05 13:58:41,109.47,109.5862,109.46,109.5385,50715
2017-10-05 15:18:27,109.535,109.54,109.4533,109.48,57822
2017-10-06 09:30:18,109.4679,109.48,109.24,109.319,34038
2017-10-06 10:06:25,109.35,109.36,109.24,109.305,112522
2017-10-06 11:21:42,109.3,109.31,109.0599,109.1065,34420
2017-10-06 12:58:14,109.0964,109.125,108.9343,109.045,33306
2017-10-06 14:41:52,109.0239,109.13,108.97,109.1054,60811
2017-10-06 15:43:53,109.101,109.16,109.1,109.11,98294
2017-10-09 09:48:50,109.11,109.29,109.01,109.01,67624
2017-10-09 11:22:09,109.01,109.01,108.8,108.8963,41003
2017-10-09 13:33:52,108.892,108.93,108.805,108.84,36263
2017-10-09 15:03:58,108.8368,108.9,108.729,108.745,36826
2017-10-09 16:10:00,108.7253,108.79,108.64,108.76,75364
2017-10-10 10:13:16,108.7878,109.33,108.76,109.146,52197
2017-10-10 11:35:06,109.13,109.1568,109.01,109.0795,40425
2017-10-10 13:10:35,109.0755,109.175,109.03,109.175,33418
2017-10-10 14:57:15,109.17,109.23,109.1359,109.1764,37540
2017-10-10 15:48:39,109.1855,109.21,109.1526,109.165,52928
2017-10-11 10:11:59,109.1715,109.26,109.0434,109.069,58585
2017-10-11 12:00:36,109.059,109.1799,109.059,109.14,32912
2017-10-11 13:53:10,109.14,109.239,109.14,109.1454,53694
2017-10-11 15:08:24,109.146,109.22,109.116,109.165,228730
2017-10-11 16:00:00,109.1675,109.25,109.1627,109.25,41008
2017-10-12 11:11:56,109.25,109.25,108.8356,108.9964,54693
2017-10-12 12:39:46,109.0101,109.025,108.924,108.9335,61393
2017-10-12 14:09:48,108.94,109.03,108.895,108.925,94394
2017-10-12 15:15:42,108.914,108.93,108.78,108.88,35540
2017-10-12 15:59:56,108.88,108.905,108.72,108.82,34629
2017-10-13 09:37:20,108.83,109.0,108.68,108.765,50124
2017-10-13 10:01:54,108.765,108.83,108.67,108.83,138824
2017-10-13 11:31:38,108.83,109.071,108.83,108.9125,62727
2017-10-13 13:38:44,108.91,109.01,108.9,109.0046,67607
2017-10-13 15:26:59,109.0168,109.0168,108.8935,108.9699,36060
2017-10-16 10:06:58,108.965,109.162,108.7934,109.1068,63376
2017-10-16 12:04:19,109.1074,109.1074,108.8636,108.921,35301
2017-10-16 13:34:09,108.9254,108.9915,108.88,108.9901,460869
2017-10-16 14:55:25,108.99,109.0,108.9329,108.971,470358
2017-10-17 09:40:45,108.9766,109.05,108.959,108.9986,40295
2017-10-17 10:54:32,109.0,109.005,108.7831,108.81,50087
2017-10-17 12:18:01,108.815,108.939,108.7969,108.86,48701
2017-10-17 14:13:25,108.85,108.895,108.749,108.7867,75747
2017-10-17 15:48:05,108.7954,108.947,108.7954,108.94,40128
2017-10-18 10:41:15,108.94,109.2146,108.915,109.04,65165
2017-10-18 13:00:03,109.05,109.145,109.0215,109.13,33069
2017-10-18 14:50:02,109.131,109.17,109.101,109.108,49273
2017-10-18 15:52:55,109.1001,109.1599,109.0843,109.0999,46694
2017-10-19 09:52:35,109.09,109.09,108.12,108.81,55872
2017-10-19 11:53:08,108.8171,108.98,108.68,108.9668,52377
2017-10-19 14:14:06,108.963,109.22,108.9215,109.209,45850
2017-10-19 15:03:25,109.209,109.29,109.185,109.256,40694
2017-10-20 09:32:34,109.2445,110.12,109.181,109.71,48461
2017-10-20 10:00:21,109.71,109.77,109.64,109.72,37816
2017-10-20 11:21:12,109.72,109.82,109.7,109.7699,38089
2017-10-20 12:12:07,109.7865,109.849,109.73,109.82,36681
2017-10-20 13:27:55,109.8199,109.94,109.8199,109.9236,33017
2017-10-20 14:09:06,109.927,110.0,109.92,109.941,47321
2017-10-20 15:13:41,109.94,110.01,109.93,109.98,43225
2017-10-20 15:58:59,109.97,110.01,109.93,109.94,26972
2017-10-23 09:37:46,109.94,110.2,109.94,110.14,80213
2017-10-23 10:23:40,110.14,110.3042,110.07,110.19,27561
2017-10-23 10:54:51,110.1601,110.23,110.159,110.161,32174
2017-10-23 12:21:05,110.16,110.229,110.0761,110.08,31131
2017-10-23 13:45:44,110.08,110.13,110.02,110.065,32993
2017-10-23 14:49:10,110.0751,110.1066,109.955,109.9616,54051
2017-10-23 15:36:32,109.9577,110.0199,109.85,109.85,46807
2017-10-23 15:59:30,109.83,109.909,109.79,109.85,38294
2017-10-24 10:15:32,109.85,110.236,109.84,110.1185,65387
2017-10-24 11:45:48,110.07,110.15,110.02,110.15,45341
2017-10-24 13:28:15,110.15,110.209,110.14,110.194,44911
2017-10-24 14:40:38,110.1985,110.2531,110.15,110.2063,50373
2017-10-24 15:29:00,110.204,110.205,110.01,110.07,33676
2017-10-25 09:46:26,110.07,110.1264,109.75,109.75,54679
2017-10-25 10:40:01,109.75,109.8337,109.3399,109.3399,32800
2017-10-25 11:19:13,109.3361,109.37,109.1846,109.205,39448
2017-10-25 12:31:02,109.1899,109.4054,108.95,108.95,33759
2017-10-25 13:58:41,108.999,109.4268,108.9755,109.42,41835
2017-10-25 15:01:56,109.42,109.5368,109.35,109.3939,30812
2017-10-25 15:39:05,109.4,109.6,109.385,109.55,45774
2017-10-26 09:44:52,109.51,110.08,109.32,110.08,67958
2017-10-26 10:22:20,110.07,110.09,109.83,109.83,39883
2017-10-26 11:29:46,109.83,110.063,109.83,109.9754,52528
2017-10-26 13:14:54,109.961,110.05,109.869,109.9528,37961
2017-10-26 14:44:55,109.985,110.0599,109.88,109.88,54355
2017-10-26 15:58:03,109.88,109.9,109.7637,109.82,35024
2017-10-27 09:34:04,109.82,109.82,109.42,109.43,57899
2017-10-27 10:03:51,109.44,109.45,109.04,109.42,53440
2017-10-27 11:23:16,109.42,109.6,109.1752,109.6,43650
2017-10-27 12:56:59,109.58,109.64,109.499,109.575,37897
2017-10-27 14:36:51,109.58,109.619,109.5122,109.589,42613
2017-10-27 15:40:34,109.585,109.585,109.45,109.45,42318
2017-10-30 09:36:42,109.45,109.6,109.19,109.27,76680
2017-10-30 11:18:45,109.27,109.4,109.2092,109.4,105630
2017-10-30 12:47:49,109.3234,109.3234,108.9548,109.06,34376
2017-10-30 14:09:02,109.06,109.14,108.9908,109.029,71098
2017-10-30 14:59:57,109.0115,109.1399,109.0115,109.0748,84111
2017-10-31 09:30:08,109.0768,109.2,108.96,109.1445,47494
2017-10-31 11:21:50,109.1599,109.3291,109.098,109.3,47527
2017-10-31 13:33:15,109.3166,109.3166,109.18,109.21,114909
2017-10-31 15:15:14,109.1936,109.3185,109.1744,109.3115,45081
2017-10-31 20:00:00,109.2966,109.311,109.1147,109.15,53170
2017-11-01 10:32:13,109.59,109.87,109.45,109.601,34269
2017-11-01 11:22:38,109.6,109.795,109.5862,109.655,62114
2017-11-01 12:51:22,109.6463,109.675,109.4848,109.49,47477
2017-11-01 14:02:34,109.5234,109.57,109.38,109.57,43766
2017-11-01 15:12:37,109.5511,109.65,109.47,109.6,34051
2017-11-02 09:31:26,109.6,109.6251,109.41,109.47,51584
2017-11-02 10:17:00,109.48,109.59,108.88,109.0068,34940
2017-11-02 11:28:20,108.991,109.37,108.93,109.301,42704
2017-11-02 12:40:57,109.26,109.551,109.23,109.48,41463
2017-11-02 14:24:03,109.47,109.49,109.3223,109.3666,43706
2017-11-02 15:44:48,109.37,109.579,109.2053,109.55,54861
2017-11-03 10:45:50,109.579,109.589,109.2944,109.3001,52741
2017-11-03 13:16:16,109.31,109.53,109.29,109.52,37449
2017-11-03 14:46:06,109.511,109.545,109.439,109.5,38726
2017-11-03 15:54:16,109.5099,109.52,109.4092,109.43,40698
2017-11-06 10:59:25,109.4344,109.5,109.2601,109.339,64619
2017-11-06 12:50:37,109.3265,109.4771,109.3,109.4547,33890
2017-11-06 14:46:30,109.4501,109.5101,109.44,109.49,41741
2017-11-07 09:42:01,109.4911,109.64,109.44,109.64,66681
2017-11-07 11:40:58,109.64,109.7199,109.379,109.379,36050
2017-11-07 13:07:15,109.383,109.41,109.0501,109.182,41751
2017-11-07 14:48:41,109.1734,109.27,109.1585,109.1585,65186
2017-11-07 15:44:50,109.14,109.169,109.0542,109.169,77982
2017-11-08 11:13:50,109.1399,109.27,108.8535,108.9768,59673
2017-11-08 13:05:14,108.9741,109.2369,108.8864,109.211,68740
2017-11-08 14:51:27,109.213,109.2299,109.1352,109.22,45076
2017-11-08 18:30:00,109.2273,109.27,109.121,109.24,44377
2017-11-09 11:05:02,108.66,109.1266,108.6,109.08,52549
2017-11-09 12:12:00,109.12,109.12,108.595,108.6165,61514
2017-11-09 13:58:06,108.5773,108.9,108.35,108.8153,88757
2017-11-09 15:46:33,108.8445,109.1,108.7932,109.01,54494
2017-11-10 09:34:07,109.01,109.09,108.86,108.91,45211
2017-11-10 10:17:15,108.92,108.92,108.71,108.8669,56419
2017-11-10 11:48:54,108.8901,108.9395,108.7152,108.811,33894
2017-11-10 14:03:04,108.795,108.895,108.78,108.869,51829
2017-11-10 15:33:26,108.8652,108.98,108.845,108.965,68334
2017-11-13 10:05:07,108.9679,108.9885,108.52,108.8356,60618
2017-11-13 12:13:38,108.8468,109.0163,108.8432,108.985,41324
2017-11-13 14:30:21,108.98,109.04,108.9,109.0,40613
2017-11-13 15:46:51,108.995,109.141,108.9354,108.9516,162930
2017-11-14 09:55:01,108.9517,109.03,108.5677,108.67,54591
2017-11-14 10:35:01,108.6485,108.65,108.25,108.38,27351
2017-11-14 11:28:33,108.41,108.76,108.41,108.6148,33666
2017-11-14 11:48:10,108.6146,108.6562,108.58,108.62,28917
2017-11-14 13:47:06,108.63,108.7127,108.495,108.659,37094
2017-11-14 15:19:21,108.649,108.7551,108.58,108.72,40978
2017-11-15 09:32:12,108.7183,108.75,108.06,108.12,35313
2017-11-15 10:02:57,108.12,108.18,107.88,108.0544,45637
2017-11-15 10:41:14,108.055,108.37,108.02,108.36,83069
2017-11-15 11:48:52,108.35,108.6131,108.32,108.5549,37734
2017-11-15 13:13:24,108.566,108.59,108.455,108.5466,102678
2017-11-15 14:27:27,108.5466,108.5666,108.3748,108.4548,51416
2017-11-15 15:37:50,108.455,108.5799,108.39,108.53,45617
2017-11-16 10:01:25,108.541,108.9797,108.36,108.8608,55302
2017-11-16 11:22:55,108.885,109.2068,108.885,109.12,46214
2017-11-16 13:32:16,109.1161,109.3099,109.029,109.235,37723
2017-11-16 14:45:34,109.235,109.39,109.235,109.33,43057
2017-11-16 15:30:14,109.33,109.335,109.2,109.24,41485
2017-11-17 09:44:13,109.24,109.24,108.83,108.9849,56648
2017-11-17 11:15:08,108.99,109.1365,108.9386,109.06,37035
2017-11-17 13:06:39,109.0653,109.2134,109.0432,109.1866,34112
2017-11-17 14:26:53,109.18,109.2,109.1153,109.14,101228
2017-11-17 15:43:58,109.149,109.18,109.0839,109.1258,36101
2017-11-20 10:05:30,109.12,109.14,108.965,109.005,176053
2017-11-20 11:41:37,109.0172,109.1834,108.98,109.1565,39214
2017-11-20 13:31:44,109.1465,109.24,109.0934,109.23,43020
2017-11-20 15:07:43,109.2138,109.3287,109.201,109.3162,30928
2017-11-21 09:38:39,109.3171,109.68,109.181,109.67,78285
2017-11-21 10:48:47,109.66,109.79,109.6299,109.778,45745
2017-11-21 12:10:27,109.7779,109.796,109.65,109.7162,41312
2017-11-21 14:08:14,109.7199,109.77,109.68,109.68,53205
2017-11-21 15:32:28,109.68,109.74,109.64,109.6823,33164
2017-11-22 09:40:06,109.684,109.73,109.6233,109.69,53308
2017-11-22 10:57:14,109.72,109.82,109.58,109.6866,30948
2017-11-22 12:50:33,109.6937,109.7062,109.561,109.5849,30805
2017-11-22 14:22:06,109.5799,109.7,109.5334,109.635,40748
2017-11-22 15:41:52,109.6499,109.69,109.59,109.68,41616
2017-11-24 10:51:20,109.6757,109.8399,109.56,109.675,73842
2017-11-24 12:19:40,109.6863,109.745,109.685,109.735,40231
2017-11-27 10:26:54,109.725,109.78,109.52,109.62,53248
2017-11-27 12:41:49,109.6429,109.6697,109.46,109.4732,37123
2017-11-27 14:42:56,109.4785,109.55,109.4734,109.53,37729
2017-11-27 15:56:36,109.535,109.56,109.4952,109.52,39658
2017-11-28 10:52:42,109.53,109.995,109.48,109.975,65501
2017-11-28 12:03:42,109.979,110.3,109.9744,110.3,39573
2017-11-28 12:47:11,110.3,110.47,110.2942,110.45,28817
2017-11-28 13:32:33,110.4534,110.68,110.449,110.55,31111
2017-11-28 14:32:30,110.55,110.6,110.3485,110.589,27642
2017-11-28 14:55:00,110.6,110.92,110.595,110.92,35846
2017-11-28 15:16:01,110.92,111.07,110.8601,111.07,36898
2017-11-28 15:43:41,111.07,111.11,110.96,111.06,31784
2017-11-29 09:31:06,111.06,111.41,111.0231,111.39,32649
2017-11-29 09:41:05,111.4,111.71,111.38,111.71,36104
2017-11-29 09:57:14,111.71,112.02,111.71,112.02,24515
2017-11-29 10:18:46,112.04,112.14,111.96,112.02,20504
2017-11-29 10:52:48,112.0031,112.18,111.98,112.1354,32726
2017-11-29 11:23:18,112.13,112.23,112.12,112.1369,36102
2017-11-29 12:28:20,112.1547,112.1885,112.0142,112.0142,49018
2017-11-29 13:09:54,112.0,112.065,111.8906,111.9661,32802
2017-11-29 14:07:18,111.975,111.975,111.75,111.91,31534
2017-11-29 14:35:36,111.93,112.05,111.93,111.98,34556
2017-11-29 15:23:40,111.98,112.005,111.9266,111.9878,51674
2017-11-30 09:34:16,112.0,112.71,111.9667,112.67,279692
2017-11-30 09:47:28,112.67,112.88,112.6287,112.75,23640
2017-11-30 09:57:39,112.75,112.75,112.56,112.635,36850
2017-11-30 10:27:14,112.6332,112.79,112.5442,112.5943,26153
2017-11-30 10:51:50,112.595,112.595,112.3235,112.51,26368
2017-11-30 11:22:23,112.51,112.98,112.51,112.895,27663
2017-11-30 11:46:18,112.9,112.9,112.71,112.7584,28253
2017-11-30 12:29:36,112.755,113.15,112.7315,113.13,86565
2017-11-30 12:46:58,113.135,113.44,113.135,113.42,21594
2017-11-30 13:25:38,113.43,113.5,113.21,113.21,33231
2017-11-30 14:07:54,113.21,113.2769,112.91,112.96,30359
2017-11-30 14:44:34,112.96,113.08,112.901,112.955,50203
2017-11-30 15:25:17,112.9586,112.9999,112.65,112.79,85365
2017-11-30 15:54:56,112.79,113.06,112.74,112.99,41363
2017-12-01 09:37:00,112.92,113.07,112.81,112.88,61068
2017-12-01 10:24:26,112.88,113.109,112.6874,112.97,101378
2017-12-01 11:00:40,112.9359,113.09,112.89,113.0599,26326
2017-12-01 11:13:10,113.0501,113.1,112.27,112.27,25515
2017-12-01 11:14:06,112.28,112.28,111.61,111.73,21903
2017-12-01 11:20:37,111.73,112.36,111.72,112.26,18546
2017-12-01 11:24:39,112.28,112.288,111.86,111.86,34551
2017-12-01 11:29:48,111.86,111.91,111.42,111.47,16585
2017-12-01 11:33:36,111.47,111.54,111.14,111.18,27477
2017-12-01 11:48:48,111.19,112.0495,111.18,111.82,31451
2017-12-01 11:52:48,111.82,112.0,111.55,112.0,20361
2017-12-01 11:57:44,112.01,112.1998,111.686,112.1998,21989
2017-12-01 12:08:18,112.13,112.42,112.12,112.26,24471
2017-12-01 12:17:56,112.27,112.43,112.1394,112.29,21204
2017-12-01 12:50:20,112.2605,112.45,112.13,112.45,23471
2017-12-01 13:47:04,112.46,112.725,112.39,112.51,55177
2017-12-01 14:50:43,112.51,112.6839,112.4326,112.435,24532
2017-12-01 15:33:10,112.435,112.64,112.385,112.62,53993
2017-12-04 09:34:52,112.62,113.8056,112.6073,113.8056,54655
2017-12-04 09:46:40,113.82,114.12,113.79,113.99,27282
2017-12-04 10:01:34,114.0,114.07,113.93,114.065,20505
2017-12-04 10:10:29,114.0665,114.22,114.03,114.19,25837
2017-12-04 10:34:08,114.16,114.25,114.08,114.2,28166
2017-12-04 10:57:32,114.2,114.27,113.95,114.056,37899
2017-12-04 11:45:58,114.05,114.1899,113.98,114.0758,34605
2017-12-04 13:01:02,114.07,114.1963,113.93,114.03,38158
2017-12-04 14:05:58,114.025,114.0852,113.93,113.96,63398
2017-12-04 14:31:14,113.959,113.959,113.73,113.73,45331
2017-12-04 15:11:57,113.72,113.8068,113.68,113.7515,32179
2017-12-04 15:40:49,113.729,113.74,113.54,113.58,24365
2017-12-04 15:59:08,113.5852,113.61,113.48,113.56,26736
2017-12-05 09:36:23,113.56,113.68,113.4,113.41,50598
2017-12-05 09:57:26,113.419,113.419,113.1,113.123,29349
2017-12-05 10:40:12,113.049,113.3165,113.031,113.19,34405
2017-12-05 11:27:42,113.22,113.5061,113.21,113.447,60774
2017-12-05 12:04:46,113.4301,113.4838,113.2,113.2,24877
2017-12-05 13:35:17,113.2,113.3285,113.17,113.2868,38876
2017-12-05 14:27:18,113.285,113.2901,113.025,113.1224,39190
2017-12-05 15:04:29,113.1053,113.12,112.9,112.92,41183
2017-12-05 15:52:46,112.9499,112.9499,112.71,112.72,57157
2017-12-06 10:12:40,112.7,112.84,112.54,112.6836,59979
2017-12-06 11:31:02,112.6665,112.82,112.48,112.68,35093
2017-12-06 13:42:54,112.7074,112.7148,112.4762,112.7148,58007
2017-12-06 14:57:52,112.7252,112.75,112.644,112.68,33475
2017-12-06 15:39:39,112.6768,112.7085,112.54,112.54,31796
2017-12-07 09:44:08,112.54,112.61,112.26,112.479,867419
2017-12-07 10:53:05,112.4649,112.6751,112.4649,112.6751,72233
2017-12-07 12:30:29,112.673,112.86,112.5537,112.8052,29494
2017-12-07 13:38:34,112.8021,112.91,112.74,112.87,36404
2017-12-07 14:24:17,112.88,112.8891,112.7401,112.785,32964
2017-12-07 15:24:46,112.78,112.787,112.61,112.6901,34460
2017-12-07 15:50:02,112.6959,112.756,112.57,112.575,47147
2017-12-08 09:57:24,112.5773,113.07,112.56,112.99,66113
2017-12-08 11:06:27,112.9938,113.0956,112.8066,113.0666,35170
2017-12-08 13:04:20,113.0664,113.2332,113.0043,113.185,37705
2017-12-08 14:36:31,113.1856,113.259,113.131,113.1657,53498
2017-12-08 15:48:44,113.165,113.28,113.155,113.2085,40283
2017-12-08 15:58:58,113.215,113.305,113.2038,113.3,96300
2017-12-11 10:16:34,113.3,113.66,113.29,113.539,54567
2017-12-11 11:24:34,113.53,113.58,113.41,113.4848,305780
2017-12-11 13:38:07,113.4967,113.5453,113.43,113.5266,30974
2017-12-11 14:50:01,113.52,113.557,113.49,113.52,37272
2017-12-11 15:38:27,113.5134,113.56,113.4433,113.4766,292946
2017-12-12 09:34:39,113.4764,114.0,113.4764,113.8,37393
2017-12-12 10:24:03,113.83,113.8834,113.72,113.86,48373
2017-12-12 11:36:51,113.859,114.1,113.83,114.06,36941
2017-12-12 12:24:59,114.05,114.18,114.01,114.1461,39709
2017-12-12 13:33:22,114.1375,114.21,114.06,114.17,42148
2017-12-12 14:42:07,114.17,114.2678,114.1469,114.195,35215
2017-12-12 15:31:50,114.199,114.22,114.1448,114.1977,46043
2017-12-13 09:45:36,114.1948,114.1984,113.99,114.1015,58315
2017-12-13 10:52:34,114.06,114.1937,114.0544,114.1138,44361
2017-12-13 12:37:28,114.12,114.28,114.085,114.12,30526
2017-12-13 14:03:00,114.0609,114.21,113.9563,114.19,36202
2017-12-13 15:01:22,114.19,114.21,113.9834,114.139,37919
2017-12-13 15:53:13,114.1359,114.14,113.7938,113.7938,34449
2017-12-14 09:59:32,113.7935,113.96,113.7288,113.9144,199530
2017-12-14 11:04:04,113.94,113.9503,113.751,113.7568,44039
2017-12-14 12:57:51,113.74,113.773,113.59,113.59,42665
2017-12-14 14:12:03,113.59,113.609,113.3737,113.415,37782
2017-12-14 15:08:30,113.427,113.451,113.15,113.2858,56389
2017-12-14 15:59:46,113.2853,113.449,113.17,113.17,37759
2017-12-15 10:14:14,113.15,113.8662,113.15,113.85,59501
2017-12-15 11:05:13,113.89,114.18,113.89,113.98,40131
2017-12-15 12:05:00,113.9801,114.26,113.9801,114.099,35648
2017-12-15 12:55:31,114.12,114.2369,114.08,114.18,49749
2017-12-15 13:41:53,114.18,114.21,114.14,114.2,83504
2017-12-15 14:00:07,114.2,114.31,114.2,114.29,57969
2017-12-15 14:10:05,114.29,114.325,114.275,114.3,35560
2017-12-15 14:22:04,114.305,114.385,114.27,114.375,29023
2017-12-15 14:45:28,114.37,114.37,114.27,114.29,40967
2017-12-15 15:09:09,114.29,114.33,114.24,114.33,48373
2017-12-15 15:38:59,114.33,114.3343,114.24,114.24,59544
2017-12-15 15:51:26,114.24,114.24,114.03,114.08,44216
2017-12-15 15:59:30,114.08,114.085,113.925,114.03,51688
2017-12-18 09:44:41,114.04,115.11,114.03,114.98,304614
2017-12-18 10:11:59,114.99,115.0,114.85,114.8564,25726
2017-12-18 11:02:45,114.86,114.9299,114.78,114.85,31354
2017-12-18 12:03:59,114.86,114.95,114.84,114.935,65166
2017-12-18 13:26:24,114.935,114.9462,114.78,114.8068,34574
2017-12-18 14:09:48,114.824,114.835,114.73,114.775,41294
2017-12-18 15:13:49,114.76,114.91,114.7211,114.8961,42383
2017-12-18 15:50:00,114.895,114.91,114.75,114.75,57298
2017-12-19 09:36:36,114.75,114.81,114.32,114.37,78673
2017-12-19 10:59:36,114.37,114.37,114.04,114.1088,48109
2017-12-19 12:45:34,114.1262,114.1674,113.9634,113.9634,60719
2017-12-19 14:11:13,113.969,114.145,113.9568,113.959,49933
2017-12-19 15:18:40,113.95,114.0463,113.8045,113.8296,53017
2017-12-19 15:48:06,113.8295,113.92,113.82,113.82,51001
2017-12-20 09:36:48,113.82,114.24,113.68,114.1564,46730
2017-12-20 09:51:15,114.0865,114.1,113.87,113.939,42807
2017-12-20 10:43:30,113.9399,114.028,113.67,113.67,30398
2017-12-20 12:37:09,113.66,113.985,113.66,113.8,35661
2017-12-20 14:09:44,113.8,113.969,113.7351,113.9001,60990
2017-12-20 15:17:34,113.9,113.91,113.7629,113.8344,42728
2017-12-21 09:12:42,113.851,114.11,113.72,114.11,40878
2017-12-21 10:04:22,114.11,114.12,113.83,114.08,84050
2017-12-21 10:58:31,114.1035,114.469,114.1035,114.4164,32436
2017-12-21 11:41:45,114.4164,114.4466,114.345,114.431,37081
2017-12-21 12:57:35,114.435,114.5,114.37,114.5,29144
2017-12-21 13:54:42,114.51,114.5836,114.5,114.53,32508
2017-12-21 14:43:54,114.529,114.57,114.51,114.53,35134
2017-12-21 15:41:11,114.5369,114.5749,114.44,114.46,42133
2017-12-22 09:36:22,114.4631,114.49,114.26,114.41,58243
2017-12-22 10:16:54,114.4027,114.47,114.2937,114.32,43747
2017-12-22 11:05:27,114.3101,114.34,114.2253,114.2257,47857
2017-12-22 12:23:40,114.2299,114.257,114.09,114.257,65530
2017-12-22 14:10:23,114.26,114.305,114.2119,114.2352,33731
2017-12-22 15:12:21,114.235,114.33,114.2335,114.291,57434
2017-12-26 09:34:09,114.2834,114.55,114.27,114.55,59035
2017-12-26 10:32:43,114.51,114.69,114.5047,114.5431,43754
2017-12-26 12:47:32,114.545,114.57,114.3825,114.3825,33662
2017-12-26 15:09:04,114.3844,114.3844,114.2932,114.375,44620
2017-12-26 15:55:49,114.3742,114.3742,114.2631,114.3064,37271
2017-12-27 10:51:48,114.305,114.57,114.305,114.41,69931
2017-12-27 12:08:59,114.4064,114.4574,114.32,114.369,33891
2017-12-27 13:59:53,114.3769,114.3769,114.2101,114.2863,33982
2017-12-27 15:33:44,114.2849,114.2865,114.1985,114.2269,35467
2017-12-28 10:46:05,114.231,114.51,114.1701,114.4333,55560
2017-12-28 12:31:07,114.43,114.4465,114.32,114.3761,25015
2017-12-28 14:32:04,114.375,114.399,114.3552,114.379,59050
2017-12-28 15:27:01,114.38,114.48,114.3769,114.461,72281
2017-12-28 15:59:50,114.4664,114.605,114.4639,114.59,48470
2017-12-29 10:16:02,114.59,114.89,114.5,114.5,72224
2017-12-29 11:31:40,114.585,114.615,114.4939,114.57,84571
2017-12-29 13:33:20,114.549,114.64,114.5145,114.5156,37465
2017-12-29 14:59:54,114.52,114.52,114.4,114.485,38712
2017-12-29 15:55:39,114.46,114.59,114.3449,114.351,39605
2018-01-02 09:39:15,114.3257,114.62,114.15,114.51,58450
2018-01-02 10:00:04,114.52,114.57,114.3,114.52,63540
2018-01-02 10:26:19,114.53,114.6925,114.525,114.644,35245
2018-01-02 11:04:14,114.65,114.735,114.54,114.6342,47528
2018-01-02 12:12:09,114.6499,114.66,114.4633,114.599,42148
2018-01-02 13:28:59,114.59,114.64,114.54,114.64,48504
2018-01-02 14:27:36,114.63,114.655,114.5344,114.57,53656
2018-01-02 15:19:41,114.5964,114.686,114.58,114.685,80926
2018-01-02 16:00:00,114.68,114.84,114.6534,114.83,53061
2018-01-03 10:18:04,114.83,115.12,114.83,115.0735,40994
2018-01-03 11:01:05,115.095,115.23,115.06,115.11,21906
2018-01-03 11:54:41,115.1034,115.16,115.08,115.1,75363
2018-01-03 12:53:28,115.105,115.311,115.09,115.311,28925
2018-01-03 13:35:48,115.32,115.3399,115.2,115.2,43051
2018-01-03 14:28:02,115.2,115.2031,115.101,115.16,43846
2018-01-03 15:03:06,115.1501,115.23,115.1368,115.219,40705
2018-01-03 15:34:23,115.2157,115.3061,115.2156,115.3061,40046
2018-01-03 15:51:44,115.3052,115.36,115.28,115.31,36599
2018-01-04 09:34:45,115.325,115.62,115.24,115.55,54241
2018-01-04 09:48:23,115.55,115.72,115.53,115.66,21987
2018-01-04 10:06:00,115.64,115.9,115.63,115.88,35060
2018-01-04 10:48:50,115.8839,115.99,115.85,115.92,33950
2018-01-04 11:35:46,115.9065,115.9128,115.76,115.77,30002
2018-01-04 12:42:25,115.75,115.98,115.7053,115.98,51152
2018-01-04 13:31:20,115.98,116.06,115.98,116.02,70367
2018-01-04 14:20:20,116.0166,116.105,116.01,116.0739,49314
2018-01-04 15:04:14,116.0661,116.07,116.0001,116.04,51298
2018-01-04 15:43:57,116.02,116.02,115.9252,115.94,51985
2018-01-04 15:59:50,115.935,115.935,115.865,115.91,39004
2018-01-05 09:50:41,115.91,116.21,115.795,115.961,77599
2018-01-05 10:44:10,115.96,116.09,115.821,115.83,38236
2018-01-05 11:23:23,115.829,115.97,115.7567,115.97,48432
2018-01-05 12:30:25,115.9668,115.98,115.86,115.91,54568
2018-01-05 13:56:44,115.91,115.9361,115.8168,115.895,67276
2018-01-05 14:36:51,115.8941,116.06,115.88,116.06,76906
2018-01-05 15:19:10,116.06,116.14,116.01,116.13,39115
2018-01-05 15:39:41,116.135,116.19,116.1035,116.17,53103
2018-01-05 15:55:32,116.195,116.32,116.14,116.29,30209
2018-01-08 09:30:14,116.285,116.36,116.191,116.2501,73130
2018-01-08 09:43:44,116.2501,116.32,116.04,116.095,52268
2018-01-08 10:09:52,116.11,116.2,116.1,116.1,42070
2018-01-08 11:10:33,116.09,116.11,116.0,116.0741,33688
2018-01-08 12:06:56,116.0865,116.151,116.08,116.13,259225
2018-01-08 13:10:11,116.135,116.33,116.1,116.32,38942
2018-01-08 13:29:29,116.32,116.44,116.315,116.44,70616
2018-01-08 14:06:53,116.44,116.44,116.38,116.4,53904
2018-01-08 14:47:52,116.41,116.46,116.3933,116.45,52637
2018-01-08 15:05:58,116.455,116.51,116.4533,116.49,35439
2018-01-08 15:41:24,116.5,116.519,116.386,116.4168,34171
2018-01-08 15:59:59,116.43,116.5,116.43,116.43,50711
2018-01-09 09:36:28,116.43,116.74,116.43,116.74,181748
2018-01-09 09:43:21,116.7345,116.84,116.71,116.84,44839
2018-01-09 09:53:12,116.85,116.87,116.63,116.68,33337
2018-01-09 10:14:41,116.68,116.73,116.6248,116.69,35424
2018-01-09 11:01:27,116.695,116.81,116.6599,116.72,34874
2018-01-09 11:22:20,116.733,116.89,116.7139,116.8751,47419
2018-01-09 11:51:57,116.887,117.0,116.8801,116.9399,27297
2018-01-09 12:46:24,116.94,116.9985,116.8551,116.92,34925
2018-01-09 13:40:19,116.95,116.985,116.8944,116.98,38353
2018-01-09 14:13:41,116.98,117.02,116.9331,116.9369,56139
2018-01-09 14:40:48,116.9429,116.9429,116.795,116.8358,39292
2018-01-09 15:17:49,116.8338,116.8851,116.785,116.85,43540
2018-01-09 15:45:00,116.841,116.85,116.7,116.76,41571
2018-01-09 15:59:04,116.7448,116.7448,116.55,116.61,32811
2018-01-10 09:32:05,116.61,116.62,116.38,116.4,75337
2018-01-10 09:54:09,116.41,116.52,116.22,116.25,44862
2018-01-10 10:24:33,116.25,116.5971,116.25,116.56,35027
2018-01-10 11:22:41,116.569,116.76,116.5299,116.691,38034
2018-01-10 12:27:10,116.6856,116.7999,116.65,116.77,46780
2018-01-10 13:25:39,116.77,116.86,116.71,116.8253,47856
2018-01-10 14:25:06,116.8238,116.87,116.606,116.63,45781
2018-01-10 15:06:31,116.61,116.66,116.57,116.66,44458
2018-01-10 15:24:12,116.64,116.67,116.48,116.5343,48420
2018-01-10 15:54:45,116.55,116.675,116.51,116.65,33023
2018-01-11 09:42:31,116.663,117.0539,116.61,117.04,52010
2018-01-11 10:10:37,117.03,117.23,116.9929,117.2,308558
2018-01-11 10:25:19,117.21,117.21,117.06,117.06,35096
2018-01-11 10:51:49,117.06,117.19,117.04,117.19,65393
2018-01-11 11:12:05,117.19,117.31,117.1769,117.229,36621
2018-01-11 11:42:51,117.225,117.2968,117.1999,117.235,36157
2018-01-11 12:15:44,117.2345,117.33,117.2089,117.33,48749
2018-01-11 12:38:03,117.33,117.46,117.305,117.46,48725
2018-01-11 13:10:21,117.47,117.53,117.46,117.53,42155
2018-01-11 14:06:00,117.5266,117.55,117.4452,117.4461,54194
2018-01-11 14:29:03,117.44,117.45,117.38,117.43,49377
2018-01-11 15:00:31,117.439,117.48,117.3932,117.4427,45631
2018-01-11 15:34:48,117.45,117.5252,117.4358,117.47,42123
2018-01-11 15:54:55,117.47,117.6,117.43,117.59,27993
2018-01-12 09:37:14,117.6,117.97,117.53,117.91,58545
2018-01-12 10:06:10,117.91,118.09,117.83,117.995,25269
2018-01-12 10:44:56,117.996,118.1806,117.94,118.18,63916
2018-01-12 11:31:30,118.2,118.26,117.93,118.0537,45120
2018-01-12 12:17:40,118.0466,118.24,118.0466,118.2083,29550
2018-01-12 13:15:54,118.21,118.22,118.0699,118.11,30505
2018-01-12 14:02:00,118.109,118.27,118.094,118.2,45540
2018-01-12 15:00:24,118.1917,118.27,118.0941,118.21,51166
2018-01-12 15:32:50,118.22,118.29,118.1,118.2648,49721
2018-01-12 15:50:00,118.26,118.39,118.2252,118.39,39607
2018-01-12 15:57:46,118.39,118.39,118.23,118.24,66635
2018-01-16 09:32:46,118.24,119.85,118.24,118.78,78777
2018-01-16 09:49:32,118.785,118.9199,118.719,118.8816,30963
2018-01-16 10:09:18,118.89,118.97,118.77,118.78,42006
2018-01-16 10:36:27,118.77,118.8,118.52,118.52,40031
2018-01-16 11:09:19,118.51,118.5702,118.3201,118.35,25013
2018-01-16 11:34:29,118.33,118.49,118.2669,118.49,59729
2018-01-16 11:58:54,118.49,118.5,118.26,118.33,47557
2018-01-16 12:41:08,118.33,118.46,118.32,118.391,55068
2018-01-16 13:23:56,118.3947,118.42,118.2794,118.3199,44458
2018-01-16 13:53:24,118.32,118.35,118.08,118.09,45239
2018-01-16 14:14:21,118.09,118.1,117.9701,118.01,33710
2018-01-16 14:27:55,118.03,118.03,117.7431,117.84,37268
2018-01-16 14:40:40,117.84,117.9,117.74,117.74,34226
2018-01-16 14:51:02,117.74,117.8,117.49,117.68,50797
2018-01-16 15:07:14,117.68,117.92,117.65,117.92,57841
2018-01-16 15:13:16,117.915,118.06,117.9043,117.98,194381
2018-01-16 15:16:42,117.98,117.99,117.83,117.83,77484
2018-01-16 15:35:11,117.83,118.0438,117.83,117.99,56135
2018-01-16 15:54:04,118.02,118.05,117.87,117.9048,40873
2018-01-16 15:59:55,117.92,117.92,117.76,117.83,28625
2018-01-17 09:48:26,117.83,118.1876,117.81,117.86,75577
2018-01-17 10:08:56,117.86,118.02,117.75,118.02,41775
2018-01-17 11:00:19,118.015,118.13,117.97,118.08,41134
2018-01-17 11:33:58,118.05,118.2661,118.01,118.261,100265
2018-01-17 12:23:34,118.2702,118.4,118.2268,118.4,68403
2018-01-17 13:02:56,118.38,118.59,118.37,118.58,49460
2018-01-17 13:43:13,118.55,118.5663,118.44,118.5,57501
2018-01-17 14:12:34,118.489,118.7,118.4832,118.68,41749
2018-01-17 14:53:07,118.686,118.8799,118.6731,118.84,70975
2018-01-17 15:23:38,118.8231,118.896,118.73,118.74,69300
2018-01-17 15:29:49,118.74,118.77,118.7,118.72,61217
2018-01-17 15:52:48,118.72,118.84,118.68,118.68,43207
2018-01-18 09:31:02,118.68,118.69,118.45,118.49,55474
2018-01-18 10:10:56,118.48,118.7782,118.48,118.695,52918
2018-01-18 10:57:22,118.696,118.71,118.3568,118.3941,35939
2018-01-18 11:33:38,118.385,118.541,118.305,118.42,35028
2018-01-18 12:22:49,118.42,118.4532,118.21,118.345,31744
2018-01-18 13:21:04,118.3488,118.42,118.281,118.3563,42406
2018-01-18 14:07:16,118.3434,118.525,118.303,118.4761,37130
2018-01-18 14:43:32,118.505,118.6953,118.5037,118.595,37332
2018-01-18 15:20:42,118.5862,118.6,118.51,118.5666,56592
2018-01-18 15:48:19,118.5562,118.5562,118.22,118.31,39664
2018-01-19 09:43:47,118.3,118.619,118.279,118.4434,98446
2018-01-19 10:47:41,118.484,118.57,118.29,118.509,91625
2018-01-19 11:41:47,118.509,118.509,118.2651,118.3685,69529
2018-01-19 12:43:29,118.3762,118.45,118.3301,118.45,63551
2018-01-19 13:52:34,118.4448,118.525,118.3534,118.411,58798
2018-01-19 14:27:37,118.419,118.615,118.401,118.5555,41326
2018-01-19 14:57:05,118.5418,118.6588,118.5418,118.64,45557
2018-01-19 15:33:35,118.63,118.79,118.545,118.775,33581
2018-01-19 15:59:59,118.785,118.825,118.7,118.82,52361
2018-01-22 10:09:38,118.83,119.23,118.74,119.23,55603
2018-01-22 10:32:57,119.23,119.4,119.2,119.24,42824
2018-01-22 11:00:25,119.24,119.29,119.1,119.1,31218
2018-01-22 11:28:11,119.11,119.2461,119.11,119.17,41882
2018-01-22 12:01:23,119.16,119.32,119.09,119.32,32119
2018-01-22 12:44:28,119.32,119.4467,119.2334,119.441,34898
2018-01-22 13:40:34,119.445,119.4738,119.335,119.43,44827
2018-01-22 14:31:11,119.4252,119.47,119.35,119.4021,52731
2018-01-22 15:20:10,119.4,119.5063,119.395,119.4858,38358
2018-01-22 15:37:38,119.485,119.57,119.485,119.526,35584
2018-01-22 15:50:41,119.5368,119.75,119.53,119.7499,32251
2018-01-22 15:59:48,119.75,119.82,119.69,119.82,25212
2018-01-23 09:45:45,119.82,119.87,119.57,119.87,83699
2018-01-23 09:58:58,119.88,119.92,119.52,119.67,35702
2018-01-23 10:28:00,119.67,119.68,119.4659,119.585,39942
2018-01-23 10:57:44,119.57,119.89,119.5145,119.87,120028
2018-01-23 11:41:19,119.8699,119.93,119.76,119.76,40529
2018-01-23 12:21:49,119.763,119.8046,119.67,119.8046,36404
2018-01-23 13:13:16,119.8001,119.86,119.6657,119.8066,58777
2018-01-23 13:53:37,119.795,119.95,119.77,119.95,44008
2018-01-23 14:23:31,119.9634,119.9634,119.79,119.812,267674
2018-01-23 14:53:50,119.82,120.04,119.8101,120.021,49659
2018-01-23 15:16:17,120.02,120.02,119.8246,119.826,45948
2018-01-23 15:48:38,119.83,119.965,119.8133,119.945,44258
2018-01-24 09:32:29,119.941,120.24,119.84,120.21,62896
2018-01-24 09:41:41,120.21,120.31,120.18,120.3,28159
2018-01-24 10:01:11,120.28,120.49,120.24,120.4101,26906
2018-01-24 10:28:42,120.5,120.5698,120.39,120.4,34928
2018-01-24 10:51:01,120.4083,120.54,120.4,120.45,32214
2018-01-24 11:13:03,120.45,120.49,120.24,120.24,27621
2018-01-24 11:18:37,120.24,120.24,120.03,120.13,33667
2018-01-24 11:32:03,120.13,120.16,119.96,119.96,39232
2018-01-24 11:46:37,119.96,120.04,119.82,119.98,42983
2018-01-24 12:25:53,120.005,120.06,119.8201,119.85,26407
2018-01-24 13:34:18,119.8638,119.8985,119.58,119.88,36577
2018-01-24 13:43:42,119.88,120.01,119.88,119.99,39489
2018-01-24 14:21:14,119.98,120.209,119.98,120.209,43907
2018-01-24 15:04:12,120.1919,120.26,120.1,120.1054,59304
2018-01-24 15:33:30,120.11,120.19,120.0866,120.09,79905
2018-01-24 15:49:37,120.09,120.36,120.09,120.3,37962
2018-01-25 09:39:06,120.29,120.49,120.06,120.06,36568
2018-01-25 09:59:22,120.06,120.23,119.94,119.99,59318
2018-01-25 10:42:15,120.0,120.215,119.85,120.1041,36645
2018-01-25 11:13:49,120.0928,120.16,120.0058,120.14,39790
2018-01-25 11:48:33,120.13,120.32,120.0666,120.23,45054
2018-01-25 12:41:03,120.2062,120.28,120.13,120.16,38116
2018-01-25 13:51:02,120.1496,120.2488,120.04,120.18,39827
2018-01-25 14:27:58,120.17,120.25,119.96,119.9768,57902
2018-01-25 15:01:12,119.97,120.029,119.82,119.87,59394
2018-01-25 15:26:35,119.83,120.0468,119.73,120.0468,46612
2018-01-25 15:55:34,120.0299,120.09,119.95,120.03,220066
2018-01-26 09:39:53,120.03,120.4,120.01,120.37,62505
2018-01-26 09:59:56,120.42,120.47,120.3183,120.4,55304
2018-01-26 10:41:45,120.4099,120.45,120.2219,120.45,36538
2018-01-26 11:16:15,120.45,120.51,120.311,120.3633,49684
2018-01-26 12:03:11,120.3767,120.465,120.34,120.4071,45958
2018-01-26 12:46:13,120.4167,120.57,120.403,120.57,34988
2018-01-26 13:09:56,120.57,120.68,120.57,120.65,77608
2018-01-26 13:41:50,120.645,120.75,120.63,120.6769,47153
2018-01-26 14:16:10,120.69,120.75,120.63,120.7,43834
2018-01-26 14:59:05,120.6741,120.74,120.6029,120.695,45322
2018-01-26 15:19:11,120.7068,120.88,120.69,120.88,32806
2018-01-26 15:36:05,120.875,120.95,120.831,120.941,34912
2018-01-26 15:54:02,120.95,121.03,120.94,121.0069,35391
2018-01-26 15:59:29,121.0,121.09,120.98,121.08,46801
2018-01-29 09:37:09,121.08,121.12,120.66,120.99,54292
2018-01-29 09:49:41,121.0,121.0638,120.94,121.06,134955
2018-01-29 10:05:32,121.06,121.07,120.8478,120.8629,48126
2018-01-29 10:43:22,120.85,120.96,120.54,120.56,33134
2018-01-29 11:19:37,120.56,120.76,120.5434,120.6342,38598
2018-01-29 11:43:17,120.66,120.79,120.62,120.71,24490
2018-01-29 12:38:58,120.705,120.9043,120.64,120.79,43278
2018-01-29 13:17:43,120.81,120.98,120.725,120.98,51142
2018-01-29 14:10:14,120.99,120.99,120.8246,120.87,80558
2018-01-29 14:39:45,120.87,120.95,120.76,120.76,70294
2018-01-29 15:09:05,120.75,120.84,120.7,120.7948,59256
2018-01-29 15:28:31,120.8,120.85,120.64,120.64,60056
2018-01-29 15:42:26,120.6225,120.665,120.37,120.4231,90695
2018-01-29 15:56:50,120.41,120.57,120.3201,120.55,42763
2018-01-30 09:30:01,120.55,120.55,119.51,119.51,73076
2018-01-30 09:35:35,119.51,120.03,119.49,120.03,37729
2018-01-30 09:49:05,120.0045,120.0045,119.4162,119.43,74987
2018-01-30 09:57:28,119.45,119.49,119.3274,119.39,38376
2018-01-30 10:08:23,119.39,119.44,119.04,119.05,33836
2018-01-30 10:40:24,119.11,119.5738,119.04,119.48,40472
2018-01-30 11:05:01,119.48,119.55,119.2801,119.36,44140
2018-01-30 11:29:30,119.38,119.42,119.18,119.18,36019
2018-01-30 11:52:12,119.19,119.44,119.15,119.22,33538
2018-01-30 12:30:45,119.27,119.27,119.06,119.1,27572
2018-01-30 13:06:43,119.1199,119.17,118.96,118.9699,32904
2018-01-30 13:32:49,118.96,119.12,118.96,119.04,39376
2018-01-30 14:14:51,119.04,119.37,119.0,119.35,42415
2018-01-30 14:47:29,119.35,119.35,119.03,119.0333,35110
2018-01-30 15:14:32,119.05,119.13,119.0,119.13,48364
2018-01-30 15:38:21,119.14,119.32,119.07,119.31,50231
2018-01-30 15:57:02,119.31,119.31,119.14,119.14,47355
2018-01-30 15:59:56,119.14,119.14,118.95,118.96,37863
2018-01-31 10:09:05,118.96,119.38,118.94,119.0964,69887
2018-01-31 10:45:03,119.105,119.3199,118.9065,118.9065,28735
2018-01-31 11:12:37,118.9065,118.98,118.7962,118.831,26154
2018-01-31 12:03:56,118.8637,118.95,118.81,118.9256,32062
2018-01-31 13:16:06,118.93,119.0,118.8134,118.9364,48014
2018-01-31 14:01:35,118.92,119.14,118.92,119.14,38535
2018-01-31 14:24:59,119.15,119.18,118.67,118.67,36594
2018-01-31 14:51:01,118.67,118.74,118.32,118.33,39748
2018-01-31 15:20:42,118.35,118.58,118.32,118.56,50075
2018-01-31 15:43:07,118.55,119.1,118.4808,119.1,47266
2018-01-31 15:59:50,119.05,119.13,118.83,118.85,43299
2018-02-01 09:41:52,118.82,118.9845,118.43,118.6942,92849
2018-02-01 10:09:24,118.68,118.85,118.58,118.76,38994
2018-02-01 10:48:17,118.7701,118.8299,118.48,118.6,49648
2018-02-01 11:27:16,118.6,118.725,118.4228,118.674,33094
2018-02-01 12:18:01,118.6599,119.27,118.6092,119.2354,591667
2018-02-01 13:41:55,119.2359,119.3001,119.12,119.135,36347
2018-02-01 14:09:33,119.135,119.135,118.95,119.01,42503
2018-02-01 14:29:20,119.01,119.01,118.68,118.88,37289
2018-02-01 14:53:30,118.9,119.04,118.86,119.03,50322
2018-02-01 15:27:57,119.04,119.1,118.8831,118.8831,35585
2018-02-01 15:47:37,118.88,118.88,118.63,118.8199,32255
2018-02-02 09:30:22,118.81,119.03,118.15,118.15,69637
2018-02-02 10:01:52,118.2945,118.2945,117.78,117.78,43822
2018-02-02 10:08:31,117.78,117.8,117.59,117.78,33718
2018-02-02 10:33:02,117.78,117.8612,117.63,117.739,36315
2018-02-02 11:10:02,117.7343,117.93,117.66,117.7666,47368
2018-02-02 11:36:49,117.76,117.87,117.57,117.62,42964
2018-02-02 12:01:05,117.61,117.7,117.34,117.37,34402
2018-02-02 12:54:58,117.34,117.5934,117.34,117.4377,41096
2018-02-02 13:22:05,117.44,117.4599,117.17,117.17,73970
2018-02-02 13:53:48,117.17,117.34,117.025,117.09,36104
2018-02-02 14:08:06,117.095,117.13,116.97,117.07,43096
2018-02-02 14:19:57,117.07,117.07,116.7,116.79,61240
2018-02-02 14:26:33,116.79,116.83,116.64,116.6702,43248
2018-02-02 14:39:47,116.6584,116.83,116.599,116.6899,45882
2018-02-02 14:59:22,116.68,116.78,116.4,116.4667,41995
2018-02-02 15:08:39,116.4728,116.4728,116.22,116.29,41523
2018-02-02 15:27:21,116.29,116.66,116.195,116.62,42627
2018-02-02 15:49:59,116.62,116.64,116.31,116.32,35898
2018-02-02 15:59:47,116.3258,116.38,116.16,116.26,33311
2018-02-05 09:32:05,116.27,116.33,115.0,115.4,56143
2018-02-05 09:39:13,115.4,115.68,115.3653,115.5,30725
2018-02-05 09:53:25,115.5,115.56,115.11,115.23,28937
2018-02-05 10:09:47,115.245,115.53,115.2,115.49,27397
2018-02-05 10:23:59,115.49,115.66,115.44,115.6528,31794
2018-02-05 10:45:55,115.66,115.87,115.62,115.75,30832
2018-02-05 11:06:10,115.76,115.99,115.75,115.8,34417
2018-02-05 11:31:53,115.79,115.83,115.5363,115.56,34024
2018-02-05 11:50:11,115.61,115.61,115.39,115.395,36847
2018-02-05 12:15:33,115.39,115.5299,115.16,115.16,53018
2018-02-05 12:18:39,115.1538,115.17,115.03,115.11,56666
2018-02-05 12:41:51,115.06,115.16,114.8,115.05,43342
2018-02-05 13:04:49,115.0,115.14,114.46,114.46,36919
2018-02-05 13:19:02,114.43,114.55,114.15,114.15,38293
2018-02-05 13:32:36,114.16,114.28,113.93,114.2367,41138
2018-02-05 13:44:11,114.2367,114.26,113.9631,114.07,46546
2018-02-05 13:58:35,114.07,114.47,114.06,114.4111,45536
2018-02-05 14:24:43,114.45,114.5699,113.92,113.92,37948
2018-02-05 14:32:02,113.92,113.96,113.67,113.75,47112
2018-02-05 14:44:07,113.75,113.76,113.43,113.43,40758
2018-02-05 14:51:34,113.43,113.57,113.27,113.32,33893
2018-02-05 14:57:57,113.36,113.47,112.93,112.95,44005
2018-02-05 15:03:59,112.91,113.05,112.73,112.9,43407
2018-02-05 15:06:46,112.86,112.86,112.26,112.27,25830
2018-02-05 15:07:34,112.27,112.32,111.9,112.04,19096
2018-02-05 15:09:43,112.07,112.18,111.51,111.64,19367
2018-02-05 15:10:08,111.6,111.65,111.05,111.11,31694
2018-02-05 15:11:24,111.08,111.45,110.9,111.3424,17448
2018-02-05 15:18:36,111.36,113.12,111.27,112.49,27471
2018-02-05 15:25:39,112.5,113.03,112.205,112.9292,26405
2018-02-05 15:30:19,112.95,113.25,112.81,112.96,31361
2018-02-05 15:34:25,112.97,113.1374,112.7667,113.11,29993
2018-02-05 15:40:23,113.12,113.12,112.3,112.33,22618
2018-02-05 15:46:21,112.2788,112.6261,112.0561,112.21,35177
2018-02-05 15:50:22,112.22,112.26,111.8,111.94,28305
2018-02-05 15:55:11,112.01,112.15,111.55,111.5803,32011
2018-02-05 15:58:22,111.69,112.0,111.5866,111.9499,26350
2018-02-05 15:59:48,111.95,111.95,111.35,111.35,14123
2018-02-06 09:30:04,111.36,111.37,108.99,109.45,47255
2018-02-06 09:31:04,109.38,109.67,108.91,108.91,19780
2018-02-06 09:31:24,108.97,109.1793,108.91,109.05,23391
2018-02-06 09:40:48,109.05,111.13,108.62,111.13,27807
2018-02-06 09:44:28,111.13,111.29,110.91,111.16,22072
2018-02-06 09:53:18,111.12,112.0,110.94,111.95,25656
2018-02-06 10:00:36,112.17,112.59,111.48,112.17,22260
2018-02-06 10:05:51,112.23,112.6075,111.8,112.48,18794
2018-02-06 10:10:21,112.4,112.45,111.855,112.17,24926
2018-02-06 10:18:12,112.24,112.24,110.92,110.92,25955
2018-02-06 10:24:26,110.79,111.601,110.68,110.71,26100
2018-02-06 10:32:11,110.72,111.29,110.65,110.66,19194
2018-02-06 10:37:49,110.66,110.94,110.19,110.5148,24066
2018-02-06 10:47:59,110.5,111.12,110.2729,111.02,19659
2018-02-06 10:57:20,111.08,111.44,110.84,111.15,17386
2018-02-06 11:08:47,111.1689,111.1689,110.78,110.8,30459
2018-02-06 11:16:31,110.75,110.92,110.36,110.74,26758
2018-02-06 11:30:26,110.79,110.81,110.29,110.37,25213
2018-02-06 11:42:15,110.37,110.46,110.0575,110.39,24427
2018-02-06 11:50:45,110.38,110.72,110.37,110.7,22115
2018-02-06 11:57:20,110.6409,110.98,110.6409,110.75,23549
2018-02-06 12:03:06,110.78,110.7964,110.62,110.76,28817
2018-02-06 12:09:34,110.7692,111.02,110.68,110.9431,23326
2018-02-06 12:16:43,110.98,111.28,110.77,111.2,22467
2018-02-06 12:27:19,111.18,111.18,110.9368,111.13,22262
2018-02-06 12:29:53,111.15,111.49,111.13,111.46,22650
2018-02-06 12:33:16,111.46,111.68,111.43,111.48,24966
2018-02-06 12:41:12,111.47,111.82,111.28,111.76,32112
2018-02-06 12:49:09,111.77,111.87,111.21,111.24,19794
2018-02-06 13:00:09,111.26,111.3,110.98,111.1,25264
2018-02-06 13:07:10,111.07,111.07,110.7,110.77,20413
2018-02-06 13:20:06,110.8,111.13,110.6,111.13,19089
2018-02-06 13:40:30,111.16,111.2,110.54,110.765,22798
2018-02-06 13:51:11,110.73,110.73,110.4,110.4,43078
2018-02-06 14:00:52,110.4,110.49,110.27,110.35,28780
2018-02-06 14:10:45,110.34,110.36,110.08,110.36,19766
2018-02-06 14:19:29,110.36,110.56,110.16,110.27,16524
2018-02-06 14:28:42,110.28,110.36,110.07,110.33,26474
2018-02-06 14:43:39,110.33,110.7,110.2,110.58,28079
2018-02-06 14:50:11,110.58,111.35,110.56,111.35,21146
2018-02-06 14:55:56,111.35,111.76,111.11,111.76,15286
2018-02-06 15:04:35,111.82,112.29,111.5386,112.12,18245
2018-02-06 15:08:15,112.22,112.79,112.2056,112.62,20198
2018-02-06 15:13:36,112.66,112.93,112.5,112.5082,28471
2018-02-06 15:23:51,112.49,112.54,112.0401,112.1081,34146
2018-02-06 15:33:51,112.1199,112.65,112.0305,112.65,33788
2018-02-06 15:41:55,112.71,113.1,112.56,113.05,23772
2018-02-06 15:50:15,113.07,113.105,112.34,112.34,39668
2018-02-06 15:59:19,112.38,112.8,112.17,112.5901,42345
2018-02-07 09:30:10,112.55,112.88,112.5,112.5,105090
2018-02-07 09:36:08,112.58,113.13,112.48,113.13,37060
2018-02-07 09:44:10,113.12,113.71,113.03,113.47,35373
2018-02-07 09:45:57,113.39,113.59,113.38,113.54,31179
2018-02-07 09:50:55,113.44,113.45,113.12,113.19,24019
2018-02-07 09:58:15,113.19,113.6,113.18,113.56,30064
2018-02-07 10:09:41,113.58,113.98,113.41,113.91,28174
2018-02-07 10:22:20,113.92,114.105,113.76,113.76,27291
2018-02-07 10:39:01,113.76,113.93,113.55,113.67,35299
2018-02-07 11:00:00,113.67,113.95,113.5,113.89,25618
2018-02-07 11:26:38,113.89,114.37,113.83,113.96,25990
2018-02-07 12:02:12,114.015,114.095,113.7,114.0484,29752
2018-02-07 12:45:18,114.0692,114.1,113.6116,113.69,53082
2018-02-07 13:02:00,113.69,113.84,113.59,113.65,27429
2018-02-07 13:08:36,113.65,113.73,113.31,113.47,26051
2018-02-07 13:14:35,113.49,113.55,113.03,113.15,24948
2018-02-07 13:17:12,113.15,113.18,112.92,113.14,31631
2018-02-07 13:24:01,113.14,113.37,112.91,113.08,28828
2018-02-07 13:31:48,113.09,113.22,112.88,113.2,32548
2018-02-07 13:57:12,113.19,113.62,113.03,113.2844,28146
2018-02-07 14:11:44,113.275,113.34,112.8994,113.17,40913
2018-02-07 14:33:18,113.19,113.4784,113.1538,113.4197,33047
2018-02-07 15:00:32,113.4052,113.52,112.7301,113.21,28307
2018-02-07 15:25:22,113.1355,113.58,113.1355,113.4901,28130
2018-02-07 15:37:12,113.52,113.77,113.51,113.76,26947
2018-02-07 15:50:16,113.76,113.81,113.08,113.09,28352
2018-02-07 15:58:55,113.09,113.25,112.77,112.77,76675
2018-02-08 09:31:17,112.77,112.77,112.47,112.47,457464
2018-02-08 09:35:20,112.48,112.511,112.16,112.26,22840
2018-02-08 10:00:31,112.4,112.43,112.0,112.09,43187
2018-02-08 10:17:26,112.09,112.48,112.01,112.275,30229
2018-02-08 10:31:09,112.28,112.28,111.81,111.95,25326
2018-02-08 10:48:13,111.95,112.13,111.81,111.86,23170
2018-02-08 10:56:37,111.84,111.88,111.41,111.46,25569
2018-02-08 11:12:07,111.46,111.86,111.46,111.61,29951
2018-02-08 11:22:17,111.59,111.71,111.25,111.2721,29984
2018-02-08 11:30:26,111.26,111.34,111.0905,111.34,34561
2018-02-08 11:45:35,111.34,111.68,111.08,111.18,33657
2018-02-08 11:57:10,111.19,111.79,111.17,111.51,22207
2018-02-08 12:01:24,111.53,111.56,111.31,111.49,33375
2018-02-08 12:24:17,111.49,111.49,110.849,110.8892,25912
2018-02-08 12:39:01,110.8,110.8809,110.58,110.83,32507
2018-02-08 12:54:23,110.83,111.23,110.21,110.21,32685
2018-02-08 12:59:15,110.21,110.46,110.08,110.43,29566
2018-02-08 13:08:54,110.529,110.58,110.231,110.58,24020
2018-02-08 13:13:33,110.62,110.76,110.52,110.57,31519
2018-02-08 13:27:30,110.57,111.03,110.5144,110.76,38313
2018-02-08 13:39:57,110.77,111.0187,110.42,111.0187,54599
2018-02-08 13:52:47,111.0899,111.375,110.96,111.2,28820
2018-02-08 14:03:28,111.22,111.43,110.94,110.971,28600
2018-02-08 14:13:48,110.86,111.19,110.81,111.07,30914
2018-02-08 14:29:41,111.065,111.36,110.7924,110.7924,31706
2018-02-08 14:48:53,110.8299,110.91,110.5202,110.72,25839
2018-02-08 15:00:03,110.72,110.762,110.32,110.52,24373
2018-02-08 15:11:58,110.5,110.8,110.27,110.41,46076
2018-02-08 15:18:14,110.4115,110.4115,110.15,110.37,33539
2018-02-08 15:26:36,110.3356,110.59,110.06,110.5255,27854
2018-02-08 15:38:00,110.56,110.68,109.83,109.83,26722
2018-02-08 15:45:02,109.84,110.08,109.6,109.97,22148
2018-02-08 15:47:27,109.98,110.01,109.44,109.6,16660
2018-02-08 15:51:48,109.6,109.66,109.35,109.36,22107
2018-02-08 15:58:03,109.38,109.47,109.17,109.17,30219
2018-02-08 15:59:58,109.16,109.17,108.7,108.72,27122
2018-02-09 09:38:06,108.72,110.209,108.71,109.53,45777
2018-02-09 09:51:14,109.5401,110.11,109.26,109.8,37569
2018-02-09 10:08:17,109.78,110.16,109.4536,109.49,26713
2018-02-09 10:24:26,109.44,109.71,109.4,109.43,27332
2018-02-09 10:46:48,109.43,109.73,108.64,108.68,21721
2018-02-09 10:48:54,108.67,108.67,108.2,108.24,20592
2018-02-09 10:51:48,108.23,108.61,108.135,108.61,15951
2018-02-09 10:55:12,108.61,109.18,108.6,109.18,20569
2018-02-09 11:03:49,109.14,109.23,108.7927,109.23,20437
2018-02-09 11:16:16,109.23,109.29,108.7619,108.7619,23113
2018-02-09 11:25:27,108.72,108.89,108.5393,108.66,19042
2018-02-09 11:49:48,108.56,109.01,108.47,108.48,80402
2018-02-09 12:06:24,108.48,108.56,107.85,107.85,60195
2018-02-09 12:16:29,107.85,107.89,107.45,107.64,20444
2018-02-09 12:26:10,107.68,108.07,107.6,107.71,24521
2018-02-09 12:36:28,107.62,107.72,107.33,107.33,18416
2018-02-09 12:54:35,107.34,107.52,107.22,107.44,21987
2018-02-09 13:05:14,107.43,108.11,107.43,107.7769,20394
2018-02-09 13:22:12,107.74,107.77,107.21,107.47,31011
2018-02-09 13:27:42,107.47,107.47,107.0701,107.1398,25496
2018-02-09 13:37:17,107.11,107.38,106.92,106.92,25301
2018-02-09 13:40:41,106.92,107.04,106.79,106.99,25663
2018-02-09 13:48:30,106.99,107.62,106.93,107.5139,36463
2018-02-09 13:54:04,107.45,107.9,107.44,107.9,31154
2018-02-09 13:57:51,107.9,108.2636,107.8565,108.2,22472
2018-02-09 14:01:59,108.2,108.26,107.79,108.2345,29572
2018-02-09 14:03:59,108.07,109.01,108.07,108.9,23771
2018-02-09 14:08:41,108.9,108.9,108.37,108.67,31531
2018-02-09 14:13:54,108.64,109.18,108.52,108.76,22093
2018-02-09 14:23:38,108.8945,109.43,108.73,109.43,26370
2018-02-09 14:32:18,109.45,109.76,108.82,109.12,22456
2018-02-09 14:43:50,109.09,109.19,108.7,108.92,31948
2018-02-09 15:02:20,108.92,109.2899,108.45,108.45,25370
2018-02-09 15:09:22,108.39,108.63,108.0701,108.0701,22968
2018-02-09 15:15:06,108.0201,108.74,108.0201,108.74,27831
2018-02-09 15:29:03,108.73,109.24,108.6398,109.23,32679
2018-02-09 15:35:48,109.26,109.4417,109.01,109.39,33814
2018-02-09 15:44:01,109.39,109.83,109.1078,109.801,36378
2018-02-09 15:50:56,109.8446,110.6599,109.8446,110.59,30657
2018-02-09 15:54:09,110.59,110.87,110.545,110.61,44855
2018-02-09 15:58:16,110.61,110.67,110.03,110.031,24851
2018-02-09 15:59:45,110.05,110.12,109.78,110.08,33880
2018-02-12 09:33:08,110.07,111.24,109.97,111.24,45224
2018-02-12 09:51:39,111.25,111.61,111.09,111.09,23135
2018-02-12 10:16:03,111.1,111.21,110.59,110.59,31159
2018-02-12 10:20:50,110.59,110.74,110.4,110.45,31389
2018-02-12 10:28:59,110.445,110.65,110.19,110.37,85845
2018-02-12 10:50:13,110.38,110.81,110.2513,110.7855,39432
2018-02-12 11:15:11,110.77,110.87,110.5168,110.87,53723
2018-02-12 11:43:31,110.87,110.87,110.56,110.85,47263
2018-02-12 12:06:52,110.78,111.17,110.72,111.14,33308
2018-02-12 12:18:27,111.135,111.66,111.135,111.61,31577
2018-02-12 13:00:02,111.61,111.6543,111.35,111.51,35615
2018-02-12 13:50:15,111.5,111.5863,111.3747,111.54,56914
2018-02-12 14:07:05,111.54,112.005,111.51,111.77,25235
2018-02-12 14:50:31,111.74,111.9361,111.56,111.56,25766
2018-02-12 15:15:00,111.55,111.97,111.5098,111.93,55472
2018-02-12 15:43:35,111.9249,112.055,111.43,111.68,38179
2018-02-12 15:47:05,111.68,111.73,110.99,111.19,33792
2018-02-12 15:59:59,111.31,111.6,111.25,111.38,34326
2018-02-13 09:46:20,111.37,111.37,110.53,110.8554,61734
2018-02-13 10:07:00,110.89,110.95,110.66,110.7567,48621
2018-02-13 10:48:07,110.72,111.16,110.67,111.16,31124
2018-02-13 11:17:57,111.1475,111.17,110.83,110.94,41577
2018-02-13 11:47:25,110.94,111.2107,110.88,111.1601,36804
2018-02-13 12:48:59,111.1597,111.26,111.0262,111.16,62156
2018-02-13 13:43:21,111.19,111.695,111.047,111.695,45519
2018-02-13 14:29:16,111.6937,111.8,111.5438,111.6398,42689
2018-02-13 15:11:42,111.59,111.7,111.46,111.5366,31262
2018-02-13 15:42:00,111.546,111.85,111.53,111.62,36718
2018-02-14 09:31:29,111.615,111.77,111.0201,111.0201,47380
2018-02-14 09:38:48,111.105,111.31,110.96,111.01,34239
2018-02-14 10:01:05,111.095,111.5067,110.91,111.2398,53724
2018-02-14 10:10:44,111.2101,111.84,111.09,111.84,40862
2018-02-14 10:20:58,111.84,111.95,111.59,111.91,32822
2018-02-14 10:45:47,111.92,112.11,111.68,112.05,40244
2018-02-14 11:19:03,112.06,112.1,111.73,111.99,37280
2018-02-14 11:47:54,111.99,112.2,111.86,111.97,27535
2018-02-14 12:39:23,112.0012,112.21,111.82,112.15,38816
2018-02-14 13:41:59,112.19,112.87,112.13,112.7842,43300
2018-02-14 14:30:37,112.7757,112.95,112.51,112.55,51506
2018-02-14 15:03:01,112.56,113.015,112.56,112.94,42016
2018-02-14 15:33:37,112.97,113.13,112.905,112.9421,41907
2018-02-15 09:37:11,112.949,113.68,112.8852,113.49,59583
2018-02-15 09:56:52,113.55,113.68,113.36,113.47,55983
2018-02-15 10:34:57,113.4757,113.6099,113.14,113.2198,50423
2018-02-15 11:02:35,113.2699,113.32,112.67,112.68,45084
2018-02-15 11:29:52,112.68,113.09,112.53,113.09,35352
2018-02-15 12:01:20,113.1,113.24,112.91,113.2,32321
2018-02-15 13:14:18,113.238,113.54,113.04,113.51,32008
2018-02-15 13:58:13,113.56,113.56,113.249,113.45,34928
2018-02-15 14:51:28,113.48,113.78,113.45,113.76,41234
2018-02-15 15:49:51,113.7636,113.92,113.53,113.7501,37915
2018-02-16 09:35:21,113.82,114.05,113.73,113.9225,63073
2018-02-16 10:42:42,113.905,114.3203,113.7408,114.19,51734
2018-02-16 11:04:43,114.18,114.44,114.18,114.425,45258
2018-02-16 11:58:01,114.44,114.7755,114.36,114.7705,31298
2018-02-16 12:53:17,114.81,115.0399,114.48,114.53,35501
2018-02-16 13:44:39,114.4895,114.77,114.09,114.58,32688
2018-02-16 14:16:28,114.5266,114.5999,114.1363,114.16,49617
2018-02-16 14:38:16,114.16,114.3499,113.9556,114.31,35662
2018-02-16 15:14:28,114.26,114.58,114.1264,114.4796,39293
2018-02-16 15:47:51,114.4701,114.5384,114.27,114.5384,41145
2018-02-20 09:36:29,114.5417,114.57,113.63,113.89,58273
2018-02-20 10:01:04,113.89,113.91,113.44,113.44,60056
2018-02-20 11:00:42,113.434,113.56,113.1505,113.1626,40516
2018-02-20 13:08:35,113.2199,113.86,113.154,113.5,31437
2018-02-20 14:27:11,113.47,113.5548,113.18,113.305,37639
2018-02-20 15:14:17,113.289,113.3851,112.95,113.02,36040
2018-02-20 15:50:16,113.01,113.14,112.71,113.14,38354
2018-02-21 10:00:49,113.14,113.4899,112.9,113.46,80476
2018-02-21 11:32:06,113.4862,113.68,113.2627,113.62,40822
2018-02-21 12:51:15,113.6324,113.71,113.321,113.5324,33519
2018-02-21 14:01:20,113.56,113.92,113.45,113.86,47038
2018-02-21 14:44:33,113.8343,114.1,113.7597,113.815,34453
2018-02-21 15:02:56,113.73,113.73,113.19,113.2221,36573
2018-02-21 15:26:25,113.21,113.3005,112.85,113.01,50976
2018-02-21 15:46:12,113.01,113.3005,112.64,112.9,40736
2018-02-22 09:42:10,112.89,113.1731,112.23,113.12,65827
2018-02-22 10:04:43,112.9868,112.9868,112.61,112.85,49048
2018-02-22 10:50:51,112.85,113.17,112.76,113.17,47349
2018-02-22 12:00:08,113.1701,113.5804,112.92,113.56,223891
2018-02-22 12:50:52,113.5741,113.598,113.051,113.18,37192
2018-02-22 13:28:57,113.18,113.32,112.8601,113.0859,43216
2018-02-22 14:30:43,113.0632,113.0632,112.7,113.03,36194
2018-02-22 14:58:19,113.04,113.07,112.46,112.46,40629
2018-02-22 15:29:24,112.51,112.64,112.29,112.53,38879
2018-02-22 15:50:02,112.5268,112.58,112.09,112.12,43141
2018-02-23 09:35:23,112.13,113.09,112.13,113.0689,53069
2018-02-23 10:22:12,113.0689,113.07,112.741,112.79,59759
2018-02-23 11:36:53,112.7768,113.1699,112.75,113.1699,52975
2018-02-23 13:09:17,113.149,113.4099,113.1,113.12,44443
2018-02-23 14:28:26,113.125,113.33,113.116,113.285,47457
2018-02-23 15:36:37,113.285,113.89,113.21,113.82,41742
2018-02-26 09:30:58,113.8248,114.7,113.8001,114.53,59709
2018-02-26 10:18:35,114.53,114.77,114.2799,114.37,32473
2018-02-26 11:54:47,114.37,114.665,114.1727,114.5869,36595
2018-02-26 13:06:04,114.64,115.08,114.62,115.05,34513
2018-02-26 13:56:33,115.05,115.12,114.99,115.11,45511
2018-02-26 14:43:34,115.12,115.18,115.0334,115.05,35071
2018-02-26 15:18:12,115.06,115.28,114.9573,115.21,40126
2018-02-26 15:43:27,115.21,115.41,115.21,115.2899,42069
2018-02-27 09:38:09,115.27,115.55,115.1662,115.55,869590
2018-02-27 10:14:19,115.55,115.76,115.3963,115.73,28241
2018-02-27 10:46:05,115.7,115.8359,115.18,115.28,34336
2018-02-27 11:10:19,115.28,115.28,114.85,115.2424,36792
2018-02-27 11:38:33,115.2424,115.3302,114.96,114.96,40912
2018-02-27 12:24:12,114.97,114.97,114.4801,114.51,29020
2018-02-27 13:12:00,114.51,115.06,114.5001,115.0251,28678
2018-02-27 14:00:01,115.03,115.0352,114.64,114.71,27409
2018-02-27 14:38:49,114.72,114.75,114.3655,114.6254,41139
2018-02-27 15:32:13,114.5848,114.5848,114.1115,114.335,53867
2018-02-27 15:59:57,114.2898,114.2898,113.76,113.76,39672
2018-02-28 09:38:35,113.76,114.37,113.74,114.08,52846
2018-02-28 10:56:34,114.09,114.41,113.79,113.79,34289
2018-02-28 12:39:25,113.79,113.87,113.451,113.86,35406
2018-02-28 13:41:36,113.8299,114.06,113.78,113.9011,46153
2018-02-28 14:42:45,113.8799,114.09,113.63,113.6804,37748
2018-02-28 15:14:06,113.6651,113.7196,113.2,113.29,47892
2018-02-28 15:40:20,113.3,113.37,112.88,113.15,50121
2018-02-28 15:56:43,113.15,113.15,112.45,112.506,31719
2018-03-01 09:44:26,112.52,112.52,111.9,111.945,37888
2018-03-01 10:07:36,111.9404,112.4307,111.94,112.33,39796
2018-03-01 10:33:26,112.33,112.88,112.13,112.87,39301
2018-03-01 10:48:55,112.87,113.15,112.67,112.67,42791
2018-03-01 11:35:16,112.71,112.71,112.19,112.31,41775
2018-03-01 12:18:38,112.3653,112.76,112.18,112.24,39490
2018-03-01 13:00:44,112.24,112.24,111.66,111.695,36314
2018-03-01 13:25:07,111.7,111.71,111.14,111.42,49979
2018-03-01 13:53:43,111.45,111.64,110.97,111.1996,26794
2018-03-01 14:03:04,111.2298,111.2298,110.56,110.63,31880
2018-03-01 14:10:46,110.65,110.9,110.65,110.74,36843
2018-03-01 14:27:11,110.74,110.88,110.38,110.76,46520
2018-03-01 14:45:34,110.81,110.9386,110.5,110.8,37267
2018-03-01 15:16:12,110.8099,111.27,110.48,111.2605,31966
2018-03-01 15:35:01,111.2357,111.4101,110.9056,111.0262,73294
2018-03-01 15:58:18,110.9786,111.26,110.66,111.04,35473
2018-03-02 09:37:12,111.04,111.0557,110.32,110.36,46659
2018-03-02 09:52:36,110.35,110.35,110.0401,110.3,24395
2018-03-02 09:59:59,110.3,110.32,109.98,110.17,21006
2018-03-02 10:48:01,110.16,110.59,110.0,110.4116,27517
2018-03-02 11:47:34,110.4415,110.8464,110.06,110.8464,30507
2018-03-02 12:56:40,110.7818,111.29,110.72,111.25,45291
2018-03-02 13:55:09,111.18,111.27,110.6026,110.8599,41455
2018-03-02 14:33:33,110.8306,111.12,110.7332,110.8451,53072
2018-03-02 15:22:27,110.8,111.1161,110.63,110.9379,52372
2018-03-02 15:54:06,110.93,111.59,110.91,111.59,30979
2018-03-05 09:36:29,111.58,111.66,110.85,111.24,45199
2018-03-05 10:22:35,111.24,111.36,110.98,111.2209,51645
2018-03-05 11:02:22,111.25,111.9597,111.24,111.91,93920
2018-03-05 11:56:23,111.9,112.5303,111.8619,112.3465,48835
2018-03-05 12:31:25,112.3673,112.54,112.245,112.4,37874
2018-03-05 13:33:40,112.4,112.734,112.28,112.56,56974
2018-03-05 14:45:43,112.57,112.73,112.28,112.73,37757
2018-03-05 15:35:50,112.7057,113.0121,112.6857,112.826,39759
2018-03-06 09:39:23,112.821,113.19,112.74,112.86,59759
2018-03-06 10:54:47,112.85,112.92,112.39,112.42,65907
2018-03-06 12:00:17,112.43,112.6434,112.26,112.6434,41481
2018-03-06 13:30:25,112.6385,113.0757,112.4386,113.0134,39129
2018-03-06 15:02:52,113.06,113.0772,112.7595,113.0299,42511
2018-03-06 15:56:19,113.0299,113.0599,112.79,112.83,51473
2018-03-07 09:47:58,112.86,113.03,111.821,112.16,65521
2018-03-07 11:16:27,112.2232,112.64,112.1555,112.4299,43415
2018-03-07 12:38:27,112.44,112.4969,111.7962,111.8699,54647
2018-03-07 14:13:18,111.9066,112.15,111.7,112.1445,41994
2018-03-07 15:06:09,112.1558,112.37,112.08,112.35,34770
2018-03-07 15:29:19,112.352,112.53,112.2963,112.49,73044
2018-03-08 09:48:05,112.4761,113.039,112.4761,112.82,53203
2018-03-08 10:20:26,112.81,112.89,112.5171,112.69,43311
2018-03-08 10:55:18,112.72,112.76,112.42,112.5971,93859
2018-03-08 12:34:44,112.5966,112.75,112.23,112.345,147143
2018-03-08 14:21:11,112.3401,112.6027,112.32,112.5031,41354
2018-03-08 15:10:18,112.5,112.98,112.46,112.96,46461
2018-03-08 15:51:02,112.8537,113.04,112.55,112.78,44979
2018-03-09 09:39:03,112.78,113.71,112.7695,113.4902,53615
2018-03-09 10:25:34,113.5655,113.95,113.49,113.8593,53756
2018-03-09 11:41:40,113.8593,114.1982,113.85,114.1446,40363
2018-03-09 13:13:20,114.1253,114.44,114.0662,114.44,36383
2018-03-09 14:35:34,114.44,114.59,114.385,114.5,47922
2018-03-09 15:29:13,114.5,114.6566,114.4852,114.5,41943
2018-03-09 15:59:50,114.49,114.83,114.49,114.79,37529
2018-03-12 10:17:53,114.84,115.27,114.83,114.9539,69041
2018-03-12 11:26:29,114.96,115.06,114.511,114.55,33429
2018-03-12 13:19:02,114.4798,114.75,114.4798,114.5803,36875
2018-03-12 14:30:09,114.603,114.77,114.5254,114.565,50020
2018-03-12 15:28:56,114.5666,114.71,114.4261,114.6748,52966
2018-03-12 15:59:39,114.7,114.9299,114.64,114.64,37838
2018-03-13 10:43:27,114.62,115.2799,114.61,114.9251,56784
2018-03-13 11:39:56,114.9665,114.9665,114.5488,114.6,29512
2018-03-13 12:08:09,114.6069,114.69,114.23,114.27,36030
2018-03-13 13:38:46,114.3,114.586,114.27,114.51,46272
2018-03-13 14:17:59,114.54,114.5675,114.17,114.231,41797
2018-03-13 15:00:41,114.2334,114.4132,114.08,114.27,38550
2018-03-13 15:19:07,114.27,114.27,113.98,114.0,42160
2018-03-13 15:49:21,114.05,114.05,113.73,113.73,55857
2018-03-14 09:57:10,113.7425,114.53,113.72,114.2362,62218
2018-03-14 11:16:49,114.2431,114.3299,113.7062,113.73,40986
2018-03-14 11:50:59,113.74,113.8018,113.22,113.3903,43226
2018-03-14 12:53:31,113.4084,113.48,113.18,113.18,57279
2018-03-14 14:18:24,113.21,113.5919,113.02,113.3232,53075
2018-03-14 14:51:36,113.2899,113.36,112.93,113.09,47638
2018-03-14 15:23:12,113.18,113.2956,112.92,113.0718,51239
2018-03-14 15:49:02,113.0178,113.1,112.89,113.1,56740
2018-03-15 10:11:29,113.08,113.5,112.9898,113.49,55349
2018-03-15 11:57:43,113.4782,113.59,113.03,113.11,90086
2018-03-15 13:42:36,113.11,113.315,113.09,113.1041,30108
2018-03-15 14:13:33,113.0931,113.0967,112.76,112.93,52109
2018-03-15 15:10:53,112.9,112.9961,112.7527,112.8967,38936
2018-03-15 15:47:56,112.9,113.08,112.8,113.03,49111
2018-03-16 09:35:31,113.0331,113.39,112.93,113.2,59358
2018-03-16 11:05:18,113.2,113.5941,113.2,113.56,53436
2018-03-16 12:43:32,113.56,113.7902,113.4762,113.66,34725
2018-03-16 13:51:17,113.65,113.7,113.29,113.3361,45020
2018-03-16 15:15:36,113.3361,113.4303,113.25,113.32,48613
2018-03-16 15:58:53,113.3034,113.57,113.28,113.43,67436
2018-03-16 15:59:59,113.43,113.43,113.23,113.23,103122
2018-03-19 10:10:44,113.23,113.24,112.6701,112.68,75750
2018-03-19 11:28:33,112.68,112.76,112.3373,112.4253,38914
2018-03-19 12:11:26,112.3947,112.43,112.08,112.1,43836
2018-03-19 13:12:42,112.1,112.1,111.4501,111.4779,39423
2018-03-19 14:09:11,111.56,111.87,111.38,111.79,46864
2018-03-19 15:04:18,111.822,111.822,111.3,111.6,37953
2018-03-19 15:22:13,111.6218,111.84,111.45,111.73,41049
2018-03-19 15:55:02,111.71,111.88,111.57,111.88,49337
2018-03-20 09:31:00,111.88,112.44,111.88,112.44,77663
2018-03-20 10:01:21,112.44,112.54,112.03,112.03,48442
2018-03-20 11:36:33,112.01,112.22,111.913,112.0801,43223
2018-03-20 13:36:53,112.0899,112.1142,111.7462,111.7462,41811
2018-03-20 14:48:01,111.749,112.005,111.7101,112.0,41474
2018-03-20 15:33:13,112.03,112.14,111.94,111.94,42406
2018-03-21 09:35:00,111.92,112.0051,111.84,111.8711,59804
2018-03-21 10:14:06,111.79,112.079,111.79,111.9541,53508
2018-03-21 11:39:27,111.9593,112.35,111.86,112.3427,30356
2018-03-21 13:27:17,112.3427,112.64,112.3361,112.4728,52057
2018-03-21 14:02:16,112.458,112.96,112.3701,112.79,27045
2018-03-21 14:15:43,112.79,112.95,112.26,112.95,22737
2018-03-21 14:31:01,112.95,112.9905,112.59,112.6422,119361
2018-03-21 14:43:02,112.6263,112.79,112.36,112.36,83601
2018-03-21 15:08:37,112.36,112.5,112.08,112.49,28290
2018-03-21 15:42:44,112.49,112.81,112.41,112.472,32655
2018-03-22 09:34:07,112.499,112.52,110.29,110.39,44702
2018-03-22 10:08:54,110.35,110.6772,110.34,110.505,44194
2018-03-22 10:56:57,110.54,110.841,110.0,110.0,28674
2018-03-22 11:27:38,109.99,110.23,109.88,109.92,31339
2018-03-22 12:15:03,109.91,110.0701,109.6872,109.87,39147
2018-03-22 12:45:35,109.87,110.5601,109.87,110.19,31559
2018-03-22 13:16:35,110.1832,110.345,109.93,110.1803,86884
2018-03-22 14:01:55,110.17,110.629,110.12,110.48,51291
2018-03-22 14:40:18,110.48,110.52,109.79,109.9721,36121
2018-03-22 15:07:19,109.959,110.019,109.61,109.6999,36432
2018-03-22 15:18:36,109.6699,109.7199,109.3,109.3,35005
2018-03-22 15:31:30,109.2955,109.6148,109.25,109.25,41826
2018-03-22 15:45:30,109.26,109.34,108.85,108.85,52131
2018-03-22 15:53:11,108.85,108.98,108.65,108.96,43664
2018-03-23 09:33:43,108.97,109.3093,108.731,109.29,58072
2018-03-23 10:02:37,109.2901,109.34,108.7656,109.0509,53737
2018-03-23 10:49:51,109.0473,109.21,108.8,109.0137,44229
2018-03-23 11:51:54,108.986,109.1067,108.19,108.19,84258
2018-03-23 12:12:42,108.18,108.44,108.122,108.3301,498071
2018-03-23 12:39:04,108.3262,108.62,108.22,108.3001,87718
2018-03-23 13:14:32,108.3114,108.56,108.1701,108.49,72946
2018-03-23 13:55:03,108.44,108.92,108.44,108.89,52757
2018-03-23 14:24:33,108.89,108.94,108.3,108.36,57395
2018-03-23 14:48:07,108.3693,108.41,108.03,108.03,45902
2018-03-23 14:58:57,108.03,108.03,107.46,107.47,59610
2018-03-23 15:02:03,107.41,107.56,107.27,107.27,50787
2018-03-23 15:12:00,107.27,107.4,107.11,107.14,35244
2018-03-23 15:28:12,107.14,107.56,107.0898,107.2167,32564
2018-03-23 15:39:56,107.289,107.3928,106.94,107.07,26490
2018-03-23 15:48:16,107.07,107.12,106.75,106.85,25015
2018-03-23 15:58:41,106.85,106.8655,106.48,106.75,17830
2018-03-26 09:35:18,106.73,108.2,106.61,108.1034,38176
2018-03-26 09:55:08,108.08,108.45,108.03,108.33,48666
2018-03-26 10:19:03,108.35,108.38,108.13,108.19,33167
2018-03-26 10:44:09,108.19,108.1922,107.75,107.82,39685
2018-03-26 11:10:58,107.82,107.89,107.5,107.54,33729
2018-03-26 11:36:45,107.56,107.65,107.22,107.515,38219
2018-03-26 12:19:13,107.51,107.95,107.4899,107.9,56573
2018-03-26 12:37:32,107.9,108.23,107.9,108.16,43768
2018-03-26 13:01:38,108.1501,108.18,107.8,107.9701,38993
2018-03-26 13:30:43,107.96,108.245,107.95,107.9768,47561
2018-03-26 14:03:55,107.9708,108.23,107.81,108.23,57918
2018-03-26 14:30:04,108.23,108.595,108.1885,108.57,44057
2018-03-26 14:55:07,108.58,108.7,108.4199,108.7,38806
2018-03-26 15:20:08,108.7,108.96,108.55,108.96,60756
2018-03-26 15:48:00,108.96,109.15,108.85,109.15,72780
2018-03-27 09:31:41,109.13,109.44,109.02,109.12,62802
2018-03-27 10:00:10,109.12,109.23,108.94,109.2,58978
2018-03-27 10:21:41,109.21,109.35,108.93,108.99,57492
2018-03-27 11:07:41,108.99,109.28,108.83,109.0445,40274
2018-03-27 12:07:56,109.06,109.85,109.06,109.72,38973
2018-03-27 12:48:52,109.7266,109.87,109.545,109.75,39265
2018-03-27 13:16:02,109.77,109.9849,109.61,109.942,33145
2018-03-27 13:53:02,109.9436,109.9436,109.202,109.23,45879
2018-03-27 14:16:54,109.23,109.55,109.21,109.535,40834
2018-03-27 14:45:16,109.5278,109.5632,109.1799,109.39,35551
2018-03-27 15:03:48,109.38,109.38,108.58,108.58,81134
2018-03-27 15:07:29,108.58,108.59,108.3,108.35,43568
2018-03-27 15:15:05,108.36,108.5604,108.18,108.47,36840
2018-03-27 15:29:14,108.45,108.68,108.02,108.04,42060
2018-03-27 15:36:30,108.15,108.15,107.46,108.09,28204
2018-03-27 15:42:36,108.09,108.1,107.77,107.88,34546
2018-03-27 15:46:55,107.88,107.88,107.49,107.68,31873
2018-03-27 15:51:04,107.68,107.76,107.38,107.68,30397
2018-03-27 15:58:08,107.84,108.06,107.65,107.99,36004
2018-03-28 09:35:19,107.99,108.69,107.97,108.5,61519
2018-03-28 10:00:37,108.48,108.55,108.09,108.5,30957
2018-03-28 10:38:31,108.47,108.67,108.1001,108.25,34933
2018-03-28 11:00:13,108.21,108.21,107.73,108.17,65172
2018-03-28 11:29:59,108.13,108.43,108.0362,108.0601,63658
2018-03-28 11:59:10,108.0464,108.49,107.9199,108.29,35473
2018-03-28 12:18:52,108.27,108.76,108.16,108.76,67638
2018-03-28 12:57:20,108.76,108.98,108.33,108.33,47486
2018-03-28 13:08:04,108.28,108.3379,108.01,108.24,36608
2018-03-28 13:57:54,108.24,108.65,108.15,108.46,41854
2018-03-28 14:44:36,108.45,108.5659,108.1614,108.2876,47800
2018-03-28 15:18:09,108.3,108.36,107.7523,107.9778,37281
2018-03-28 15:32:59,107.9801,108.37,107.9074,108.19,37703
2018-03-28 15:50:00,108.18,108.52,108.1217,108.35,35646
2018-03-29 09:36:32,108.34,108.85,108.02,108.77,57058
2018-03-29 10:01:13,108.76,108.77,108.52,108.6,71978
2018-03-29 10:37:22,108.6,108.78,108.44,108.63,35187
2018-03-29 11:12:10,108.679,109.395,108.63,109.29,32768
2018-03-29 12:37:09,109.29,109.29,108.89,109.02,34223
2018-03-29 13:59:55,108.98,109.33,108.9068,109.18,41995
2018-03-29 14:45:33,109.1599,109.52,109.1,109.52,56057
2018-03-29 15:13:33,109.52,109.81,109.43,109.81,43606
2018-03-29 15:45:13,109.81,109.81,109.2328,109.58,42765
2018-03-29 15:59:57,109.58,109.76,109.35,109.35,53024
2018-04-02 09:52:39,109.34,109.37,108.82,108.82,41194
2018-04-02 10:32:57,108.82,108.9124,108.29,108.29,41938
2018-04-02 11:09:35,108.29,108.3053,107.55,107.64,58754
2018-04-02 11:36:14,107.64,107.69,107.25,107.25,36099
2018-04-02 11:37:11,107.25,107.25,106.98,107.01,30217
2018-04-02 12:01:06,106.98,107.204,106.81,106.88,25563
2018-04-02 12:11:37,106.89,106.99,106.54,106.54,31673
2018-04-02 12:15:15,106.57,106.79,106.57,106.685,55009
2018-04-02 12:30:19,106.685,106.88,106.53,106.88,37035
2018-04-02 12:58:53,106.88,107.14,106.87,106.98,56221
2018-04-02 13:28:13,106.95,107.03,106.43,106.49,46961
2018-04-02 13:40:06,106.51,106.7,106.41,106.54,36135
2018-04-02 13:59:51,106.54,106.54,106.11,106.1368,33656
2018-04-02 14:03:44,106.08,106.088,105.89,105.99,45561
2018-04-02 14:14:11,106.01,106.12,105.81,106.045,48005
2018-04-02 14:28:14,106.07,106.45,106.07,106.1682,32016
2018-04-02 14:43:13,106.1531,106.43,106.0707,106.13,37144
2018-04-02 14:56:10,106.0904,106.53,106.03,106.41,46665
2018-04-02 15:13:45,106.42,106.53,106.2702,106.43,49869
2018-04-02 15:21:48,106.49,106.7,106.48,106.52,43898
2018-04-02 15:36:20,106.54,106.55,106.27,106.42,36146
2018-04-02 15:48:25,106.42,106.95,106.37,106.87,31301
2018-04-02 15:53:33,106.87,107.035,106.79,107.02,56794
2018-04-02 15:59:59,107.07,107.18,106.93,107.03,83126
2018-04-03 09:36:55,107.03,107.55,107.03,107.26,88470
2018-04-03 10:17:55,107.24,107.52,107.0,107.12,64767
2018-04-03 10:43:54,107.1,107.3855,106.91,107.3703,48459
2018-04-03 11:19:35,107.3498,107.91,107.3498,107.7322,33186
2018-04-03 12:35:06,107.73,107.82,107.3898,107.47,47623
2018-04-03 13:32:55,107.495,107.8502,107.3946,107.7108,35742
2018-04-03 14:28:53,107.7168,107.7799,107.39,107.4024,142960
2018-04-03 14:49:28,107.4,107.75,107.2105,107.7,62293
2018-04-03 15:02:38,107.7,108.08,107.6016,108.0055,67220
2018-04-03 15:11:55,108.0185,108.58,108.0,108.57,60751
2018-04-03 15:24:53,108.56,108.56,108.1901,108.4199,73810
2018-04-03 15:50:38,108.44,108.582,108.0699,108.26,45872
2018-04-03 15:59:46,108.26,108.49,108.22,108.49,79306
2018-04-04 09:37:41,108.52,108.52,106.83,107.2,142645
2018-04-04 09:49:14,107.22,107.32,107.11,107.27,38359
2018-04-04 10:08:15,107.28,107.86,107.2,107.85,33551
2018-04-04 10:26:18,107.86,107.9731,107.65,107.7,43160
2018-04-04 10:57:29,107.7,108.16,107.58,108.0362,36272
2018-04-04 11:42:49,108.0171,108.3869,107.95,108.0298,38670
2018-04-04 12:23:41,108.011,108.51,108.011,108.48,35221
2018-04-04 12:54:23,108.47,108.73,108.4355,108.57,25219
2018-04-04 13:14:40,108.56,108.6694,108.32,108.41,44257
2018-04-04 13:27:26,108.41,108.41,108.14,108.14,39359
2018-04-04 13:58:59,108.16,108.46,108.16,108.2801,33854
2018-04-04 14:21:22,108.2904,108.97,108.2904,108.96,47708
2018-04-04 14:42:52,108.95,109.06,108.84,109.06,30298
2018-04-04 15:04:26,109.04,109.38,109.04,109.3701,41076
2018-04-04 15:21:03,109.39,109.44,109.16,109.28,37330
2018-04-04 15:31:04,109.29,109.6,109.28,109.59,47155
2018-04-04 15:51:11,109.5845,109.7399,109.48,109.7,38716
2018-04-05 09:57:51,109.71,110.14,109.56,110.08,87244
2018-04-05 10:51:38,110.08,110.26,109.9432,109.9901,49077
2018-04-05 11:47:28,110.01,110.6793,109.96,110.5165,34273
2018-04-05 12:50:58,110.5432,110.73,110.41,110.51,47590
2018-04-05 13:48:59,110.5,110.6751,110.06,110.15,54039
2018-04-05 14:33:05,110.12,110.4022,110.12,110.395,33384
2018-04-05 15:11:23,110.4032,110.8,110.3957,110.79,39281
2018-04-05 15:48:44,110.79,110.8,110.3134,110.5811,131109
2018-04-06 09:32:15,110.5654,110.69,109.57,109.59,83867
2018-04-06 09:52:14,109.63,110.15,109.61,110.11,26624
2018-04-06 10:00:26,110.11,110.19,109.98,110.08,31923
2018-04-06 10:34:40,110.09,110.09,109.71,109.725,36879
2018-04-06 10:52:35,109.73,109.74,109.33,109.4,35522
2018-04-06 11:13:34,109.4,109.5,109.0573,109.24,36259
2018-04-06 11:48:23,109.22,109.41,109.0,109.189,49349
2018-04-06 12:21:32,109.189,109.3941,108.95,109.01,68627
2018-04-06 12:56:43,108.999,109.48,108.8849,109.46,38187
2018-04-06 13:29:54,109.48,109.53,109.02,109.2267,36113
2018-04-06 13:49:01,109.32,109.32,108.78,108.78,51102
2018-04-06 13:59:42,108.78,108.7999,108.3746,108.3746,36192
2018-04-06 14:06:26,108.37,108.46,108.22,108.25,49710
2018-04-06 14:18:30,108.24,108.3,108.1,108.23,35966
2018-04-06 14:36:01,108.21,108.36,107.91,107.91,36460
2018-04-06 14:44:21,107.95,108.01,107.69,107.8948,35504
2018-04-06 14:53:32,107.91,107.91,107.53,107.6,42033
2018-04-06 15:03:06,107.68,107.76,107.44,107.56,28941
2018-04-06 15:08:48,107.55,107.56,107.4,107.55,40141
2018-04-06 15:18:44,107.56,107.94,107.51,107.925,36383
2018-04-06 15:28:54,107.94,107.964,107.73,107.74,32140
2018-04-06 15:39:10,107.79,108.16,107.72,108.05,25568
2018-04-06 15:49:44,108.09,108.2822,108.02,108.04,33829
2018-04-06 15:57:31,108.04,108.54,108.04,108.39,45899
2018-04-09 09:32:10,108.41,108.96,108.22,108.8,102452
2018-04-09 09:58:42,108.78,108.96,108.4464,108.96,37870
2018-04-09 11:14:26,108.96,109.3462,108.66,109.3462,106640
2018-04-09 11:57:40,109.3449,109.7,109.3449,109.4643,47207
2018-04-09 12:38:15,109.4405,109.7,109.4405,109.63,61595
2018-04-09 13:01:06,109.63,109.79,109.51,109.79,45920
2018-04-09 13:31:44,109.79,109.94,109.79,109.91,42249
2018-04-09 14:20:48,109.9026,110.11,109.76,109.82,54097
2018-04-09 14:45:58,109.82,109.82,109.5,109.55,64007
2018-04-09 15:20:56,109.56,109.78,109.3132,109.33,51086
2018-04-09 15:34:36,109.33,109.42,109.18,109.19,58382
2018-04-09 15:49:27,109.19,109.26,108.92,108.92,67099
2018-04-09 15:58:58,108.92,108.93,108.44,108.47,61999
2018-04-10 09:41:45,108.48,110.06,108.48,110.0,59165
2018-04-10 10:06:40,110.0,110.035,109.59,109.644,66352
2018-04-10 10:41:49,109.67,110.33,109.65,110.3045,43114
2018-04-10 11:32:43,110.2876,110.43,110.17,110.332,44860
2018-04-10 11:46:12,110.429,110.54,109.96,110.08,51985
2018-04-10 12:25:44,110.01,110.41,109.8,109.81,40147
2018-04-10 12:27:06,109.82,109.86,109.47,109.48,38097
2018-04-10 12:32:24,109.48,109.98,109.48,109.98,48855
2018-04-10 12:55:41,109.99,110.27,109.96,110.2289,57198
2018-04-10 13:42:14,110.2717,110.49,110.1672,110.3503,50955
2018-04-10 14:20:38,110.26,110.59,109.97,110.465,45716
2018-04-10 14:40:16,110.4898,110.4898,110.155,110.16,44719
2018-04-10 14:52:54,110.12,110.44,110.08,110.32,40819
2018-04-10 15:16:08,110.33,110.59,110.3097,110.46,35328
2018-04-10 15:29:03,110.4302,110.59,110.22,110.34,46769
2018-04-10 15:51:20,110.3301,110.405,110.1999,110.28,44669
2018-04-11 09:33:31,110.28,110.29,109.4,109.49,52232
2018-04-11 09:54:19,109.5198,109.89,109.4539,109.7316,42396
2018-04-11 10:57:42,109.75,109.97,109.6934,109.78,30155
2018-04-11 11:47:53,109.77,110.0345,109.57,110.0102,38009
2018-04-11 12:46:37,110.03,110.24,109.98,109.98,34771
2018-04-11 13:24:31,109.96,110.09,109.84,109.995,39460
2018-04-11 14:03:44,109.98,110.02,109.77,110.02,49761
2018-04-11 14:51:36,110.03,110.03,109.6215,109.76,86476
2018-04-11 15:17:18,109.75,109.96,109.52,109.52,37977
2018-04-11 15:51:45,109.535,109.8149,109.535,109.6517,40198
2018-04-12 09:46:24,109.6335,110.58,109.59,110.58,56999
2018-04-12 10:04:38,110.58,110.76,110.52,110.68,48550
2018-04-12 10:56:05,110.68,110.69,110.31,110.405,42472
2018-04-12 12:30:20,110.3646,110.63,110.33,110.5834,36041
2018-04-12 13:09:10,110.58,110.78,110.58,110.64,47870
2018-04-12 13:35:07,110.64,110.67,110.13,110.29,41108
2018-04-12 14:21:03,110.3268,110.65,110.27,110.65,45074
2018-04-12 15:11:27,110.66,110.71,110.46,110.599,39957
2018-04-12 15:31:49,110.5936,110.89,110.5936,110.8199,46594
2018-04-12 15:49:10,110.8159,110.83,110.475,110.56,53680
2018-04-13 09:37:07,110.56,111.16,110.43,110.89,71393
2018-04-13 10:12:14,110.91,110.9127,110.35,110.35,65059
2018-04-13 10:28:09,110.35,110.59,110.181,110.181,55586
2018-04-13 10:55:35,110.15,110.33,110.08,110.16,50113
2018-04-13 11:51:25,110.1732,110.38,109.88,110.225,39041
2018-04-13 12:48:17,110.2333,110.49,110.18,110.19,42627
2018-04-13 13:29:47,110.2548,110.5634,110.21,110.5634,51448
2018-04-13 14:30:01,110.5,110.52,110.2572,110.325,50101
2018-04-13 14:59:05,110.3,110.45,110.16,110.1866,47959
2018-04-13 15:15:11,110.17,110.17,109.97,109.99,47762
2018-04-13 15:25:21,109.99,110.01,109.71,109.8142,40942
2018-04-13 15:49:15,109.8896,110.074,109.76,110.05,38769
2018-04-16 09:38:06,110.05,110.88,110.04,110.6,76183
2018-04-16 09:53:10,110.6,110.79,110.49,110.65,85229
2018-04-16 10:04:52,110.65,110.925,110.61,110.9,53182
2018-04-16 10:15:57,110.89,110.93,110.79,110.81,51072
2018-04-16 10:31:06,110.81,110.975,110.72,110.96,43111
2018-04-16 11:00:26,110.96,110.98,110.78,110.95,44622
2018-04-16 11:23:24,110.955,111.06,110.8643,110.98,47157
2018-04-16 11:55:01,110.98,111.035,110.81,110.835,48938
2018-04-16 12:39:10,110.83,111.08,110.83,110.9401,51153
2018-04-16 13:00:16,110.9866,111.3,110.9866,111.26,42502
2018-04-16 13:12:06,111.26,111.42,111.26,111.4,41839
2018-04-16 13:39:58,111.39,111.49,111.35,111.49,48162
2018-04-16 14:04:05,111.5,111.52,111.33,111.35,59442
2018-04-16 14:29:30,111.35,111.35,111.16,111.249,68044
2018-04-16 14:59:13,111.23,111.39,111.215,111.2566,56863
2018-04-16 15:15:51,111.32,111.3268,111.22,111.22,55449
2018-04-16 15:29:20,111.22,111.26,111.08,111.22,48962
2018-04-16 15:50:00,111.21,111.34,111.12,111.19,55361
2018-04-17 09:35:51,111.19,111.77,111.08,111.48,70614
2018-04-17 10:08:46,111.4417,111.69,111.3579,111.59,63905
2018-04-17 10:50:33,111.57,111.7061,111.48,111.69,86767
2018-04-17 11:53:14,111.68,111.845,111.68,111.71,57996
2018-04-17 13:00:23,111.7225,111.77,111.6,111.6,44479
2018-04-17 13:58:05,111.59,111.7,111.48,111.66,46886
2018-04-17 14:34:23,111.66,111.74,111.45,111.56,44740
2018-04-17 15:18:20,111.541,111.78,111.495,111.77,43474
2018-04-17 15:47:15,111.77,111.89,111.68,111.75,42326
2018-04-18 09:35:28,111.77,112.0745,111.57,112.0745,64102
2018-04-18 10:36:53,112.07,112.1273,111.7673,112.04,48919
2018-04-18 11:34:29,112.04,112.17,111.9527,112.06,35578
2018-04-18 12:40:31,112.0562,112.0899,111.735,111.7401,42930
2018-04-18 14:10:45,111.7467,111.9519,111.68,111.87,47347
2018-04-18 15:12:47,111.9,111.93,111.8,111.9,48039
2018-04-19 09:34:17,111.91,111.91,111.36,111.44,50324
2018-04-19 10:53:51,111.398,111.66,111.1693,111.35,55842
2018-04-19 12:07:29,111.35,111.3755,110.968,111.0093,43035
2018-04-19 13:38:28,111.0086,111.1136,110.79,110.88,56027
2018-04-19 14:37:31,110.89,111.0932,110.88,110.95,55978
2018-04-19 15:34:51,110.9764,111.25,110.9764,111.06,41842
2018-04-19 15:37:02,111.06,111.51,111.04,111.51,39861
2018-04-19 15:59:55,111.52,111.52,111.2,111.27,100195
2018-04-20 10:12:37,111.3,111.55,111.1201,111.1324,65052
2018-04-20 11:09:21,111.1384,111.16,110.65,110.6836,37318
2018-04-20 12:33:00,110.6,110.95,110.4899,110.62,44863
2018-04-20 13:35:40,110.66,110.7723,110.4502,110.72,56108
2018-04-20 14:35:46,110.738,110.8622,110.57,110.63,51415
2018-04-20 15:00:48,110.63,110.67,110.49,110.49,46783
2018-04-20 15:25:03,110.49,110.56,110.26,110.44,53630
2018-04-20 15:50:00,110.44,110.58,110.32,110.51,49763
2018-04-20 15:59:12,110.51,110.62,110.4165,110.59,59096
2018-04-23 09:41:48,110.59,110.85,110.59,110.65,69468
2018-04-23 10:35:28,110.6702,110.834,110.59,110.68,73325
2018-04-23 11:09:51,110.68,110.88,110.5,110.88,53728
2018-04-23 11:27:03,110.89,111.06,110.8888,110.969,45889
2018-04-23 12:19:06,110.96,111.04,110.83,110.89,53183
2018-04-23 14:02:02,110.8334,110.92,110.721,110.8934,332278
2018-04-23 14:44:54,110.8364,110.8599,110.4599,110.615,389792
2018-04-23 15:24:49,110.6335,110.69,110.37,110.625,46432
2018-04-23 15:50:02,110.6348,110.8,110.63,110.8,42088
2018-04-24 09:58:06,110.81,111.49,110.76,111.31,72145
2018-04-24 10:35:53,111.3116,111.58,111.23,111.34,52128
2018-04-24 11:14:35,111.32,111.53,111.1655,111.2,41683
2018-04-24 11:35:02,111.2,111.55,111.17,111.4797,49259
2018-04-24 12:11:58,111.42,111.52,111.0599,111.11,664041
2018-04-24 12:34:52,111.13,111.15,110.81,110.8524,66089
2018-04-24 12:56:28,110.8499,110.8499,110.57,110.57,51680
2018-04-24 13:15:23,110.57,110.57,110.34,110.44,45330
2018-04-24 13:33:46,110.45,110.48,110.16,110.201,67420
2018-04-24 13:41:53,110.205,110.206,109.96,109.99,51226
2018-04-24 13:59:06,109.99,109.99,109.68,109.69,54947
2018-04-24 14:09:37,109.66,109.76,109.48,109.64,58367
2018-04-24 14:23:21,109.67,109.88,109.66,109.85,53344
2018-04-24 14:39:22,109.85,109.9,109.43,109.43,46058
2018-04-24 14:53:36,109.43,109.79,109.36,109.67,56071
2018-04-24 15:01:57,109.66,109.82,109.5334,109.74,41597
2018-04-24 15:13:03,109.76,110.028,109.76,109.97,58415
2018-04-24 15:21:46,110.0,110.1067,109.86,110.08,54781
2018-04-24 15:31:55,110.088,110.1,109.8,109.82,74933
2018-04-24 15:42:50,109.82,109.82,109.63,109.63,61670
2018-04-24 15:50:40,109.62,110.05,109.5,109.9828,49163
2018-04-24 15:55:46,109.99,110.07,109.9261,109.97,55364
2018-04-24 15:59:31,109.98,110.06,109.95,110.06,53867
2018-04-25 09:43:13,110.06,110.12,109.39,109.4,83515
2018-04-25 10:05:20,109.39,109.69,109.24,109.69,45793
2018-04-25 10:27:46,109.7,109.92,109.55,109.8447,782512
2018-04-25 10:50:19,109.8327,109.9788,109.7236,109.92,40538
2018-04-25 11:13:50,109.92,109.98,109.7576,109.91,59779
2018-04-25 11:51:42,109.92,109.92,109.58,109.62,47941
2018-04-25 12:39:10,109.6,109.9,109.4973,109.835,45469
2018-04-25 13:14:28,109.8679,110.0024,109.7464,109.81,59905
2018-04-25 13:45:13,109.81,110.18,109.73,110.01,42822
2018-04-25 14:25:48,110.0,110.16,109.9312,110.04,44556
2018-04-25 14:38:45,110.05,110.23,110.0,110.23,38054
2018-04-25 15:12:18,110.23,110.5351,110.18,110.469,57916
2018-04-25 15:38:29,110.48,110.5099,110.27,110.2938,118452
2018-04-25 15:58:46,110.3043,110.3137,110.01,110.15,50822
2018-04-26 10:00:33,110.15,110.47,110.09,110.43,83348
2018-04-26 11:11:58,110.3632,110.7038,110.28,110.5801,44362
2018-04-26 12:33:41,110.5862,110.599,110.21,110.4999,87665
2018-04-26 13:28:25,110.4929,110.82,110.409,110.7273,50696
2018-04-26 14:39:29,110.7518,110.97,110.69,110.94,52759
2018-04-26 15:20:02,110.9262,111.14,110.9262,110.959,52137
2018-04-26 15:52:22,110.9432,110.9432,110.7273,110.76,52086
2018-04-27 09:30:35,110.76,110.82,110.481,110.57,78597
2018-04-27 10:00:00,110.62,110.93,110.57,110.8,34531
2018-04-27 10:37:50,110.829,111.02,110.76,110.78,48461
2018-04-27 12:02:52,110.76,110.88,110.617,110.835,50530
2018-04-27 13:08:43,110.85,111.2,110.79,111.097,45635
2018-04-27 14:20:54,111.11,111.15,110.94,110.971,63245
2018-04-27 15:04:34,110.97,111.14,110.92,111.14,64691
2018-04-27 15:50:00,111.135,111.17,110.89,110.99,138527
2018-04-30 09:39:30,110.99,111.305,110.92,111.2823,70346
2018-04-30 10:35:10,111.27,111.37,110.888,111.07,53382
2018-04-30 12:20:04,111.07,111.145,110.57,110.5824,65324
2018-04-30 13:18:48,110.5827,110.6599,110.37,110.5765,49621
2018-04-30 14:14:49,110.5876,110.74,110.31,110.326,59363
2018-04-30 14:59:58,110.4,110.47,110.2665,110.33,60525
2018-04-30 15:23:45,110.33,110.38,110.11,110.11,61314
2018-04-30 15:45:07,110.11,110.255,110.0201,110.25,61131
2018-04-30 15:55:59,110.25,110.325,110.09,110.14,56728
2018-05-01 09:36:22,110.14,110.14,109.33,109.37,74765
2018-05-01 10:19:17,109.3696,109.4611,109.1158,109.1584,46115
2018-05-01 11:17:09,109.2099,109.2368,108.7042,108.91,45822
2018-05-01 12:01:49,108.88,108.9899,108.71,108.7136,57422
2018-05-01 13:05:49,108.7255,108.9302,108.69,108.7,44404
2018-05-01 13:45:43,108.7,108.9,108.55,108.9,53384
2018-05-01 14:16:33,108.92,109.21,108.86,109.1778,150241
2018-05-01 15:06:38,109.19,109.489,109.1705,109.37,56272
2018-05-01 15:39:44,109.4299,109.4468,109.07,109.15,54289
2018-05-01 15:59:33,109.15,109.6,109.15,109.6,58169
2018-05-02 09:57:50,109.6,109.62,108.92,108.92,54370
2018-05-02 11:12:03,108.92,109.26,108.89,109.26,44000
2018-05-02 11:45:32,109.26,109.32,109.02,109.04,44392
2018-05-02 12:55:57,109.03,109.2463,108.99,109.1,31858
2018-05-02 13:53:38,109.1798,109.31,109.17,109.2812,52008
2018-05-02 14:34:11,109.28,109.54,109.1987,109.29,53736
2018-05-02 15:20:02,109.31,109.31,108.95,108.97,57606
2018-05-02 15:37:44,108.97,108.98,108.61,108.61,48689
2018-05-02 15:46:49,108.61,108.6874,108.43,108.47,40800
2018-05-02 15:59:45,108.4771,108.58,108.38,108.58,45679
2018-05-03 09:53:23,108.59,108.61,107.749,107.93,79747
2018-05-03 10:26:55,107.94,108.0483,107.23,107.26,34382
2018-05-03 10:36:35,107.26,107.3,106.88,106.92,40795
2018-05-03 10:54:23,106.915,107.12,106.84,106.98,45942
2018-05-03 11:12:40,106.97,107.235,106.79,107.2216,44731
2018-05-03 11:37:49,107.21,107.245,106.93,107.04,43844
2018-05-03 12:03:32,107.04,107.415,106.86,107.33,42497
2018-05-03 12:53:55,107.33,107.95,107.1,107.95,51950
2018-05-03 13:24:37,107.95,108.082,107.7435,107.88,47481
2018-05-03 14:13:16,107.8453,108.27,107.78,108.068,55633
2018-05-03 14:47:00,108.065,108.33,107.9523,108.03,51265
2018-05-03 15:23:32,108.03,108.1517,107.87,108.0368,45416
2018-05-03 15:59:08,108.0094,108.13,107.82,107.95,52472
2018-05-04 09:59:54,107.96,108.05,107.42,107.995,69157
2018-05-04 10:56:26,107.96,108.71,107.9129,108.71,41784
2018-05-04 12:40:18,108.71,109.1066,108.54,109.1066,37309
2018-05-04 14:05:53,109.1003,109.39,109.0577,109.39,66494
2018-05-04 15:10:16,109.39,109.575,109.3324,109.415,40151
2018-05-07 09:31:37,109.4068,109.61,106.7275,109.47,45806
2018-05-07 11:50:30,109.4874,109.84,109.37,109.559,54075
2018-05-07 14:02:56,109.5422,109.7384,109.5422,109.725,31387
2018-05-07 15:19:01,109.71,109.9,109.17,109.3,38487
2018-05-08 09:37:52,109.2726,109.3999,109.15,109.22,43688
2018-05-08 10:35:40,109.22,109.27,109.0412,109.27,131871
2018-05-08 11:41:15,109.3122,109.469,109.04,109.17,45807
2018-05-08 13:36:10,109.235,109.3399,108.91,109.1244,43661
2018-05-08 14:46:27,109.0657,109.2805,108.6601,108.7617,49860
2018-05-08 15:43:46,108.785,109.3502,108.785,109.32,38814
2018-05-09 10:16:31,109.2202,109.94,109.2132,109.8916,209051
2018-05-09 11:51:57,109.8797,109.9299,109.5979,109.6834,43461
2018-05-09 12:54:05,109.7122,110.33,109.7101,110.3,49255
2018-05-09 14:18:42,110.2901,110.5364,110.29,110.481,36740
2018-05-09 15:13:43,110.4897,110.5,110.2697,110.4576,35776
2018-05-09 15:56:24,110.4,110.4,110.17,110.2656,45414
2018-05-10 10:49:26,110.26,110.9204,110.26,110.8599,115330
2018-05-10 12:32:32,110.8599,111.4734,110.79,111.43,42533
2018-05-10 13:54:59,111.43,111.533,111.2316,111.2672,49021
2018-05-10 14:59:41,111.25,111.43,111.13,111.4,40251
2018-05-10 15:49:47,111.431,111.48,111.22,111.34,45491
2018-05-11 10:02:24,111.35,111.819,111.3,111.8001,63531
2018-05-11 11:21:30,111.79,111.949,111.6934,111.73,58065
2018-05-11 13:28:54,111.7268,111.7479,111.44,111.595,48512
2018-05-11 14:54:59,111.5605,111.61,111.34,111.5352,45462
2018-05-11 15:53:43,111.5352,111.7237,111.49,111.54,44670
2018-05-14 10:34:56,111.54,112.211,111.54,112.1576,71007
2018-05-14 12:01:28,112.19,112.19,111.9095,112.07,60772
2018-05-14 13:19:12,112.07,112.1,111.77,111.77,41096
2018-05-14 14:30:07,111.76,111.9099,111.65,111.76,49750
2018-05-14 15:52:59,111.77,111.93,111.65,111.69,38721
2018-05-15 09:32:11,111.69,111.84,111.36,111.41,84760
2018-05-15 09:56:17,111.4,111.4899,111.17,111.17,38170
2018-05-15 10:47:22,111.17,111.54,111.1132,111.3994,53618
2018-05-15 12:05:58,111.3936,111.56,111.16,111.17,41489
2018-05-15 13:03:09,111.19,111.58,111.1396,111.38,43335
2018-05-15 13:55:04,111.37,111.38,111.17,111.24,48186
2018-05-15 14:16:23,111.23,111.24,111.0701,111.21,53933
2018-05-15 14:26:44,111.22,111.28,111.1,111.28,48146
2018-05-15 14:55:06,111.3,111.4799,111.2366,111.29,60746
2018-05-15 15:49:41,111.1901,111.2058,111.06,111.12,48864
2018-05-16 10:09:58,111.11,111.755,111.11,111.59,222538
2018-05-16 12:10:15,111.529,111.8741,111.4289,111.85,34847
2018-05-16 13:58:35,111.83,112.04,111.826,112.0222,38541
2018-05-16 15:15:37,112.0132,112.14,111.866,111.91,33990
2018-05-17 09:34:53,111.91,111.959,111.7539,111.86,62652
2018-05-17 11:01:43,111.86,112.405,111.63,112.3899,42935
2018-05-17 12:26:35,112.3482,112.3482,112.14,112.27,40458
2018-05-17 14:01:16,112.255,112.255,111.79,111.79,42349
2018-05-17 15:20:26,111.79,112.1013,111.7399,111.95,42203
2018-05-18 09:50:54,111.991,112.07,111.78,111.8,57134
2018-05-18 11:45:46,111.8,111.83,111.45,111.7,35393
2018-05-18 14:00:50,111.631,111.6999,111.486,111.5132,46981
2018-05-18 15:34:21,111.5054,111.61,111.47,111.5099,48673
2018-05-21 09:38:31,111.5032,112.23,111.49,112.199,79660
2018-05-21 10:28:43,112.199,112.3175,112.07,112.2943,47135
2018-05-21 11:59:59,112.365,112.47,112.15,112.24,39937
2018-05-21 13:49:23,112.25,112.4102,112.22,112.387,41529
2018-05-21 15:23:23,112.4032,112.4057,112.2432,112.3249,35181
2018-05-22 09:46:31,112.2649,112.589,112.17,112.5036,57105
2018-05-22 11:03:06,112.49,112.8491,112.49,112.729,32250
2018-05-22 12:50:25,112.7168,112.85,112.7068,112.7625,36880
2018-05-22 13:50:04,112.7279,112.7658,112.6652,112.6734,68207
2018-05-22 14:23:53,112.6641,112.77,112.6641,112.71,58952
2018-05-22 14:51:06,112.6968,112.77,112.61,112.61,62319
2018-05-22 15:06:34,112.61,112.62,112.41,112.41,56909
2018-05-22 15:19:16,112.42,112.42,112.3,112.4,67559
2018-05-22 15:31:09,112.39,112.4,112.25,112.25,63226
2018-05-22 15:44:32,112.25,112.26,112.16,112.21,53764
2018-05-22 15:55:07,112.21,112.21,112.06,112.097,86734
2018-05-23 09:40:38,112.11,112.24,111.38,111.56,94112
2018-05-23 09:49:58,111.55,111.62,111.45,111.47,45037
2018-05-23 11:27:08,111.49,111.76,111.27,111.5242,33907
2018-05-23 12:54:52,111.53,111.6432,111.3,111.4239,43719
2018-05-23 14:11:55,111.425,111.69,111.32,111.68,61769
2018-05-23 15:24:50,111.67,111.92,111.6,111.7899,47051
2018-05-24 09:32:09,111.7898,111.97,111.57,111.635,48823
2018-05-24 09:50:24,111.64,111.79,111.32,111.32,51919
2018-05-24 10:26:03,111.31,111.4,111.04,111.1,53676
2018-05-24 11:16:39,111.1465,111.25,110.88,111.24,43609
2018-05-24 11:50:43,111.24,111.41,111.24,111.29,61260
2018-05-24 13:38:43,111.29,111.63,111.2701,111.595,47471
2018-05-24 15:33:31,111.6371,111.6371,111.415,111.57,33897
2018-05-25 09:33:21,111.54,111.59,111.14,111.14,65418
2018-05-25 10:05:59,111.14,111.15,110.89,111.03,65078
2018-05-25 10:33:09,111.02,111.24,110.99,111.1598,49243
2018-05-25 11:58:10,111.1548,111.219,111.0331,111.0478,59470
2018-05-25 13:05:39,111.0784,111.0784,110.8572,110.9,43648
2018-05-25 14:21:08,110.89,110.9303,110.7568,110.87,48818
2018-05-25 15:29:52,110.87,111.01,110.7172,111.0,35528
2018-05-29 09:36:20,111.015,111.13,110.07,110.09,61119
2018-05-29 10:27:26,110.08,110.4108,109.93,110.4108,50215
2018-05-29 11:34:20,110.391,110.391,109.84,109.84,38248
2018-05-29 12:39:41,109.805,109.805,108.99,109.37,43073
2018-05-29 13:39:54,109.35,109.55,109.06,109.06,41776
2018-05-29 14:40:24,109.06,109.3167,108.8847,109.06,51205
2018-05-29 15:12:57,109.07,109.09,108.835,108.964,125684
2018-05-29 15:45:41,108.9435,109.43,108.8749,109.405,39412
2018-05-30 09:43:05,109.42,110.99,109.3413,110.1,59727
2018-05-30 11:09:51,110.13,110.7,110.06,110.549,40471
2018-05-30 12:36:23,110.5464,111.066,110.48,111.038,48787
2018-05-30 14:07:50,110.99,111.305,110.95,111.3,44382
2018-05-30 15:00:11,111.2867,111.36,111.2101,111.2832,46905
2018-05-31 09:31:42,111.3062,111.315,110.71,110.74,70241
2018-05-31 09:55:41,110.74,110.86,110.46,110.5307,54983
2018-05-31 11:07:26,110.5,110.565,110.2684,110.459,38433
2018-05-31 12:08:53,110.441,110.645,110.25,110.35,41275
2018-05-31 13:52:39,110.272,110.3994,110.1,110.13,47076
2018-05-31 15:00:22,110.1599,110.27,109.8698,110.2635,37385
2018-05-31 15:55:00,110.262,110.39,110.15,110.2,33485
2018-06-01 10:02:49,110.18,111.141,110.12,111.141,59079
2018-06-01 10:45:10,111.1302,111.25,110.85,110.8996,40022
2018-06-01 11:58:43,110.95,111.0316,110.8001,110.92,34898
2018-06-01 13:30:03,110.904,111.139,110.89,111.0972,37619
2018-06-01 14:57:20,111.101,111.1137,110.8501,111.0139,59722
2018-06-01 15:59:59,110.995,110.9968,110.789,110.95,30950
2018-06-04 11:37:59,110.97,111.66,110.97,111.1434,91459
2018-06-04 13:36:02,111.1532,111.25,111.103,111.103,37838
2018-06-04 15:22:10,111.1284,111.26,111.0715,111.2231,37368
2018-06-05 09:30:03,111.2258,111.2281,111.0,111.0,73049
2018-06-05 10:11:46,111.0,111.2,110.983,111.1365,43316
2018-06-05 11:42:22,111.134,111.17,110.7895,110.8278,37914
2018-06-05 14:07:54,110.839,111.105,110.7177,111.0504,36263
2018-06-05 15:18:15,111.0667,111.2035,111.039,111.0401,52991
2018-06-05 15:59:17,111.0657,111.1,111.0147,111.07,52695
2018-06-06 10:54:34,111.06,111.47,111.05,111.28,63449
2018-06-06 12:09:27,111.2718,111.65,111.2718,111.65,47758
2018-06-06 13:53:08,111.65,111.76,111.5843,111.7157,69112
2018-06-06 15:15:53,111.7235,111.9736,111.7068,111.92,55465
2018-06-07 09:35:52,111.93,112.479,111.88,112.4,53053
2018-06-07 10:45:46,112.4168,112.7374,112.4168,112.66,57666
2018-06-07 10:47:43,112.66,112.665,112.6,112.62,65597
2018-06-07 11:05:33,112.62,112.71,112.6,112.65,51681
2018-06-07 11:09:09,112.65,112.65,112.57,112.6,59275
2018-06-07 12:10:46,112.6,112.83,112.5471,112.6861,44736
2018-06-07 13:38:22,112.71,112.785,112.3263,112.3263,74003
2018-06-07 14:21:27,112.3283,112.5856,112.3001,112.505,41499
2018-06-07 15:44:24,112.5034,112.66,112.3927,112.57,37104
2018-06-08 09:53:20,112.57,112.6532,112.32,112.335,58827
2018-06-08 10:57:19,112.3375,112.69,112.3375,112.635,38797
2018-06-08 12:42:52,112.6233,112.8411,112.44,112.7851,30922
2018-06-08 13:52:05,112.7996,112.8538,112.71,112.72,41503
2018-06-08 14:01:23,112.72,112.8,112.6739,112.74,52158
2018-06-08 15:19:59,112.7267,112.8803,112.7267,112.76,40117
2018-06-08 15:59:59,112.8433,112.995,112.82,112.95,53646
2018-06-11 10:36:59,112.96,113.3985,112.96,113.35,113206
2018-06-11 12:25:46,113.35,113.4066,113.1466,113.3663,40276
2018-06-11 14:09:46,113.4,113.4863,113.31,113.34,46754
2018-06-11 15:44:07,113.3487,113.46,113.2933,113.38,40616
2018-06-12 10:10:23,113.37,113.4037,113.13,113.28,57559
2018-06-12 11:14:26,113.28,113.35,113.1484,113.1484,1671735
2018-06-12 13:11:18,113.1504,113.32,113.11,113.11,35432
2018-06-12 14:03:04,113.101,113.1264,112.94,113.005,161187
2018-06-12 15:28:59,113.0,113.01,112.8,112.98,100231
2018-06-13 09:31:28,113.0032,113.17,112.965,113.09,83674
2018-06-13 11:07:35,113.09,113.12,112.95,113.0268,408104
2018-06-13 12:16:42,113.0057,113.0057,112.921,112.9931,157339
2018-06-13 13:33:21,112.9831,112.9831,112.865,112.926,43963
2018-06-13 14:29:05,112.939,112.96,112.71,112.7876,38579
2018-06-13 15:27:49,112.7938,113.0634,112.7305,112.865,37162
2018-06-14 09:32:26,112.82,112.9965,112.52,112.8,50634
2018-06-14 10:29:58,112.8,112.9,112.62,112.72,1700056
2018-06-14 12:11:15,112.72,112.72,112.34,112.5987,30306
2018-06-14 13:44:31,112.588,112.6101,112.415,112.5631,64425
2018-06-14 15:30:18,112.59,112.59,112.4134,112.4901,76450
2018-06-15 09:31:58,112.5071,112.5736,112.1452,112.1452,33225
2018-06-15 09:41:29,112.16,112.2,111.98,112.0,47582
2018-06-15 10:31:05,112.01,112.1632,111.78,111.78,44577
2018-06-15 10:41:53,111.79,111.79,111.55,111.6197,35337
2018-06-15 11:34:03,111.6289,112.04,111.6289,111.8,40843
2018-06-15 13:02:07,111.8,112.02,111.77,112.02,38912
2018-06-15 13:48:34,112.02,112.1068,111.99,112.03,55342
2018-06-15 14:49:44,112.0086,112.54,111.95,112.43,62793
2018-06-15 15:50:00,112.41,112.4935,112.2251,112.38,97902
2018-06-18 09:56:52,112.39,112.42,111.6162,111.78,65898
2018-06-18 11:33:59,111.78,112.109,111.63,112.0025,61541
2018-06-18 12:21:13,111.9299,111.965,111.8236,111.831,991343
2018-06-18 12:53:31,111.8376,111.87,111.78,111.8676,37501
2018-06-18 14:43:10,111.8638,112.0471,111.845,112.0259,53450
2018-06-18 15:58:11,112.03,112.07,111.831,112.0432,51410
2018-06-19 10:24:45,112.0423,112.05,111.105,111.27,87968
2018-06-19 11:55:30,111.24,111.7761,111.21,111.75,44465
2018-06-19 13:54:47,111.78,111.78,111.4267,111.64,41994
2018-06-19 14:39:31,111.63,111.83,111.63,111.7093,40255
2018-06-19 15:19:38,111.71,111.89,111.67,111.7432,37271
2018-06-19 15:59:59,111.71,111.81,111.62,111.76,41177
2018-06-20 10:23:30,111.76,112.1599,111.64,111.64,73823
2018-06-20 11:11:35,111.5873,111.6816,111.54,111.55,46865
2018-06-20 13:22:09,111.575,111.9064,111.55,111.8833,46340
2018-06-20 14:44:14,111.87,111.9332,111.7558,111.76,64322
2018-06-20 15:50:00,111.76,111.88,111.71,111.82,45433
2018-06-21 10:00:56,111.81,111.83,111.3101,111.3101,52610
2018-06-21 11:06:44,111.41,111.41,111.0963,111.2122,2648993
2018-06-21 13:17:26,111.21,111.41,111.119,111.2001,36870
2018-06-21 15:03:27,111.2155,111.4999,111.165,111.19,39033
2018-06-21 20:00:00,111.199,111.227,110.92,111.14,43761
2018-06-22 10:52:19,111.89,112.2015,111.89,112.0086,55244
2018-06-22 12:58:36,111.95,112.18,111.95,112.0151,60785
2018-06-22 14:53:26,112.0363,112.1036,111.915,112.0202,51225
2018-06-22 15:59:34,112.0164,112.0164,111.65,111.67,38401
2018-06-25 09:32:06,111.66,111.72,111.03,111.4,47367
2018-06-25 09:48:10,111.4,111.475,111.08,111.08,58062
2018-06-25 10:01:05,111.08,111.09,110.83,110.9,50084
2018-06-25 10:15:19,110.92,110.92,110.67,110.7,42887
2018-06-25 10:32:40,110.695,110.87,110.63,110.79,47058
2018-06-25 10:57:29,110.79,110.98,110.77,110.845,41927
2018-06-25 11:39:50,110.835,110.86,110.35,110.38,40810
2018-06-25 11:57:34,110.38,110.67,110.38,110.6,50301
2018-06-25 12:19:39,110.54,110.54,110.21,110.385,1247298
2018-06-25 12:50:00,110.385,110.6566,110.3,110.58,39144
2018-06-25 13:51:41,110.58,110.8749,110.49,110.8256,44874
2018-06-25 14:36:17,110.78,110.78,110.5,110.5,59355
2018-06-25 14:57:28,110.4909,110.4909,110.08,110.12,52143
2018-06-25 15:21:14,110.12,110.405,110.12,110.3948,49379
2018-06-25 15:37:04,110.38,110.73,110.3198,110.73,53085
2018-06-25 15:43:44,110.73,110.9968,110.73,110.85,51443
2018-06-25 15:56:39,110.8434,110.93,110.6965,110.92,73750
2018-06-26 09:58:37,110.93,110.95,109.7,109.9021,83459
2018-06-26 11:43:18,109.896,110.12,109.75,110.11,45859
2018-06-26 13:33:03,110.1251,110.2635,110.06,110.235,42175
2018-06-26 15:09:14,110.235,110.4164,110.21,110.3,57296
2018-06-27 09:38:18,110.276,110.39,110.03,110.27,54157
2018-06-27 10:37:50,110.27,111.0043,110.26,110.9905,44410
2018-06-27 11:24:21,111.0275,111.0599,110.7,110.71,48365
2018-06-27 11:51:20,110.69,110.779,110.4898,110.75,43771
2018-06-27 13:31:58,110.7674,110.96,110.09,110.2068,47072
2018-06-27 14:25:44,110.2132,110.309,110.0,110.0714,86540
2018-06-27 15:24:20,110.08,110.15,109.58,109.808,49080
2018-06-27 15:58:40,109.79,110.035,109.656,109.74,26584
2018-06-28 09:48:17,109.73,109.82,109.31,109.31,72561
2018-06-28 10:10:41,109.31,109.63,109.31,109.39,790698
2018-06-28 10:17:37,109.39,109.51,109.3,109.3298,62762
2018-06-28 10:23:35,109.309,109.49,109.29,109.43,51747
2018-06-28 10:34:05,109.43,109.56,109.3046,109.36,51785
2018-06-28 10:58:36,109.35,109.665,109.2474,109.665,63871
2018-06-28 12:04:34,109.7,109.85,109.4498,109.7216,47627
2018-06-28 13:42:05,109.76,109.9,109.45,109.829,42018
2018-06-28 14:47:47,109.829,110.1039,109.81,110.08,44234
2018-06-28 15:44:06,110.09,110.34,110.04,110.1366,39889
2018-06-29 10:00:23,110.11,110.82,109.99,110.695,55288
2018-06-29 11:30:45,110.7003,111.18,110.6939,111.1299,84892
2018-06-29 13:14:27,111.0866,111.2,110.87,111.061,45860
2018-06-29 14:32:05,111.0398,111.0901,110.8002,110.8128,48573
2018-06-29 15:50:00,110.8098,110.95,110.37,110.39,45330
2018-07-02 09:36:25,110.38,110.44,109.38,109.64,89002
2018-07-02 10:25:50,109.53,109.7566,109.37,109.5501,48090
2018-07-02 11:29:11,109.5838,109.9,109.5538,109.67,36905
2018-07-02 12:47:53,109.5701,109.61,109.36,109.565,91268
2018-07-02 14:05:04,109.57,109.6401,109.3,109.5869,42321
2018-07-02 14:56:39,109.59,109.805,109.57,109.6438,40079
2018-07-02 15:50:00,109.645,109.97,109.5634,109.97,40221
2018-07-03 09:48:34,109.97,110.79,109.97,110.7616,52291
2018-07-03 11:07:11,110.775,110.7818,110.32,110.4431,64599
2018-07-03 12:23:32,110.4301,110.5802,110.3832,110.4442,58673
2018-07-05 09:38:00,110.445,110.47,109.8462,110.25,70793
2018-07-05 10:54:21,110.25,110.449,110.08,110.08,55392
2018-07-05 12:11:27,110.081,110.64,109.985,110.521,52459
2018-07-05 13:25:11,110.56,110.64,110.454,110.565,58333
2018-07-05 14:29:56,110.576,110.65,110.2201,110.4478,59378
2018-07-05 15:34:19,110.4478,110.59,110.371,110.52,36093
2018-07-06 09:43:24,110.501,110.76,110.48,110.7099,66404
2018-07-06 10:48:04,110.6917,111.1,110.55,111.08,39963
2018-07-06 12:07:24,111.07,111.54,111.045,111.54,62000
2018-07-06 13:25:03,111.52,111.56,111.375,111.5339,39451
2018-07-06 15:21:49,111.535,111.6,111.39,111.485,52077
2018-07-06 15:59:26,111.4834,111.55,111.2,111.4,40084
2018-07-09 10:46:36,111.4,112.24,111.35,112.2301,65264
2018-07-09 11:38:22,112.237,112.361,112.2052,112.3328,34623
2018-07-09 13:28:05,112.33,112.509,112.2562,112.355,70458
2018-07-09 15:07:12,112.355,112.43,112.289,112.38,43923
2018-07-10 09:39:45,112.38,112.77,112.28,112.73,78363
2018-07-10 10:29:27,112.73,112.8728,112.6023,112.7868,62459
2018-07-10 12:33:49,112.77,112.8699,112.6106,112.739,32884
2018-07-10 14:05:32,112.73,112.7413,112.5499,112.7408,48544
2018-07-10 15:36:29,112.705,112.8549,112.7,112.8357,45033
2018-07-11 09:34:07,112.859,112.9,112.15,112.25,62316
2018-07-11 10:21:28,112.26,112.3031,112.118,112.26,1222391
2018-07-11 11:26:41,112.28,112.38,112.11,112.11,38771
2018-07-11 12:15:46,112.1,112.1499,111.8764,111.959,53068
2018-07-11 14:02:43,111.956,112.1052,111.8432,111.8742,51172
2018-07-11 15:11:13,111.868,112.0356,111.6863,111.97,34261
2018-07-11 15:59:06,111.97,112.0,111.8,111.86,31420
2018-07-12 10:25:08,111.86,112.48,111.82,112.12,73203
2018-07-12 12:27:04,112.1267,112.3,112.01,112.257,37126
2018-07-12 13:29:12,112.262,112.43,112.13,112.33,38005
2018-07-12 15:02:40,112.3231,112.3367,112.0939,112.194,62887
2018-07-12 15:55:44,112.205,112.28,112.08,112.27,32703
2018-07-13 10:59:02,112.29,112.46,112.0468,112.4502,68970
2018-07-13 11:46:22,112.4436,112.5555,112.31,112.46,45173
2018-07-13 13:20:23,112.46,112.5784,112.33,112.5233,34335
2018-07-13 14:58:47,112.525,112.5366,112.3234,112.37,41982
2018-07-16 09:34:29,112.37,112.44,112.28,112.375,46613
2018-07-16 11:01:17,112.365,112.365,112.04,112.12,52324
2018-07-16 13:13:02,112.1131,112.4371,112.1131,112.3967,38285
2018-07-16 15:03:35,112.3901,112.4348,112.22,112.2758,41607
2018-07-16 15:50:04,112.3161,112.456,112.3161,112.44,90426
2018-07-17 09:49:51,112.44,112.52,112.24,112.31,175447
2018-07-17 10:54:02,112.3436,112.56,112.32,112.5268,52153
2018-07-17 12:32:35,112.535,112.7752,112.53,112.66,39680
2018-07-17 14:11:22,112.6442,112.7744,112.6375,112.64,45249
2018-07-17 15:31:43,112.6547,112.77,112.6031,112.691,56102
2018-07-18 09:41:17,112.69,112.72,112.56,112.6006,54244
2018-07-18 10:52:43,112.5935,112.6899,112.534,112.6332,2226141
2018-07-18 12:02:02,112.63,112.9706,112.6232,112.95,53473
2018-07-18 13:57:47,112.95,113.0568,112.7751,112.7969,61101
2018-07-18 15:05:04,112.7901,112.9526,112.73,112.91,39843
2018-07-18 18:30:00,112.905,113.0,112.8894,113.0,30028
2018-07-19 10:36:47,112.76,112.83,112.43,112.5762,61736
2018-07-19 12:39:04,112.58,112.8,112.58,112.7367,48770
2018-07-19 13:40:58,112.728,112.8342,112.58,112.8342,44073
2018-07-19 14:43:36,112.8332,112.9498,112.789,112.885,46523
2018-07-19 15:50:00,112.875,112.89,112.64,112.66,34433
2018-07-20 09:31:45,112.65,112.68,112.28,112.31,132417
2018-07-20 10:06:19,112.3025,112.4369,112.26,112.3799,34221
2018-07-20 11:01:35,112.3537,112.47,112.2852,112.359,37556
2018-07-20 12:03:42,112.3428,112.529,112.2769,112.49,40641
2018-07-20 13:25:31,112.5,112.55,112.41,112.415,30767
2018-07-20 14:58:33,112.3401,112.519,112.27,112.42,46595
2018-07-20 15:54:19,112.41,112.47,112.33,112.34,43420
2018-07-23 10:07:55,112.34,112.603,112.33,112.48,2229686
2018-07-23 11:26:41,112.48,112.515,112.2449,112.4816,38628
2018-07-23 12:43:02,112.497,112.7,112.48,112.69,54824
2018-07-23 13:50:04,112.709,112.7215,112.6201,112.6631,51451
2018-07-23 14:44:33,112.6616,112.71,112.64,112.6767,53171
2018-07-23 15:50:59,112.6865,112.7019,112.62,112.66,31376
2018-07-24 09:43:21,112.647,113.13,112.55,113.13,78692
2018-07-24 10:44:24,113.13,113.2829,113.0354,113.2639,55186
2018-07-24 11:48:07,113.2548,113.3252,112.99,113.11,49061
2018-07-24 12:47:25,113.09,113.36,113.09,113.33,52308
2018-07-24 13:53:15,113.33,113.35,112.93,113.01,36015
2018-07-24 14:47:03,113.01,113.05,112.8234,112.96,37640
2018-07-24 15:29:18,112.96,113.004,112.8401,112.97,52703
2018-07-24 15:59:47,112.98,113.14,112.9337,113.12,38352
2018-07-25 10:36:45,113.11,113.13,112.861,113.051,51708
2018-07-25 11:22:51,113.0599,113.0616,112.8,112.94,45772
2018-07-25 13:23:24,112.9516,113.05,112.89,112.9434,46023
2018-07-25 14:20:49,112.9484,113.19,112.8998,113.13,36327
2018-07-25 15:36:21,113.1201,113.244,113.075,113.23,46882
2018-07-25 15:47:43,113.24,113.5635,113.2,113.52,37589
2018-07-25 15:59:59,113.53,113.74,113.51,113.62,46051
2018-07-26 09:43:44,113.66,114.37,113.65,114.33,72302
2018-07-26 10:37:21,114.27,114.45,114.16,114.27,38537
2018-07-26 12:24:06,114.2939,114.4499,114.255,114.31,38128
2018-07-26 14:21:56,114.308,114.3535,114.17,114.2125,42710
2018-07-26 15:22:12,114.2235,114.3399,114.133,114.2,53923
2018-07-27 09:33:10,114.2,114.31,114.07,114.16,68373
2018-07-27 09:57:15,114.16,114.3,114.16,114.24,115615
2018-07-27 10:54:22,114.215,114.319,114.1392,114.16,55282
2018-07-27 12:02:39,114.1244,114.2369,114.07,114.08,46971
2018-07-27 12:49:42,114.06,114.14,113.89,113.91,38361
2018-07-27 13:39:54,113.9028,113.9446,113.67,113.85,37350
2018-07-27 14:27:36,113.84,113.92,113.75,113.7866,42329
2018-07-27 15:28:00,113.7999,113.9568,113.74,113.88,38058
2018-07-27 15:51:40,113.88,114.0,113.88,113.97,47372
2018-07-30 09:35:14,113.97,114.25,113.9131,114.17,72220
2018-07-30 09:53:23,114.17,114.54,114.15,114.48,61501
2018-07-30 10:15:15,114.48,114.61,114.31,114.31,48596
2018-07-30 10:59:45,114.3,114.5745,114.3,114.415,66372
2018-07-30 12:00:08,114.41,114.48,114.329,114.36,46554
2018-07-30 12:56:25,114.36,114.36,114.21,114.32,36408
2018-07-30 14:04:19,114.3328,114.52,114.2,114.4865,44256
2018-07-30 14:58:07,114.4932,114.52,114.33,114.33,72879
2018-07-30 15:45:01,114.3,114.3842,114.15,114.15,42286
2018-07-31 09:37:11,114.14,114.62,114.13,114.36,90361
2018-07-31 10:01:25,114.36,114.55,114.31,114.4999,56267
2018-07-31 10:36:33,114.49,114.686,114.41,114.522,66639
2018-07-31 11:24:02,114.5065,114.5703,114.4116,114.5703,61633
2018-07-31 12:11:32,114.56,114.67,114.5167,114.67,56290
2018-07-31 13:01:25,114.67,114.79,114.6399,114.729,48534
2018-07-31 13:49:30,114.73,114.79,114.66,114.72,56975
2018-07-31 14:38:17,114.7235,114.73,114.5948,114.631,69936
2018-07-31 15:06:47,114.6358,114.73,114.56,114.56,77111
2018-07-31 15:42:35,114.56,114.59,114.4934,114.5566,49481
2018-07-31 15:52:43,114.55,114.58,114.42,114.48,58303
2018-08-01 09:40:38,114.4831,114.63,114.33,114.36,1353875
2018-08-01 10:53:14,114.36,114.45,114.2,114.38,38399
2018-08-01 12:00:11,114.38,114.449,114.0,114.0,48980
2018-08-01 13:19:28,113.99,114.0,113.785,113.8904,42851
2018-08-01 14:00:55,113.9101,113.9315,113.78,113.8965,42619
2018-08-01 15:22:33,113.9359,113.9966,113.7482,113.96,42467
2018-08-01 15:46:19,113.96,114.0301,113.9249,114.0,80113
2018-08-02 09:40:40,114.015,114.015,113.109,113.26,57260
2018-08-02 10:06:14,113.289,113.55,113.15,113.55,55868
2018-08-02 10:42:06,113.53,113.64,113.4636,113.56,46786
2018-08-02 11:19:04,113.56,113.56,113.3595,113.51,43707
2018-08-02 11:58:27,113.51,113.67,113.5,113.66,146156
2018-08-02 12:34:05,113.7,113.8999,113.66,113.8231,69645
2018-08-02 13:25:54,113.82,113.95,113.81,113.8801,42906
2018-08-02 14:42:30,113.8878,114.05,113.8837,113.9566,47769
2018-08-02 15:43:09,113.939,114.02,113.89,114.01,65659
2018-08-03 09:32:25,114.02,114.11,113.92,114.11,81836
2018-08-03 10:01:45,114.11,114.445,114.1,114.26,67068
2018-08-03 11:37:29,114.25,114.5249,114.22,114.42,41541
2018-08-03 13:50:28,114.3766,114.5973,114.29,114.54,44810
2018-08-03 15:15:07,114.529,114.69,114.529,114.689,37336
2018-08-03 15:56:58,114.68,114.76,114.65,114.71,39815
2018-08-06 09:48:17,114.7034,114.789,114.57,114.76,152541
2018-08-06 10:51:02,114.7,114.94,114.6716,114.91,49229
2018-08-06 12:11:02,114.91,115.1601,114.9,115.1444,46198
2018-08-06 13:09:52,115.1499,115.2808,115.1472,115.28,35981
2018-08-06 14:38:41,115.273,115.273,115.04,115.1072,36380
2018-08-06 15:47:40,115.1066,115.1572,114.9766,114.98,54356
2018-08-07 09:44:31,114.98,115.34,114.97,115.33,55301
2018-08-07 10:24:13,115.33,115.462,115.3167,115.4079,46483
2018-08-07 11:31:26,115.419,115.6007,115.3869,115.5,44239
2018-08-07 12:26:20,115.5,115.6199,115.4864,115.6199,42660
2018-08-07 13:31:49,115.605,115.61,115.5039,115.52,73841
2018-08-07 14:35:49,115.5236,115.55,115.47,115.4922,52206
2018-08-07 15:32:55,115.47,115.55,115.46,115.4845,51364
2018-08-08 09:30:18,115.4844,115.4999,115.2656,115.2656,65644
2018-08-08 10:53:31,115.22,115.27,115.0303,115.15,45216
2018-08-08 12:43:55,115.1567,115.25,115.066,115.16,44224
2018-08-08 14:26:41,115.1568,115.2964,115.1,115.2409,817214
2018-08-08 15:37:48,115.2561,115.3454,115.2195,115.31,43824
2018-08-09 09:42:48,115.3042,115.3268,115.06,115.1099,66317
2018-08-09 10:59:11,115.05,115.2365,115.04,115.131,38639
2018-08-09 12:36:37,115.1332,115.2137,114.898,114.9908,40479
2018-08-09 14:35:29,115.0,115.0958,114.975,115.0672,27236
2018-08-09 15:41:21,115.061,115.0745,114.99,115.0001,58854
2018-08-09 15:59:58,114.9965,115.01,114.81,114.89,43219
2018-08-10 10:00:06,114.89,114.89,114.05,114.1,70706
2018-08-10 11:21:27,114.0937,114.3401,114.0084,114.269,45260
2018-08-10 13:22:02,114.3,114.4,114.0893,114.1307,42986
2018-08-10 14:48:02,114.161,114.185,113.8931,113.9653,39889
2018-08-10 15:43:11,113.9764,114.31,113.86,114.087,52991
2018-08-13 10:15:25,114.12,114.2723,114.03,114.19,69970
2018-08-13 11:44:42,114.1801,114.2338,113.8458,113.8833,75834
2018-08-13 12:45:30,113.89,113.89,113.48,113.558,38418
2018-08-13 13:25:45,113.5158,113.61,113.35,113.6022,32285
2018-08-13 14:36:59,113.59,113.859,113.55,113.74,55305
2018-08-13 15:12:33,113.75,113.7633,113.6031,113.68,45180
2018-08-13 15:55:17,113.68,113.75,113.4547,113.51,47831
2018-08-14 09:55:41,113.51,114.16,113.45,114.11,62209
2018-08-14 11:06:40,114.1231,114.36,113.92,114.2852,35502
2018-08-14 12:41:08,114.2916,114.32,114.14,114.3068,42857
2018-08-14 14:32:15,114.32,114.39,114.17,114.3265,81753
2018-08-14 15:43:45,114.32,114.375,114.28,114.2848,43531
2018-08-15 09:47:25,114.28,114.29,113.3131,113.3131,118152
2018-08-15 10:13:48,113.3031,113.3235,113.041,113.17,43999
2018-08-15 10:55:55,113.17,113.2,112.9,112.9,49472
2018-08-15 11:33:11,112.9,113.33,112.9,113.299,42884
2018-08-15 13:00:32,113.37,113.49,113.1961,113.4366,54059
2018-08-15 14:00:36,113.43,113.5,113.205,113.205,34803
2018-08-15 14:31:47,113.1919,113.245,113.01,113.04,73777
2018-08-15 15:32:53,113.02,113.43,113.02,113.43,45268
2018-08-16 08:04:29,113.44,114.05,113.41,114.05,60586
2018-08-16 10:21:51,114.05,114.415,114.05,114.3265,47774
2018-08-16 12:06:05,114.35,114.8501,114.3433,114.8501,45270
2018-08-16 14:02:13,114.88,114.987,114.7341,114.805,37643
2018-08-16 15:18:54,114.8135,114.8964,114.697,114.8881,58025
2018-08-16 15:54:21,114.8821,114.92,114.66,114.66,98463
2018-08-17 09:50:07,114.68,114.878,114.65,114.85,66993
2018-08-17 10:54:58,114.8272,115.09,114.8272,115.0406,55696
2018-08-17 12:38:58,115.0607,115.209,115.01,115.1,41081
2018-08-17 14:05:00,115.1064,115.41,115.04,115.41,51000
2018-08-17 14:48:34,115.41,115.4859,115.33,115.44,73764
2018-08-17 15:50:00,115.4474,115.5547,115.33,115.34,44331
2018-08-20 09:39:04,115.34,115.65,114.44,115.65,65004
2018-08-20 10:08:19,115.65,115.79,115.65,115.7608,45344
2018-08-20 11:08:28,115.7753,115.7799,115.6075,115.6465,40363
2018-08-20 12:43:22,115.7084,115.8799,115.6623,115.77,29456
2018-08-20 14:33:16,115.7899,115.81,115.69,115.7446,34402
2018-08-20 15:48:09,115.7467,115.8676,115.71,115.8653,32950
2018-08-21 09:31:39,115.86,116.03,115.73,116.01,45287
2018-08-21 10:14:19,116.0062,116.2302,116.0062,116.205,58145
2018-08-21 12:02:39,116.1928,116.3264,116.1,116.3264,43043
2018-08-21 13:35:06,116.3299,116.4099,116.3,116.405,34504
2018-08-21 14:49:55,116.4152,116.4299,116.235,116.2366,35999
2018-08-21 15:45:16,116.23,116.337,116.05,116.05,39399
2018-08-22 09:30:49,116.129,116.1868,115.93,115.94,49015
2018-08-22 09:53:27,115.93,116.01,115.73,115.73,39684
2018-08-22 11:29:37,115.73,116.0418,115.73,116.0361,38838
2018-08-22 13:59:36,116.0357,116.0545,115.8843,115.905,36463
2018-08-22 14:36:31,115.917,116.05,115.76,115.8069,96861
2018-08-22 15:51:37,115.8,115.88,115.7569,115.8,57158
2018-08-23 09:53:26,115.8,115.83,115.4727,115.64,65100
2018-08-23 10:57:32,115.68,115.78,115.54,115.5963,31699
2018-08-23 11:57:38,115.59,115.615,115.34,115.4527,47486
2018-08-23 13:57:22,115.4452,115.4953,115.33,115.3477,34528
2018-08-23 15:11:12,115.33,115.4416,115.33,115.4416,41431
2018-08-23 15:59:48,115.449,115.449,115.335,115.43,41127
2018-08-24 10:41:20,115.43,115.9,115.43,115.8851,59943
2018-08-24 12:05:40,115.88,116.0179,115.81,116.0179,35161
2018-08-24 13:50:40,116.0334,116.05,115.79,115.8757,31778
2018-08-24 15:48:34,115.8765,115.94,115.8471,115.9345,38383
2018-08-27 09:51:53,115.9324,116.692,115.85,116.692,37625
2018-08-27 11:12:14,116.695,116.7555,116.53,116.59,49005
2018-08-27 12:31:28,116.5734,116.79,116.5734,116.77,42863
2018-08-27 13:06:02,116.7778,116.81,116.73,116.75,41573
2018-08-27 14:06:22,116.75,116.75,116.68,116.72,58943
2018-08-27 14:37:30,116.68,116.779,116.68,116.77,51624
2018-08-27 15:17:33,116.7765,116.779,116.66,116.67,47204
2018-08-27 15:41:26,116.675,116.7,116.63,116.68,56217
2018-08-27 15:59:53,116.68,116.71,116.62,116.68,46871
2018-08-28 09:48:04,116.69,116.95,116.68,116.91,60687
2018-08-28 11:10:50,116.91,116.929,116.72,116.81,160124
2018-08-28 12:25:09,116.81,116.83,116.54,116.5747,35249
2018-08-28 14:01:17,116.5866,116.71,116.545,116.67,55797
2018-08-28 15:05:18,116.6631,116.6896,116.61,116.62,39266
2018-08-28 15:55:02,116.635,116.7,116.5,116.5278,55885
2018-08-29 09:43:21,116.54,116.7378,116.431,116.48,60163
2018-08-29 10:46:09,116.48,116.7265,116.39,116.6933,100382
2018-08-29 11:51:52,116.6971,117.03,116.6791,116.95,77291
2018-08-29 13:54:49,116.95,117.0536,116.8051,116.8232,37457
2018-08-29 15:17:07,116.8259,116.919,116.81,116.919,82733
2018-08-29 15:59:03,116.919,117.019,116.82,116.88,51870
2018-08-30 10:03:57,116.88,116.89,116.588,116.665,59836
2018-08-30 11:08:18,116.66,116.69,116.42,116.42,73065
2018-08-30 11:45:05,116.42,116.4399,116.24,116.28,119747
2018-08-30 12:34:47,116.2899,116.32,116.24,116.32,141653
2018-08-30 14:05:17,116.32,116.49,116.28,116.44,51050
2018-08-30 14:30:19,116.41,116.43,116.03,116.1302,34180
2018-08-30 15:08:16,116.1229,116.275,116.0164,116.02,37542
2018-08-30 15:52:15,116.07,116.21,116.03,116.1697,32846
2018-08-31 09:30:07,116.155,116.25,115.92,115.92,52263
2018-08-31 10:16:55,115.92,116.1643,115.7995,116.1643,30520
2018-08-31 11:22:21,116.16,116.229,115.89,115.89,110879
2018-08-31 12:31:17,115.89,115.9462,115.68,115.68,50778
2018-08-31 13:21:53,115.68,115.8,115.58,115.7874,46120
2018-08-31 14:35:22,115.7969,115.849,115.6943,115.759,27804
2018-08-31 15:43:35,115.76,116.0749,115.7333,116.01,44632
2018-09-04 09:43:47,116.01,116.15,115.72,115.8,57069
2018-09-04 10:14:07,115.79,115.95,115.58,115.95,30423
2018-09-04 11:07:55,115.97,116.1,115.8827,115.9179,30267
2018-09-04 12:23:17,115.889,115.9137,115.56,115.58,30338
2018-09-04 13:10:55,115.58,115.79,115.55,115.77,36572
2018-09-04 14:25:59,115.75,115.9325,115.72,115.9199,49569
2018-09-04 15:31:15,115.909,115.95,115.8,115.8,43696
2018-09-05 09:36:01,115.81,115.93,115.616,115.64,60958
2018-09-05 10:21:01,115.64,116.01,115.64,115.74,54576
2018-09-05 11:31:53,115.72,116.214,115.72,115.93,41510
2018-09-05 12:32:24,115.93,116.27,115.93,116.23,42244
2018-09-05 14:02:20,116.23,116.36,116.14,116.2736,39005
2018-09-05 15:13:44,116.2522,116.379,116.2101,116.36,41252
2018-09-05 15:41:15,116.362,116.4501,116.362,116.3775,53032
2018-09-05 15:44:34,116.375,116.399,116.34,116.345,62127
2018-09-05 15:49:09,116.345,116.37,116.28,116.33,62748
2018-09-05 15:54:09,116.33,116.36,116.27,116.3325,61512
2018-09-05 15:57:29,116.335,116.4,116.3238,116.39,119416
2018-09-05 15:59:03,116.39,116.47,116.39,116.46,80429
2018-09-06 09:39:37,116.47,116.47,116.34,116.42,206701
2018-09-06 10:12:26,116.41,116.63,116.41,116.46,37382
2018-09-06 10:48:28,116.47,116.47,116.12,116.14,37297
2018-09-06 11:32:48,116.15,116.23,115.92,116.0368,40190
2018-09-06 11:57:47,116.0401,116.14,115.95,116.14,31455
2018-09-06 13:43:54,116.14,116.1401,115.81,116.05,34644
2018-09-06 14:47:32,116.0058,116.2199,115.9741,116.2199,50751
2018-09-06 15:37:26,116.21,116.32,116.11,116.239,36440
2018-09-07 09:32:32,116.2358,116.2358,115.61,115.61,66152
2018-09-07 10:31:57,115.61,115.95,115.61,115.835,38260
2018-09-07 11:53:20,115.8333,116.0699,115.78,116.0131,37642
2018-09-07 12:10:44,115.9928,115.998,115.59,115.675,36499
2018-09-07 13:09:23,115.675,115.74,115.5,115.6037,39056
2018-09-07 14:52:51,115.58,115.84,115.57,115.77,50152
2018-09-07 15:47:56,115.8,115.9001,115.76,115.7651,39896
2018-09-10 10:04:07,115.7772,116.65,115.75,116.43,54989
2018-09-10 12:04:28,116.3855,116.4799,116.2001,116.23,32198
2018-09-10 14:05:07,116.2,116.22,116.1001,116.2121,29548
2018-09-10 15:22:43,116.2202,116.2955,116.1927,116.21,43151
2018-09-11 09:35:13,116.209,116.23,115.6958,115.7773,48406
2018-09-11 10:44:18,115.75,116.006,115.63,115.89,47606
2018-09-11 12:21:39,115.89,116.36,115.89,116.32,43391
2018-09-11 14:21:21,116.3281,116.45,116.285,116.3276,45519
2018-09-11 15:41:57,116.326,116.36,116.255,116.2699,32047
2018-09-12 09:45:55,116.27,116.48,116.05,116.48,58865
2018-09-12 11:12:29,116.4728,116.57,116.29,116.32,40644
2018-09-12 11:48:55,116.32,116.6401,116.32,116.37,35780
2018-09-12 12:54:59,116.37,116.4,116.2,116.3329,39095
2018-09-12 14:29:00,116.3205,116.4,116.23,116.315,42352
2018-09-12 15:29:11,116.31,116.449,116.27,116.449,43959
2018-09-13 09:33:19,116.45,116.72,116.32,116.61,44748
2018-09-13 10:15:59,116.6342,116.8181,116.47,116.71,43048
2018-09-13 10:26:36,116.7,116.73,116.56,116.6301,30405
2018-09-13 11:33:50,116.6199,116.6327,116.3,116.31,65988
2018-09-13 13:42:13,116.31,116.61,116.31,116.6,48325
2018-09-13 15:10:39,116.595,116.6728,116.52,116.63,33121
2018-09-13 15:59:24,116.64,116.6617,116.52,116.61,47592
2018-09-14 10:27:33,116.61,116.73,116.453,116.521,63134
2018-09-14 12:00:40,116.5356,116.84,116.534,116.81,98077
2018-09-14 12:49:14,116.8,116.81,116.56,116.5969,39456
2018-09-14 14:34:02,116.59,116.6826,116.515,116.6707,84342
2018-09-14 15:52:26,116.663,116.82,116.663,116.8,42172
2018-09-17 09:50:52,116.8,117.05,115.48,116.86,50807
2018-09-17 11:12:01,116.88,117.1,116.81,116.895,36347
2018-09-17 12:29:07,116.892,116.9381,116.81,116.88,48334
2018-09-17 13:44:49,116.88,116.8801,116.6973,116.74,347595
2018-09-17 15:00:31,116.738,116.83,116.738,116.7401,148676
2018-09-17 15:57:56,116.75,116.795,116.6741,116.7,55178
2018-09-18 09:48:28,116.6931,117.08,116.6931,116.99,62504
2018-09-18 11:15:25,116.99,117.13,116.69,117.1033,28453
2018-09-18 12:40:52,117.112,117.2799,117.09,117.24,37060
2018-09-18 14:10:11,117.26,117.33,117.22,117.33,27173
2018-09-18 15:04:20,117.3233,117.4399,117.32,117.3499,43894
2018-09-18 15:55:02,117.3467,117.405,117.22,117.23,31314
2018-09-19 10:06:06,117.23,117.8,117.2175,117.8,47750
2018-09-19 10:30:40,117.7933,117.82,117.7,117.784,33489
2018-09-19 11:25:42,117.77,117.905,117.74,117.77,51229
2018-09-19 12:51:37,117.74,117.8668,117.7299,117.8234,394673
2018-09-19 14:22:57,117.8539,117.895,117.7301,117.75,40410
2018-09-19 15:45:06,117.76,117.76,117.6501,117.68,62614
2018-09-20 09:32:30,117.685,118.2501,117.63,118.25,90941
2018-09-20 09:44:33,118.26,118.37,118.2,118.2,37614
2018-09-20 10:07:50,118.2,118.208,118.02,118.02,33937
2018-09-20 10:59:02,118.01,118.208,117.9927,118.115,38632
2018-09-20 12:21:22,118.13,118.39,118.13,118.3744,43127
2018-09-20 13:47:12,118.3735,118.499,118.3399,118.3965,29317
2018-09-20 14:40:51,118.3965,118.4799,118.39,118.43,39867
2018-09-20 15:18:11,118.42,118.5609,118.38,118.5609,40364
2018-09-20 15:50:01,118.5515,118.5515,118.385,118.39,49341
2018-09-21 09:46:06,118.3799,118.8,118.3499,118.76,46982
2018-09-21 11:01:54,118.76,118.8123,118.63,118.6681,36819
2018-09-21 12:28:43,118.661,118.699,118.59,118.64,35499
2018-09-21 13:52:24,118.64,118.705,118.55,118.5595,34759
2018-09-21 15:10:32,118.53,118.639,118.53,118.615,36488
2018-09-21 15:59:57,118.62,118.67,118.4637,118.52,52936
2018-09-24 10:12:00,118.51,118.61,118.08,118.08,66133
2018-09-24 10:41:21,118.0833,118.1,117.69,117.775,34987
2018-09-24 11:05:04,117.78,117.88,117.73,117.8204,40685
2018-09-24 11:48:09,117.825,117.849,117.7,117.74,51266
2018-09-24 12:27:27,117.74,117.76,117.6231,117.68,36947
2018-09-24 13:05:55,117.6833,117.7,117.57,117.6037,40526
2018-09-24 13:34:37,117.58,117.62,117.51,117.62,40624
2018-09-24 14:00:13,117.605,117.65,117.58,117.62,40050
2018-09-24 14:15:11,117.62,117.73,117.5967,117.73,77066
2018-09-24 14:40:32,117.7331,117.7599,117.6501,117.735,56869
2018-09-24 15:21:12,117.74,117.77,117.7,117.72,44707
2018-09-24 15:50:09,117.73,117.7345,117.65,117.71,42255
2018-09-25 09:35:00,117.7,117.98,117.65,117.92,81943
2018-09-25 10:59:26,117.92,117.9727,117.7049,117.73,36110
2018-09-25 12:53:57,117.71,117.7799,117.5968,117.6201,25069
2018-09-25 14:09:33,117.6444,117.65,117.32,117.379,42411
2018-09-25 15:23:15,117.379,117.469,117.28,117.341,45083
2018-09-25 15:57:25,117.3499,117.4,117.19,117.19,43128
2018-09-26 09:43:14,117.185,117.28,116.57,116.78,66083
2018-09-26 11:12:30,116.81,116.81,116.5299,116.7363,33410
2018-09-26 13:01:57,116.738,116.8027,116.6501,116.7972,36343
2018-09-26 14:06:10,116.7959,116.87,116.69,116.82,35598
2018-09-26 14:56:58,116.81,116.8899,116.5626,116.61,31554
2018-09-26 15:24:33,116.61,116.62,116.45,116.58,35038
2018-09-26 15:50:00,116.5566,116.565,115.87,115.94,44328
2018-09-26 16:00:18,115.94,116.03,115.8701,115.99,49307
2018-09-27 10:35:45,116.0,116.345,115.8,116.345,34818
2018-09-27 12:27:12,116.365,116.6037,116.2921,116.502,28345
2018-09-27 14:18:27,116.5137,116.5601,116.1951,116.238,30823
2018-09-27 15:50:01,116.23,116.25,115.8767,115.92,41271
2018-09-28 10:02:10,115.93,116.0145,115.46,115.8519,49952
2018-09-28 11:15:19,115.83,116.083,115.74,116.06,36502
2018-09-28 12:51:17,116.0343,116.11,115.86,115.9099,27279
2018-09-28 14:00:48,115.9311,116.1429,115.9311,116.0608,43136
2018-09-28 15:31:16,115.97,116.0373,115.825,115.8333,32193
2018-09-28 15:58:28,115.8336,115.88,115.74,115.77,38701
2018-10-01 09:35:48,115.7799,116.49,115.7799,116.44,57978
2018-10-01 10:04:50,116.42,116.6669,116.31,116.6669,70734
2018-10-01 11:44:15,116.7,116.7,116.4975,116.5756,54040
2018-10-01 13:18:34,116.585,116.62,116.3108,116.408,69250
2018-10-01 14:34:32,116.42,116.46,116.29,116.4101,91450
2018-10-01 15:50:00,116.4136,116.46,116.08,116.2,51549
2018-10-02 10:06:10,116.2,116.6,116.19,116.28,53117
2018-10-02 11:01:36,116.2968,116.33,116.0348,116.3001,44963
2018-10-02 12:22:53,116.3663,116.599,116.2871,116.4799,55073
2018-10-02 14:05:42,116.505,116.67,116.505,116.6649,37887
2018-10-02 14:57:53,116.6664,116.715,116.55,116.55,39515
2018-10-02 15:24:23,116.5499,116.55,116.4,116.4214,38043
2018-10-02 15:59:55,116.4468,116.57,116.4468,116.53,48933
2018-10-03 10:03:18,116.53,117.05,116.51,116.84,55476
2018-10-03 11:00:56,116.84,117.115,116.84,116.96,37995
2018-10-03 12:05:44,116.955,117.0519,116.8333,116.99,28567
2018-10-03 13:27:03,116.99,117.0936,116.95,116.98,40751
2018-10-03 14:15:43,116.9968,117.1025,116.96,117.07,35541
2018-10-03 14:40:06,117.06,117.06,116.703,116.76,31573
2018-10-03 15:16:51,116.76,116.76,116.5134,116.61,38549
2018-10-03 15:43:48,116.5973,116.5976,116.44,116.585,50962
2018-10-04 09:32:42,116.5766,116.6653,116.43,116.59,58574
2018-10-04 09:58:27,116.585,116.85,116.5,116.65,404520
2018-10-04 10:22:31,116.65,116.67,116.406,116.45,32263
2018-10-04 11:05:57,116.4829,116.629,116.3,116.6047,31104
2018-10-04 11:42:53,116.6,116.62,116.34,116.38,60180
2018-10-04 12:06:58,116.365,116.46,116.2373,116.35,34957
2018-10-04 12:48:24,116.3,116.42,116.03,116.3699,38396
2018-10-04 13:15:58,116.3615,116.379,116.06,116.065,32301
2018-10-04 14:01:44,116.06,116.1859,115.927,116.01,51265
2018-10-04 14:47:19,116.01,116.25,115.88,116.17,22445
2018-10-04 15:44:00,116.13,116.4899,116.13,116.3582,41368
2018-10-05 09:31:52,116.373,116.745,116.373,116.745,61003
2018-10-05 10:02:32,116.72,116.88,116.65,116.8437,35764
2018-10-05 10:48:58,116.8425,116.8667,116.556,116.585,24999
2018-10-05 11:24:59,116.54,116.6101,116.38,116.47,27696
2018-10-05 11:59:54,116.48,116.48,115.99,115.99,25305
2018-10-05 12:35:52,115.97,116.19,115.96,115.96,22242
2018-10-05 13:26:11,115.96,116.139,115.841,115.8694,29062
2018-10-05 14:21:02,115.87,116.14,115.7937,116.1167,48819
2018-10-05 14:56:39,116.09,116.1633,116.02,116.06,30316
2018-10-05 15:37:49,116.07,116.22,116.03,116.0565,38178
2018-10-05 15:57:06,116.02,116.32,115.98,116.21,36625
2018-10-05 18:30:00,116.2,116.2425,116.14,116.22,88781
